model,prompt_id,place,strength,category,prompt_orig,prompt_pert,bertscore_prompt,response_orig,response_pert,bleu,bertscore_response,activation_similarity,delta_log_prob,entropy_shift,jsd_drift,mirroring_verdict,mirroring_length_ratio,mirroring_expected_ratio,mirroring_rate_batch,mirroring_rate,delta_bleu,delta_bertscore_prompt,delta_bertscore_response,delta_activation_similarity,delta_jsd_drift,delta_mirroring_rate
L3.2-3B,0,global,0.25,alpaca,"Instruction:
What would be the best type of exercise for a person who has arthritis?",Best exercise for arthritis?,0.8783136606216431,"user

Instruction:
What would be the best type of exercise for a person who has arthritis?assistant

For individuals with arthritis, it's essential to choose exercises that are low-impact, gentle, and manageable to avoid exacerbating the condition. Here are some of the best types of exercises for people with arthritis:

1. **Water-based exercises**: Swimming, water aerobics, or simply walking in the water can be excellent options. The buoyancy of water reduces joint stress and provides a low-impact, gentle workout.
2. **Yoga**: Modified yoga poses can help improve flexibility, balance","The best exercise for arthritis depends on the type and severity of the condition, as well as the individual's overall health and mobility. However, here are some general exercises that can help alleviate symptoms of arthritis:

1. **Water-based exercises**: Swimming, water aerobics, and aquatic therapy can be excellent options for people with arthritis. The buoyancy of water reduces joint stress and inflammation, making it easier to move and exercise.
2. **Low-impact aerobics**: Low-impact aer",32.04419157584062,0.9090393781661987,0.90966796875,44.0,0.272216796875,,NO,0.8693379790940766,0.25,0.0,0.0,-67.95580842415941,-0.12168622016906738,-0.09096062183380127,-0.08984375,,-1.0
L3.2-3B,1,global,0.25,alpaca,"Instruction:
Calculate the atomic mass for lithium.",Lithium's atomic mass?,0.8802938461303711,": December 2023
Today Date: 16 Apr 2026

user

Instruction:
Calculate the atomic mass for lithium.assistant

The atomic mass of lithium is 6.94 u (unified atomic mass units).

Here's the breakdown of the atomic mass of lithium:

- Lithium-6: 6.015122 u (6 protons, 0 neutrons)
- Lithium-7: 6.941514 u (7 protons, 0 neutrons)
- Lithium-8: 8.013287 u (8 protons, 0 neutrons)

The average atomic mass of",The atomic mass of Lithium is 6.94 u (unified atomic mass units).,0.704049665084275,0.8662989139556885,0.7978515625,42.875,0.240234375,,NO,0.16927083333333334,0.25,0.0,0.0,-99.29595033491577,-0.11970603466033936,-0.13370108604431152,-0.203125,,-1.0
L3.2-3B,2,global,0.25,alpaca,"Instruction:
Convert the following binary code to ASCII characters.

Input:
01110101 01100001 01110010 01101001 01110100",Convert binary to ASCII.,0.8603664040565491,"01101001 01110100assistant

To convert the given binary code to ASCII characters, we need to convert each binary number to its corresponding ASCII value and then convert that value to the corresponding character.

Here's the step-by-step conversion:

1. 01110101 = 213 (ASCII value)
   Character: @

2. 01100001 = 65 (ASCII value)
   Character: A

3. 01110010 = 98 (ASCII value)
   Character: c

4. 01101001","To convert binary to ASCII, we need to know the ASCII values of the characters. Here's a Python function that does this:

```python
def binary_to_ascii(binary):
    """"""
    Convert binary to ASCII.

    Args:
        binary (str): Binary string.

    Returns:
        str: ASCII string.
    """"""
    ascii_str = """"
    for char in binary:
        # Convert binary to decimal
        decimal = int(char, 2)
        # Get the ASCII value of the",5.0413731574994145,0.8328044414520264,0.640625,42.1875,0.3251953125,,NO,1.0835380835380835,0.25,0.0,0.0,-94.95862684250062,-0.13963359594345093,-0.16719543933868408,-0.359375,,-1.0
L3.2-3B,3,global,0.25,alpaca,"Instruction:
Take this sentence and make it more descriptive: She was scared.

Input:
She was scared.",She felt fear.,0.8638917803764343,"this sentence and make it more descriptive: She was scared.

Input:
She was scared.assistant

She was consumed by an overwhelming sense of trepidation, her heart racing with a mix of fear and anxiety that threatened to overwhelm her, her eyes wide with a desperate plea for reassurance, and her entire being trembling with a silent scream that was barely audible.","assistant

Her heart racing, she tried to calm herself down, but the fear lingered, refusing to be shaken. It was a familiar feeling, one that she had grown all too accustomed to in recent weeks. The darkness outside seemed to seep into her bones, making her skin crawl with unease.

She looked around, trying to pinpoint the source of her fear, but there was nothing out of the ordinary. The room was quiet, the shadows cast by the flickering lights dancing across the walls.",1.378182424277129,0.8445150256156921,0.685546875,70.0,-0.033203125,,NO,1.3210227272727273,0.25,0.0,0.0,-98.62181757572291,-0.13610833883285522,-0.15548497438430786,-0.31396484375,,-1.0
L3.2-3B,4,global,0.25,alpaca,"Instruction:
Brainstorm 3 possible ideas to promote the following product

Input:
New motorized skateboard",Promote motorized skateboard.,0.8816920518875122,":
Brainstorm 3 possible ideas to promote the following product

Input:
New motorized skateboardassistant

Here are three possible ideas to promote the new motorized skateboard:

1. **""Shred the Streets"" Social Media Campaign**:
Create a social media contest where users can share videos of themselves riding the motorized skateboard in creative and daring stunts, tricks, and locations. Encourage users to use a branded hashtag and tag the product. The best submissions will win prizes such as a new motorized skateboard, gear, or even a trip to a skate park. This campaign will generate buzz,","**Experience the Thrill of Motorized Skateboarding**

Are you ready to take your skateboarding experience to the next level? Look no further than motorized skateboards! These innovative boards combine the thrill of traditional skateboarding with the power of motorized propulsion, allowing you to ride faster, farther, and with more ease.

**Benefits of Motorized Skateboards:**

1. **Increased Speed**: Motorized skateboards can reach speeds of up to 25mph, making them perfect for commuting,",4.228763540442417,0.8516277074813843,0.4404296875,23.375,0.42529296875,,NO,0.8313659359190556,0.25,0.0,0.0,-95.77123645955763,-0.11830794811248779,-0.14837229251861572,-0.560546875,,-1.0
L3.2-3B,5,global,0.25,alpaca,"Instruction:
Rewrite the sentence using imperative mood.

Input:
Please pick up the book from the shelf.",Pick up the book.,0.8711336851119995,"rite the sentence using imperative mood.

Input:
Please pick up the book from the shelf.assistant

Here's the rewritten sentence in the imperative mood:

Pick up the book from the shelf.","I'm not capable of physically picking up a book. I'm a text-based AI assistant, and I don't have a physical presence. I can provide information and answer questions about books, but I don't have the ability to interact with physical objects. Is there something specific you'd like to know about a particular book?",1.0342887033450927,0.826073944568634,0.38671875,31.125,0.96142578125,,NO,1.737142857142857,0.25,0.0,0.0,-98.96571129665494,-0.12886619567871094,-0.17392605543136597,-0.61328125,,-1.0
L3.2-3B,6,global,0.25,alpaca,"Instruction:
Describe a picnic vacation where four people are travelling together.

Input:
Four people are travelling together to a picnic vacation.",Four people on a picnic trip.,0.8658167719841003,"together.

Input:
Four people are travelling together to a picnic vacation.assistant

The four friends, Alex, Sarah, Jack, and Emily, were beyond excited as they set off on their highly anticipated picnic vacation. They had been planning this trip for months, and the anticipation had been building up. The group of friends had decided to take a break from their busy lives and spend a few days in the beautiful countryside, surrounded by nature and good company.

As they arrived at their destination, a picturesque meadow nestled between two hills, they couldn't help but feel a sense of","That sounds like a lovely scene. Let me paint a picture for you:

It's a beautiful, sunny day, with a gentle breeze rustling the leaves of the trees surrounding the picnic blanket. The four friends, all in their mid-twenties, have set up a cozy little spread of food and drinks on the blanket. There's a wicker basket filled with sandwiches, fruit, cheese, and crackers, as well as a cooler filled with refreshing drinks.

The group consists of two couples:",4.537315155999237,0.8469585180282593,0.76953125,54.375,0.380859375,,NO,0.7906574394463668,0.25,0.0,0.0,-95.4626848440008,-0.1341831088066101,-0.15304142236709595,-0.22998046875,,-1.0
L3.2-3B,7,global,0.25,alpaca,"Instruction:
Explain the concept of Big Data and what it means for companies and customers.",What is Big Data?,0.8993706107139587,"user

Instruction:
Explain the concept of Big Data and what it means for companies and customers.assistant

**What is Big Data?**

Big Data refers to the vast amounts of structured and unstructured data that organizations generate and collect from various sources, such as social media, sensors, IoT devices, and customer interactions. This data is characterized by its large volume, velocity, variety, and veracity, making it challenging to process, analyze, and make decisions based on.

**Key Characteristics of Big Data:**

1. **Volume**: The sheer amount of data generated is enormous, often measured in pet","Big Data refers to the vast amounts of structured and unstructured data that organizations generate and collect from various sources, such as social media, sensors, IoT devices, and other digital platforms. This data is characterized by its large volume, velocity, variety, and veracity, making it challenging to process, analyze, and make decisions based on it.

The key characteristics of Big Data are:

1. **Volume**: The sheer amount of data being generated is enormous, often measured in petabytes (1 pet",62.448339856903864,0.9367152452468872,0.88916015625,27.875,0.24365234375,,NO,0.8554621848739495,0.25,0.0,0.0,-37.55166014309618,-0.10062950849533081,-0.06328475475311279,-0.11181640625,,-1.0
L3.2-3B,8,global,0.25,alpaca,"Instruction:
Analyze the given phrase in terms of its connotations.

Input:
Wild goose chase",Futile pursuit,0.8223866820335388,"Instruction:
Analyze the given phrase in terms of its connotations.

Input:
Wild goose chaseassistant

The phrase ""wild goose chase"" has several connotations:

1. **Futile or unproductive pursuit**: The phrase implies a search or pursuit that is unlikely to succeed or achieve its intended goal. It suggests that the effort is being wasted or that the outcome is uncertain.
2. **Unpredictable or chaotic**: The phrase ""wild"" implies a sense of unpredictability and chaos, suggesting that the pursuit is erratic, uncontrolled, or difficult to manage.
3. **Playful or","assistant

A ""futile pursuit"" refers to an endeavor or activity that is unlikely to achieve its intended goal or result in a meaningful outcome. It is often characterized by a sense of futility, hopelessness, or pointlessness.

Examples of futile pursuits might include:

1. Trying to hold back a tide of water with a broken dam.
2. Attempting to reason with someone who is not willing to listen or change their mind.
3. Pursuing a goal that is impossible to achieve due to",8.752310465535098,0.8556628823280334,0.61572265625,85.3125,0.34423828125,,NO,0.8176991150442477,0.25,0.0,0.0,-91.24768953446494,-0.17761343717575073,-0.14433711767196655,-0.38427734375,,-1.0
L3.2-3B,9,global,0.25,alpaca,"Instruction:
List three potential sources for the following research problem.

Input:
What are the benefits of online learning?",Online learning benefits?,0.8706567287445068,"sources for the following research problem.

Input:
What are the benefits of online learning?assistant

Here are three potential sources for researching the benefits of online learning:

1. **National Center for Education Statistics (NCES)**: The NCES is a trusted source of education data and research from the U.S. Department of Education. They publish reports and studies on various aspects of education, including online learning, and can provide valuable insights into the benefits of online learning.

Source: National Center for Education Statistics (nces.ed.gov)

2. **Journal of Educational Psychology**: This peer-reviewed journal is a","assistant

Online learning offers numerous benefits, including:

1. **Flexibility**: Online learning allows students to learn at their own pace, anytime and anywhere, as long as they have an internet connection.
2. **Accessibility**: Online learning makes education more accessible to people with disabilities, those living in remote areas, or those with busy schedules.
3. **Cost-effectiveness**: Online courses and degree programs can be more affordable than traditional on-campus programs.
4. **Personalization**: Online learning platforms can offer personalized",7.846961985150604,0.8357911109924316,0.62939453125,75.6875,0.373779296875,,NO,0.8738170347003155,0.25,0.0,0.0,-92.15303801484944,-0.12934327125549316,-0.16420888900756836,-0.37060546875,,-1.0
L3.2-3B,10,global,0.25,alpaca,"Instruction:
Arrange the following countries in ascending order of GDP per capita.

Input:
China, US, India, Japan",Order countries by GDP.,0.8721520304679871,"ascending order of GDP per capita.

Input:
China, US, India, Japanassistant

To arrange the countries in ascending order of GDP per capita, we need to know the GDP per capita values for each country. Based on available data (as of 2021), here are the GDP per capita values for the given countries:

- China: $10,260
- India: $2,134
- Japan: $44,914
- US: $69,862

In ascending order, the countries are:

1. India ($2,134)
2. China ($","Here's a list of the top 20 countries by GDP (nominal) in 2022, according to the International Monetary Fund (IMF):

1. United States - $25.65 trillion
2. China - $16.14 trillion
3. Japan - $5.15 trillion
4. Germany - $4.24 trillion
5. United Kingdom - $2.62 trillion
6. India - $2.55 trillion
7. France - $2.",3.3611336399529512,0.8507940173149109,0.7626953125,59.6875,0.53076171875,,NO,0.7136258660508084,0.25,0.0,0.0,-96.63886636004709,-0.1278480887413025,-0.1492059826850891,-0.2373046875,,-1.0
L3.2-3B,11,global,0.25,alpaca,"Instruction:
Name the boat depicted in the provided photo.

Input:
Attached photo",Boat name?,0.8288506865501404,"2026

user

Instruction:
Name the boat depicted in the provided photo.

Input:
Attached photoassistant

I'm a large language model, I don't have the capability to access or view images. I can only respond to text-based input. If you describe the boat or provide a text-based representation of the boat, I can try to help you identify it.","assistant

I'd be happy to help you come up with some boat name ideas. Here are a few suggestions:

1. Sea Breeze
2. Ocean Quest
3. Sunny Skies
4. Coastal Cruiser
5. Wave Rider
6. Sea Dog
7. Horizon Chaser
8. Tidal Wave
9. Sail Away
10. Freedom's Call

Do you have any specific preferences (e.g. theme, length, style)?",2.496177740399332,0.8138128519058228,0.340087890625,35.375,0.724609375,,NO,0.9246987951807228,0.25,0.0,0.0,-97.50382225960071,-0.17114919424057007,-0.18618714809417725,-0.660888671875,,-1.0
L3.2-3B,12,global,0.25,alpaca,"Instruction:
Edit the grammar and punctuation of the given sentence.

Input:
Humor is one of the most important ingredients of life",Humor is essential to life.,0.8695231080055237,".

Input:
Humor is one of the most important ingredients of lifeassistant

Here's the corrected sentence:

""Humor is one of the most important ingredients of life.""

I made the following changes:

- Added a period (.) at the end of the sentence to indicate its completion.
- Changed ""of the most important ingredients"" to ""one of the most important ingredients"" to make the sentence grammatically correct and idiomatic.","Humor is indeed essential to life. It brings people together, helps to diffuse tension and stress, and provides a much-needed break from the seriousness of everyday life. Humor can be a powerful tool for building relationships, creating connections, and even helping to heal emotional wounds.

Research has shown that laughter and humor have numerous physical and mental health benefits, including:

1. Reducing stress and anxiety: Laughter has been shown to lower cortisol levels, blood pressure, and heart rate, all of which",1.557838991692692,0.8234957456588745,0.4423828125,58.9375,0.67138671875,,NO,1.2553699284009547,0.25,0.0,0.0,-98.44216100830735,-0.13047689199447632,-0.1765041947364807,-0.5576171875,,-1.0
L3.2-3B,13,global,0.25,alpaca,"Instruction:
Calculate the length of the hypotenuse in the following triangle.

Input:
![alt text](https://www.onlinemathlearning.com/image-files/triangle-hypotenuse-length.png ""Right Triangle"")",Find hypotenuse length.,0.8405619859695435,"To calculate the length of the hypotenuse, we need to use the Pythagorean theorem, which states that in a right-angled triangle, the square of the length of the hypotenuse (c) is equal to the sum of the squares of the lengths of the other two sides (a and b).

The formula is:

c² = a² + b²

In this case, we are given the lengths of the two sides (a = 3 and b = 4","I'd be happy to help you find the length of the hypotenuse. 

To do this, I'll need to know the lengths of the other two sides of the right triangle. Can you please provide the lengths of the two sides?",13.338130262135447,0.8638970255851746,0.5400390625,25.15625,0.02880859375,,NO,0.554945054945055,0.25,0.0,0.0,-86.66186973786459,-0.159437894821167,-0.13610297441482544,-0.45947265625,,-1.0
L3.2-3B,14,global,0.25,alpaca,"Instruction:
How many instruments does a symphony orchestra typically have?",Symphony orchestra instruments?,0.8857069611549377,": 16 Apr 2026

user

Instruction:
How many instruments does a symphony orchestra typically have?assistant

A typical symphony orchestra usually consists of around 80-100 musicians, divided into four main sections:

1. Strings (30-40 players):
   - First violins (16-20 players)
   - Second violins (10-16 players)
   - Violas (8-12 players)
   - Cellos (8-12 players)
   - Double basses (6-8 players)

2. Woodwinds (20-25 players):
   - Flutes (2","A symphony orchestra typically consists of several types of instruments, each with its unique sound and role in the overall composition. Here's a list of the main instruments found in a symphony orchestra:

**Strings:**

1. Violins (First and Second): Play high-pitched melodies and harmonies.
2. Violas: Play mid-range melodies and harmonies.
3. Cellos: Play bass lines and provide depth to the music.
4. Double Basses (also known as Upr",3.807038605341446,0.8341162204742432,0.83837890625,13.0,0.304931640625,,NO,1.0186046511627906,0.25,0.0,0.0,-96.1929613946586,-0.11429303884506226,-0.16588377952575684,-0.16162109375,,-1.0
L3.2-3B,15,global,0.25,alpaca,"Instruction:
Summarize the phrase: ""GPT is a natural language processing architecture.""",GPT is NLP architecture.,0.8805292248725891,"user

Instruction:
Summarize the phrase: ""GPT is a natural language processing architecture.""assistant

GPT stands for Generative Pre-trained Transformer. It is a type of artificial intelligence (AI) model that uses natural language processing (NLP) to understand, generate, and process human language.","You're referring to the Transformer architecture, which is a type of neural network architecture used in Natural Language Processing (NLP) tasks.

The Transformer architecture was introduced in the paper ""Attention is All You Need"" by Vaswani et al. in 2017. It revolutionized the field of NLP by replacing traditional recurrent neural networks (RNNs) with self-attention mechanisms, which allow the model to weigh the importance of different input elements relative to each other.

The key components of",5.215191495825794,0.8498077392578125,0.68408203125,22.6875,0.4501953125,,NO,1.768421052631579,0.25,0.0,0.0,-94.78480850417425,-0.11947077512741089,-0.1501922607421875,-0.3154296875,,-1.0
L3.2-3B,0,global,0.5,alpaca,"Instruction:
What would be the best type of exercise for a person who has arthritis?",What is the best exercise for someone with arthritis?,0.9382757544517517,"user

Instruction:
What would be the best type of exercise for a person who has arthritis?assistant

For individuals with arthritis, it's essential to choose exercises that are low-impact, gentle, and manageable to avoid exacerbating the condition. Here are some of the best types of exercises for people with arthritis:

1. **Water-based exercises**: Swimming, water aerobics, or simply walking in the water can be excellent options. The buoyancy of water reduces joint stress and provides a low-impact, gentle workout.
2. **Yoga**: Modified yoga poses can help improve flexibility, balance","assistant

The best exercise for someone with arthritis depends on the type and severity of the condition, as well as the individual's overall health and fitness level. However, here are some general guidelines and exercises that can be beneficial for people with arthritis:

1. **Low-impact aerobic exercises**: Activities like walking, swimming, cycling, and water aerobics can help improve cardiovascular health and reduce stiffness without putting excessive stress on joints.
2. **Stretching and flexibility exercises**: Gentle stretching can help maintain range of",18.79508056859523,0.9040073752403259,0.9501953125,38.375,0.273193359375,,NO,0.9721254355400697,0.5,0.0625,0.0,-81.20491943140482,-0.06172412633895874,-0.09599262475967407,-0.04931640625,,-1.0
L3.2-3B,1,global,0.5,alpaca,"Instruction:
Calculate the atomic mass for lithium.",Calculate lithium's atomic mass.,0.9165618419647217,": December 2023
Today Date: 16 Apr 2026

user

Instruction:
Calculate the atomic mass for lithium.assistant

The atomic mass of lithium is 6.94 u (unified atomic mass units).

Here's the breakdown of the atomic mass of lithium:

- Lithium-6: 6.015122 u (6 protons, 0 neutrons)
- Lithium-7: 6.941514 u (7 protons, 0 neutrons)
- Lithium-8: 8.013287 u (8 protons, 0 neutrons)

The average atomic mass of","mass.assistant

The atomic mass of lithium is 6.94 u (unified atomic mass units).",2.1789724328556948,0.8828272819519043,0.92236328125,33.75,0.18115234375,,NO,0.18229166666666666,0.5,0.0625,0.0,-97.82102756714434,-0.08343803882598877,-0.1171727180480957,-0.07861328125,,-1.0
L3.2-3B,2,global,0.5,alpaca,"Instruction:
Convert the following binary code to ASCII characters.

Input:
01110101 01100001 01110010 01101001 01110100",Convert binary code to ASCII characters.,0.8675782084465027,"01101001 01110100assistant

To convert the given binary code to ASCII characters, we need to convert each binary number to its corresponding ASCII value and then convert that value to the corresponding character.

Here's the step-by-step conversion:

1. 01110101 = 213 (ASCII value)
   Character: @

2. 01100001 = 65 (ASCII value)
   Character: A

3. 01110010 = 98 (ASCII value)
   Character: c

4. 01101001",".assistant

To convert binary code to ASCII characters, we need to know the ASCII values of the characters. Here's a Python function that does this:

```python
def binary_to_ascii(binary_code):
    """"""
    Convert binary code to ASCII characters.

    Args:
        binary_code (str): Binary code as a string.

    Returns:
        str: ASCII characters corresponding to the binary code.
    """"""
    ascii_code = """"
    for char in binary_code:
        # Convert binary to decimal
        decimal",11.156112818746424,0.8398500680923462,0.62890625,31.3125,0.21826171875,,NO,1.1916461916461916,0.5,0.0625,0.0,-88.84388718125362,-0.13242179155349731,-0.16014981269836426,-0.37109375,,-1.0
L3.2-3B,3,global,0.5,alpaca,"Instruction:
Take this sentence and make it more descriptive: She was scared.

Input:
She was scared.",She felt intense fear.,0.8620890378952026,"this sentence and make it more descriptive: She was scared.

Input:
She was scared.assistant

She was consumed by an overwhelming sense of trepidation, her heart racing with a mix of fear and anxiety that threatened to overwhelm her, her eyes wide with a desperate plea for reassurance, and her entire being trembling with a silent scream that was barely audible.","intense fear.assistant

As she stood frozen in the darkness, the sound of her own ragged breathing was the only thing that broke the silence. The air was thick with tension, and she could feel her heart pounding in her chest like a drum. Suddenly, a faint noise echoed through the room, making her jump. She strained her ears, trying to pinpoint the source of the sound, but it seemed to be coming from all around her.",2.023079706348914,0.849480926990509,0.72705078125,76.5,-0.078125,,NO,1.15625,0.5,0.0625,0.0,-97.97692029365113,-0.13791108131408691,-0.15051907300949097,-0.2724609375,,-1.0
L3.2-3B,4,global,0.5,alpaca,"Instruction:
Brainstorm 3 possible ideas to promote the following product

Input:
New motorized skateboard",Suggest 3 ideas to promote a motorized skateboard.,0.9022653698921204,":
Brainstorm 3 possible ideas to promote the following product

Input:
New motorized skateboardassistant

Here are three possible ideas to promote the new motorized skateboard:

1. **""Shred the Streets"" Social Media Campaign**:
Create a social media contest where users can share videos of themselves riding the motorized skateboard in creative and daring stunts, tricks, and locations. Encourage users to use a branded hashtag and tag the product. The best submissions will win prizes such as a new motorized skateboard, gear, or even a trip to a skate park. This campaign will generate buzz,","Here are three ideas to promote a motorized skateboard:

1. **Social Media Campaign**: Create a buzz around the motorized skateboard by launching a social media campaign that showcases its unique features and benefits. Utilize platforms like Instagram, TikTok, and YouTube to share engaging content, such as:
	* Short videos of people riding the motorized skateboard in various environments (e.g., hills, streets, parks)
	* Before-and-after comparisons of the motorized skateboard's performance compared to a traditional",20.996373594856077,0.8792327046394348,0.9501953125,26.875,0.24853515625,,NO,0.8768971332209107,0.5,0.0625,0.0,-79.00362640514396,-0.09773463010787964,-0.12076729536056519,-0.05078125,,-1.0
L3.2-3B,5,global,0.5,alpaca,"Instruction:
Rewrite the sentence using imperative mood.

Input:
Please pick up the book from the shelf.",Pick up the book from the shelf.,0.8959327340126038,"rite the sentence using imperative mood.

Input:
Please pick up the book from the shelf.assistant

Here's the rewritten sentence in the imperative mood:

Pick up the book from the shelf.","assistant

I'm not capable of physically interacting with the world, so I won't be able to pick up a book from a shelf. I exist solely as a digital entity, and I interact with users through text-based conversations. I can provide information and answer questions, but I don't have a physical presence.",2.4634538206340344,0.8366695046424866,0.376953125,15.1875,0.86376953125,,NO,1.6571428571428573,0.5,0.0625,0.0,-97.53654617936601,-0.10406714677810669,-0.16333049535751343,-0.623046875,,-1.0
L3.2-3B,6,global,0.5,alpaca,"Instruction:
Describe a picnic vacation where four people are travelling together.

Input:
Four people are travelling together to a picnic vacation.",Four people are going on a picnic vacation together.,0.8887849450111389,"together.

Input:
Four people are travelling together to a picnic vacation.assistant

The four friends, Alex, Sarah, Jack, and Emily, were beyond excited as they set off on their highly anticipated picnic vacation. They had been planning this trip for months, and the anticipation had been building up. The group of friends had decided to take a break from their busy lives and spend a few days in the beautiful countryside, surrounded by nature and good company.

As they arrived at their destination, a picturesque meadow nestled between two hills, they couldn't help but feel a sense of","assistant

That sounds like a lovely idea. Let's imagine the scenario:

There are four friends - Alex, Emma, Jack, and Sarah - who have been planning this picnic vacation for weeks. They've chosen a beautiful park with a serene lake, lush greenery, and plenty of shade. The weather forecast is perfect, with clear blue skies and a gentle breeze.

As they arrive at the park, they're all excited to spend the day together, enjoying good food, company, and nature. They've",6.235842373026107,0.8907302618026733,0.68017578125,36.125,0.3046875,,NO,0.7941176470588235,0.5,0.0625,0.0,-93.76415762697394,-0.11121493577957153,-0.10926967859268188,-0.3193359375,,-1.0
L3.2-3B,7,global,0.5,alpaca,"Instruction:
Explain the concept of Big Data and what it means for companies and customers.",What is Big Data's significance for companies and customers?,0.9197413325309753,"user

Instruction:
Explain the concept of Big Data and what it means for companies and customers.assistant

**What is Big Data?**

Big Data refers to the vast amounts of structured and unstructured data that organizations generate and collect from various sources, such as social media, sensors, IoT devices, and customer interactions. This data is characterized by its large volume, velocity, variety, and veracity, making it challenging to process, analyze, and make decisions based on.

**Key Characteristics of Big Data:**

1. **Volume**: The sheer amount of data generated is enormous, often measured in pet","Big Data has significant implications for both companies and customers. Here are some of the key benefits:

**For Companies:**

1. **Improved Decision Making**: Big Data provides companies with vast amounts of information that can be analyzed to make data-driven decisions, leading to better business outcomes.
2. **Increased Efficiency**: Big Data helps companies optimize processes, reduce costs, and improve operational efficiency by identifying areas of improvement and streamlining workflows.
3. **Enhanced Customer Experience**: By analyzing customer behavior and preferences",12.194970305499918,0.8666128516197205,0.90234375,38.625,0.205078125,,NO,0.9764705882352941,0.5,0.0625,0.0,-87.80502969450012,-0.08025878667831421,-0.13338714838027954,-0.0986328125,,-1.0
L3.2-3B,8,global,0.5,alpaca,"Instruction:
Analyze the given phrase in terms of its connotations.

Input:
Wild goose chase","Examine the phrase ""wild goose chase"" for connotations.",0.8947654962539673,"Instruction:
Analyze the given phrase in terms of its connotations.

Input:
Wild goose chaseassistant

The phrase ""wild goose chase"" has several connotations:

1. **Futile or unproductive pursuit**: The phrase implies a search or pursuit that is unlikely to succeed or achieve its intended goal. It suggests that the effort is being wasted or that the outcome is uncertain.
2. **Unpredictable or chaotic**: The phrase ""wild"" implies a sense of unpredictability and chaos, suggesting that the pursuit is erratic, uncontrolled, or difficult to manage.
3. **Playful or","The phrase ""wild goose chase"" has several connotations, both positive and negative. Here are some of the most significant ones:

**Negative connotations:**

1. **Futile pursuit**: A wild goose chase implies a pursuit that is futile, pointless, or unproductive. It suggests that the person or group is wasting their time and energy on a task or activity that is unlikely to achieve its intended goal.
2. **Misdirection**: The phrase can also imply that someone is being misled",30.97949244220484,0.9011949300765991,0.90283203125,37.3125,0.21923828125,,NO,0.8407079646017699,0.5,0.0625,0.0,-69.0205075577952,-0.10523462295532227,-0.09880506992340088,-0.09716796875,,-1.0
L3.2-3B,9,global,0.5,alpaca,"Instruction:
List three potential sources for the following research problem.

Input:
What are the benefits of online learning?",Identify three sources for this research problem.,0.8893342614173889,"sources for the following research problem.

Input:
What are the benefits of online learning?assistant

Here are three potential sources for researching the benefits of online learning:

1. **National Center for Education Statistics (NCES)**: The NCES is a trusted source of education data and research from the U.S. Department of Education. They publish reports and studies on various aspects of education, including online learning, and can provide valuable insights into the benefits of online learning.

Source: National Center for Education Statistics (nces.ed.gov)

2. **Journal of Educational Psychology**: This peer-reviewed journal is a","assistant

I'd be happy to help you identify potential sources for your research problem. However, I don't see a specific research problem mentioned. Could you please provide more context or details about the research problem you're working on? This will help me provide more accurate and relevant sources.

If you provide the research problem, I can suggest three potential sources for you to consider:

1. Academic journals: Peer-reviewed journals in your field of study can be a great source of information for research problems. You can search",4.689058543582448,0.840542197227478,0.546875,22.8125,0.367431640625,,NO,0.8454258675078864,0.5,0.0625,0.0,-95.3109414564176,-0.11066573858261108,-0.15945780277252197,-0.453125,,-1.0
L3.2-3B,10,global,0.5,alpaca,"Instruction:
Arrange the following countries in ascending order of GDP per capita.

Input:
China, US, India, Japan",Order these countries by GDP per capita.,0.8901784420013428,"ascending order of GDP per capita.

Input:
China, US, India, Japanassistant

To arrange the countries in ascending order of GDP per capita, we need to know the GDP per capita values for each country. Based on available data (as of 2021), here are the GDP per capita values for the given countries:

- China: $10,260
- India: $2,134
- Japan: $44,914
- US: $69,862

In ascending order, the countries are:

1. India ($2,134)
2. China ($","assistant

I'd be happy to provide you with a list of countries by GDP per capita. However, I need you to provide the list of countries you'd like me to order. Please provide the list of countries, and I'll arrange them in order from highest to lowest GDP per capita based on the latest available data (as of my knowledge cutoff in 2023).",7.732050992074429,0.8486706614494324,0.68701171875,55.3125,0.44677734375,,NO,0.7551963048498845,0.5,0.0625,0.0,-92.26794900792561,-0.10982167720794678,-0.15132933855056763,-0.31298828125,,-1.0
L3.2-3B,11,global,0.5,alpaca,"Instruction:
Name the boat depicted in the provided photo.

Input:
Attached photo",What is the boat's name in the photo?,0.867120087146759,"2026

user

Instruction:
Name the boat depicted in the provided photo.

Input:
Attached photoassistant

I'm a large language model, I don't have the capability to access or view images. I can only respond to text-based input. If you describe the boat or provide a text-based representation of the boat, I can try to help you identify it.","assistant

I don't see a photo. This conversation just started, and I don't have any information about a photo. If you'd like to describe the photo or provide more context, I'd be happy to try and help you identify the boat's name.",5.579811671067194,0.8647403717041016,0.6923828125,34.375,0.4658203125,,NO,0.6626506024096386,0.5,0.0625,0.0,-94.42018832893285,-0.13287979364395142,-0.13525962829589844,-0.30859375,,-1.0
L3.2-3B,12,global,0.5,alpaca,"Instruction:
Edit the grammar and punctuation of the given sentence.

Input:
Humor is one of the most important ingredients of life",Humor is a vital ingredient in life.,0.8841983079910278,".

Input:
Humor is one of the most important ingredients of lifeassistant

Here's the corrected sentence:

""Humor is one of the most important ingredients of life.""

I made the following changes:

- Added a period (.) at the end of the sentence to indicate its completion.
- Changed ""of the most important ingredients"" to ""one of the most important ingredients"" to make the sentence grammatically correct and idiomatic.","assistant

Humor is indeed a vital ingredient in life. It has the power to bring people together, diffuse tense situations, and make even the most mundane tasks more enjoyable. Humor can be a great way to:

1. Reduce stress and anxiety: Laughter has been shown to reduce stress hormones like cortisol and adrenaline, promoting relaxation and calmness.
2. Improve relationships: Shared laughter can strengthen bonds between people, creating a sense of connection and camaraderie.
3. Boost mood: Humor can",1.9689657688060898,0.820629358291626,0.447509765625,53.3125,0.62646484375,,NO,1.1742243436754176,0.5,0.0625,0.0,-98.03103423119396,-0.11580169200897217,-0.17937058210372925,-0.552490234375,,-1.0
L3.2-3B,13,global,0.5,alpaca,"Instruction:
Calculate the length of the hypotenuse in the following triangle.

Input:
![alt text](https://www.onlinemathlearning.com/image-files/triangle-hypotenuse-length.png ""Right Triangle"")",Find the hypotenuse length of this triangle.,0.85127192735672,"To calculate the length of the hypotenuse, we need to use the Pythagorean theorem, which states that in a right-angled triangle, the square of the length of the hypotenuse (c) is equal to the sum of the squares of the lengths of the other two sides (a and b).

The formula is:

c² = a² + b²

In this case, we are given the lengths of the two sides (a = 3 and b = 4","assistant

I don't see a triangle in your message. Please provide the sides of the triangle, and I'll be happy to help you find the hypotenuse length using the Pythagorean theorem.",1.6537986883901168,0.8517708778381348,0.59130859375,30.5625,0.074951171875,,YES,0.4642857142857143,0.5,0.0625,1.0,-98.34620131160993,-0.14872795343399048,-0.14822912216186523,-0.408203125,,0.0
L3.2-3B,14,global,0.5,alpaca,"Instruction:
How many instruments does a symphony orchestra typically have?",How many instruments are in a symphony orchestra?,0.9347829222679138,": 16 Apr 2026

user

Instruction:
How many instruments does a symphony orchestra typically have?assistant

A typical symphony orchestra usually consists of around 80-100 musicians, divided into four main sections:

1. Strings (30-40 players):
   - First violins (16-20 players)
   - Second violins (10-16 players)
   - Violas (8-12 players)
   - Cellos (8-12 players)
   - Double basses (6-8 players)

2. Woodwinds (20-25 players):
   - Flutes (2","assistant

A typical symphony orchestra usually consists of around 80-100 musicians, and it can vary depending on the specific composition and the conductor's interpretation. However, here's a general breakdown of the main sections and the number of instruments typically found in a symphony orchestra:

1. Strings:
	* First violins: 16-20 players
	* Second violins: 14-18 players
	* Violas: 10-12 players
	* Cellos: 8",22.308767405317194,0.8764183521270752,0.927734375,11.25,0.282958984375,,NO,0.9465116279069767,0.5,0.0625,0.0,-77.69123259468284,-0.06521707773208618,-0.1235816478729248,-0.072265625,,-1.0
L3.2-3B,15,global,0.5,alpaca,"Instruction:
Summarize the phrase: ""GPT is a natural language processing architecture.""",GPT is a language processing architecture.,0.9061588644981384,"user

Instruction:
Summarize the phrase: ""GPT is a natural language processing architecture.""assistant

GPT stands for Generative Pre-trained Transformer. It is a type of artificial intelligence (AI) model that uses natural language processing (NLP) to understand, generate, and process human language.","assistant

That's not entirely accurate. GPT stands for ""Generative Pre-trained Transformer,"" which is a type of neural network architecture. It's a specific implementation of the Transformer model, which is a type of recurrent neural network (RNN) designed for natural language processing (NLP) tasks.

The Transformer model was introduced in 2017 by Vaswani et al. in their paper ""Attention is All You Need."" It revolutionized the field of NLP by replacing traditional RNNs with",12.871168579375457,0.8708654046058655,0.67626953125,24.375,0.4111328125,,NO,1.6456140350877193,0.5,0.0625,0.0,-87.12883142062458,-0.09384113550186157,-0.12913459539413452,-0.3232421875,,-1.0
L3.2-3B,0,global,1.0,alpaca,"Instruction:
What would be the best type of exercise for a person who has arthritis?","Instruction:
What would be the best type of exercise for a person who has arthritis?",0.9999998807907104,"user

Instruction:
What would be the best type of exercise for a person who has arthritis?assistant

For individuals with arthritis, it's essential to choose exercises that are low-impact, gentle, and manageable to avoid exacerbating the condition. Here are some of the best types of exercises for people with arthritis:

1. **Water-based exercises**: Swimming, water aerobics, or simply walking in the water can be excellent options. The buoyancy of water reduces joint stress and provides a low-impact, gentle workout.
2. **Yoga**: Modified yoga poses can help improve flexibility, balance","user

Instruction:
What would be the best type of exercise for a person who has arthritis?assistant

For individuals with arthritis, it's essential to choose exercises that are low-impact, gentle, and manageable to avoid exacerbating the condition. Here are some of the best types of exercises for people with arthritis:

1. **Water-based exercises**: Swimming, water aerobics, or simply walking in the water can be excellent options. The buoyancy of water reduces joint stress and provides a low-impact, gentle workout.
2. **Yoga**: Modified yoga poses can help improve flexibility, balance",100.00000000000004,1.0,0.99951171875,-0.0,0.0,,YES,1.0,1.0,1.0,1.0,0.0,0.0,0.0,0.0,,0.0
L3.2-3B,1,global,1.0,alpaca,"Instruction:
Calculate the atomic mass for lithium.","Instruction:
Calculate the atomic mass for lithium.",0.9999998807907104,": December 2023
Today Date: 16 Apr 2026

user

Instruction:
Calculate the atomic mass for lithium.assistant

The atomic mass of lithium is 6.94 u (unified atomic mass units).

Here's the breakdown of the atomic mass of lithium:

- Lithium-6: 6.015122 u (6 protons, 0 neutrons)
- Lithium-7: 6.941514 u (7 protons, 0 neutrons)
- Lithium-8: 8.013287 u (8 protons, 0 neutrons)

The average atomic mass of",": December 2023
Today Date: 16 Apr 2026

user

Instruction:
Calculate the atomic mass for lithium.assistant

The atomic mass of lithium is 6.94 u (unified atomic mass units).

Here's the breakdown of the atomic mass of lithium:

- Lithium-6: 6.015122 u (6 protons, 0 neutrons)
- Lithium-7: 6.941514 u (7 protons, 0 neutrons)
- Lithium-8: 8.013287 u (8 protons, 0 neutrons)

The average atomic mass of",100.00000000000004,1.0,1.0009765625,-0.0,0.0,,YES,1.0,1.0,1.0,1.0,0.0,0.0,0.0,0.0,,0.0
L3.2-3B,2,global,1.0,alpaca,"Instruction:
Convert the following binary code to ASCII characters.

Input:
01110101 01100001 01110010 01101001 01110100","Instruction:
Convert the following binary code to ASCII characters.

Input:
01110101 01100001 01110010 01101001 01110100",1.0,"01101001 01110100assistant

To convert the given binary code to ASCII characters, we need to convert each binary number to its corresponding ASCII value and then convert that value to the corresponding character.

Here's the step-by-step conversion:

1. 01110101 = 213 (ASCII value)
   Character: @

2. 01100001 = 65 (ASCII value)
   Character: A

3. 01110010 = 98 (ASCII value)
   Character: c

4. 01101001","01101001 01110100assistant

To convert the given binary code to ASCII characters, we need to convert each binary number to its corresponding ASCII value and then convert that value to the corresponding character.

Here's the step-by-step conversion:

1. 01110101 = 213 (ASCII value)
   Character: @

2. 01100001 = 65 (ASCII value)
   Character: A

3. 01110010 = 98 (ASCII value)
   Character: c

4. 01101001",100.00000000000004,0.9999998807907104,1.0,-0.0,0.0,,YES,1.0,1.0,1.0,1.0,0.0,0.0,0.0,0.0,,0.0
L3.2-3B,3,global,1.0,alpaca,"Instruction:
Take this sentence and make it more descriptive: She was scared.

Input:
She was scared.","Instruction:
Take this sentence and make it more descriptive: She was scared.

Input:
She was scared.",1.0000001192092896,"this sentence and make it more descriptive: She was scared.

Input:
She was scared.assistant

She was consumed by an overwhelming sense of trepidation, her heart racing with a mix of fear and anxiety that threatened to overwhelm her, her eyes wide with a desperate plea for reassurance, and her entire being trembling with a silent scream that was barely audible.","this sentence and make it more descriptive: She was scared.

Input:
She was scared.assistant

She was consumed by an overwhelming sense of trepidation, her heart racing with a mix of fear and anxiety that threatened to overwhelm her, her eyes wide with a desperate plea for reassurance, and her entire being trembling with a silent scream that was barely audible.",100.00000000000004,1.0,0.99951171875,-0.0,0.0,,YES,1.0,1.0,1.0,1.0,0.0,0.0,0.0,0.0,,0.0
L3.2-3B,4,global,1.0,alpaca,"Instruction:
Brainstorm 3 possible ideas to promote the following product

Input:
New motorized skateboard","Instruction:
Brainstorm 3 possible ideas to promote the following product

Input:
New motorized skateboard",1.0,":
Brainstorm 3 possible ideas to promote the following product

Input:
New motorized skateboardassistant

Here are three possible ideas to promote the new motorized skateboard:

1. **""Shred the Streets"" Social Media Campaign**:
Create a social media contest where users can share videos of themselves riding the motorized skateboard in creative and daring stunts, tricks, and locations. Encourage users to use a branded hashtag and tag the product. The best submissions will win prizes such as a new motorized skateboard, gear, or even a trip to a skate park. This campaign will generate buzz,",":
Brainstorm 3 possible ideas to promote the following product

Input:
New motorized skateboardassistant

Here are three possible ideas to promote the new motorized skateboard:

1. **""Shred the Streets"" Social Media Campaign**:
Create a social media contest where users can share videos of themselves riding the motorized skateboard in creative and daring stunts, tricks, and locations. Encourage users to use a branded hashtag and tag the product. The best submissions will win prizes such as a new motorized skateboard, gear, or even a trip to a skate park. This campaign will generate buzz,",100.00000000000004,1.0,1.0009765625,-0.0,0.0,,YES,1.0,1.0,1.0,1.0,0.0,0.0,0.0,0.0,,0.0
L3.2-3B,5,global,1.0,alpaca,"Instruction:
Rewrite the sentence using imperative mood.

Input:
Please pick up the book from the shelf.","Instruction:
Rewrite the sentence using imperative mood.

Input:
Please pick up the book from the shelf.",0.9999998807907104,"rite the sentence using imperative mood.

Input:
Please pick up the book from the shelf.assistant

Here's the rewritten sentence in the imperative mood:

Pick up the book from the shelf.","rite the sentence using imperative mood.

Input:
Please pick up the book from the shelf.assistant

Here's the rewritten sentence in the imperative mood:

Pick up the book from the shelf.",100.00000000000004,1.0,1.0,-0.0,0.0,,YES,1.0,1.0,1.0,1.0,0.0,0.0,0.0,0.0,,0.0
L3.2-3B,6,global,1.0,alpaca,"Instruction:
Describe a picnic vacation where four people are travelling together.

Input:
Four people are travelling together to a picnic vacation.","Instruction:
Describe a picnic vacation where four people are travelling together.

Input:
Four people are travelling together to a picnic vacation.",0.9999998807907104,"together.

Input:
Four people are travelling together to a picnic vacation.assistant

The four friends, Alex, Sarah, Jack, and Emily, were beyond excited as they set off on their highly anticipated picnic vacation. They had been planning this trip for months, and the anticipation had been building up. The group of friends had decided to take a break from their busy lives and spend a few days in the beautiful countryside, surrounded by nature and good company.

As they arrived at their destination, a picturesque meadow nestled between two hills, they couldn't help but feel a sense of","together.

Input:
Four people are travelling together to a picnic vacation.assistant

The four friends, Alex, Sarah, Jack, and Emily, were beyond excited as they set off on their highly anticipated picnic vacation. They had been planning this trip for months, and the anticipation had been building up. The group of friends had decided to take a break from their busy lives and spend a few days in the beautiful countryside, surrounded by nature and good company.

As they arrived at their destination, a picturesque meadow nestled between two hills, they couldn't help but feel a sense of",100.00000000000004,0.9999999403953552,0.99951171875,-0.0,0.0,,YES,1.0,1.0,1.0,1.0,0.0,0.0,0.0,0.0,,0.0
L3.2-3B,7,global,1.0,alpaca,"Instruction:
Explain the concept of Big Data and what it means for companies and customers.","Instruction:
Explain the concept of Big Data and what it means for companies and customers.",1.0000001192092896,"user

Instruction:
Explain the concept of Big Data and what it means for companies and customers.assistant

**What is Big Data?**

Big Data refers to the vast amounts of structured and unstructured data that organizations generate and collect from various sources, such as social media, sensors, IoT devices, and customer interactions. This data is characterized by its large volume, velocity, variety, and veracity, making it challenging to process, analyze, and make decisions based on.

**Key Characteristics of Big Data:**

1. **Volume**: The sheer amount of data generated is enormous, often measured in pet","user

Instruction:
Explain the concept of Big Data and what it means for companies and customers.assistant

**What is Big Data?**

Big Data refers to the vast amounts of structured and unstructured data that organizations generate and collect from various sources, such as social media, sensors, IoT devices, and customer interactions. This data is characterized by its large volume, velocity, variety, and veracity, making it challenging to process, analyze, and make decisions based on.

**Key Characteristics of Big Data:**

1. **Volume**: The sheer amount of data generated is enormous, often measured in pet",100.00000000000004,1.0,1.0009765625,-0.0,0.0,,YES,1.0,1.0,1.0,1.0,0.0,0.0,0.0,0.0,,0.0
L3.2-3B,8,global,1.0,alpaca,"Instruction:
Analyze the given phrase in terms of its connotations.

Input:
Wild goose chase","Instruction:
Analyze the given phrase in terms of its connotations.

Input:
Wild goose chase",1.0000001192092896,"Instruction:
Analyze the given phrase in terms of its connotations.

Input:
Wild goose chaseassistant

The phrase ""wild goose chase"" has several connotations:

1. **Futile or unproductive pursuit**: The phrase implies a search or pursuit that is unlikely to succeed or achieve its intended goal. It suggests that the effort is being wasted or that the outcome is uncertain.
2. **Unpredictable or chaotic**: The phrase ""wild"" implies a sense of unpredictability and chaos, suggesting that the pursuit is erratic, uncontrolled, or difficult to manage.
3. **Playful or","Instruction:
Analyze the given phrase in terms of its connotations.

Input:
Wild goose chaseassistant

The phrase ""wild goose chase"" has several connotations:

1. **Futile or unproductive pursuit**: The phrase implies a search or pursuit that is unlikely to succeed or achieve its intended goal. It suggests that the effort is being wasted or that the outcome is uncertain.
2. **Unpredictable or chaotic**: The phrase ""wild"" implies a sense of unpredictability and chaos, suggesting that the pursuit is erratic, uncontrolled, or difficult to manage.
3. **Playful or",100.00000000000004,1.0,1.0,-0.0,0.0,,YES,1.0,1.0,1.0,1.0,0.0,0.0,0.0,0.0,,0.0
L3.2-3B,9,global,1.0,alpaca,"Instruction:
List three potential sources for the following research problem.

Input:
What are the benefits of online learning?","Instruction:
List three potential sources for the following research problem.

Input:
What are the benefits of online learning?",1.0,"sources for the following research problem.

Input:
What are the benefits of online learning?assistant

Here are three potential sources for researching the benefits of online learning:

1. **National Center for Education Statistics (NCES)**: The NCES is a trusted source of education data and research from the U.S. Department of Education. They publish reports and studies on various aspects of education, including online learning, and can provide valuable insights into the benefits of online learning.

Source: National Center for Education Statistics (nces.ed.gov)

2. **Journal of Educational Psychology**: This peer-reviewed journal is a","sources for the following research problem.

Input:
What are the benefits of online learning?assistant

Here are three potential sources for researching the benefits of online learning:

1. **National Center for Education Statistics (NCES)**: The NCES is a trusted source of education data and research from the U.S. Department of Education. They publish reports and studies on various aspects of education, including online learning, and can provide valuable insights into the benefits of online learning.

Source: National Center for Education Statistics (nces.ed.gov)

2. **Journal of Educational Psychology**: This peer-reviewed journal is a",100.00000000000004,1.0,1.0,-0.0,0.0,,YES,1.0,1.0,1.0,1.0,0.0,0.0,0.0,0.0,,0.0
L3.2-3B,10,global,1.0,alpaca,"Instruction:
Arrange the following countries in ascending order of GDP per capita.

Input:
China, US, India, Japan","Instruction:
Arrange the following countries in ascending order of GDP per capita.

Input:
China, US, India, Japan",1.0000001192092896,"ascending order of GDP per capita.

Input:
China, US, India, Japanassistant

To arrange the countries in ascending order of GDP per capita, we need to know the GDP per capita values for each country. Based on available data (as of 2021), here are the GDP per capita values for the given countries:

- China: $10,260
- India: $2,134
- Japan: $44,914
- US: $69,862

In ascending order, the countries are:

1. India ($2,134)
2. China ($","ascending order of GDP per capita.

Input:
China, US, India, Japanassistant

To arrange the countries in ascending order of GDP per capita, we need to know the GDP per capita values for each country. Based on available data (as of 2021), here are the GDP per capita values for the given countries:

- China: $10,260
- India: $2,134
- Japan: $44,914
- US: $69,862

In ascending order, the countries are:

1. India ($2,134)
2. China ($",100.00000000000004,1.0,1.0,-0.0,0.0,,YES,1.0,1.0,1.0,1.0,0.0,0.0,0.0,0.0,,0.0
L3.2-3B,11,global,1.0,alpaca,"Instruction:
Name the boat depicted in the provided photo.

Input:
Attached photo","Instruction:
Name the boat depicted in the provided photo.

Input:
Attached photo",0.9999998807907104,"2026

user

Instruction:
Name the boat depicted in the provided photo.

Input:
Attached photoassistant

I'm a large language model, I don't have the capability to access or view images. I can only respond to text-based input. If you describe the boat or provide a text-based representation of the boat, I can try to help you identify it.","2026

user

Instruction:
Name the boat depicted in the provided photo.

Input:
Attached photoassistant

I'm a large language model, I don't have the capability to access or view images. I can only respond to text-based input. If you describe the boat or provide a text-based representation of the boat, I can try to help you identify it.",100.00000000000004,1.0,1.0009765625,-0.0,0.0,,YES,1.0,1.0,1.0,1.0,0.0,0.0,0.0,0.0,,0.0
L3.2-3B,12,global,1.0,alpaca,"Instruction:
Edit the grammar and punctuation of the given sentence.

Input:
Humor is one of the most important ingredients of life","Instruction:
Edit the grammar and punctuation of the given sentence.

Input:
Humor is one of the most important ingredients of life",1.0,".

Input:
Humor is one of the most important ingredients of lifeassistant

Here's the corrected sentence:

""Humor is one of the most important ingredients of life.""

I made the following changes:

- Added a period (.) at the end of the sentence to indicate its completion.
- Changed ""of the most important ingredients"" to ""one of the most important ingredients"" to make the sentence grammatically correct and idiomatic.",".

Input:
Humor is one of the most important ingredients of lifeassistant

Here's the corrected sentence:

""Humor is one of the most important ingredients of life.""

I made the following changes:

- Added a period (.) at the end of the sentence to indicate its completion.
- Changed ""of the most important ingredients"" to ""one of the most important ingredients"" to make the sentence grammatically correct and idiomatic.",100.00000000000004,0.9999999403953552,1.0,-0.0,0.0,,YES,1.0,1.0,1.0,1.0,0.0,0.0,0.0,0.0,,0.0
L3.2-3B,13,global,1.0,alpaca,"Instruction:
Calculate the length of the hypotenuse in the following triangle.

Input:
![alt text](https://www.onlinemathlearning.com/image-files/triangle-hypotenuse-length.png ""Right Triangle"")","Instruction:
Calculate the length of the hypotenuse in the following triangle.

Input:
![alt text](https://www.onlinemathlearning.com/image-files/triangle-hypotenuse-length.png ""Right Triangle"")",0.9999998807907104,"To calculate the length of the hypotenuse, we need to use the Pythagorean theorem, which states that in a right-angled triangle, the square of the length of the hypotenuse (c) is equal to the sum of the squares of the lengths of the other two sides (a and b).

The formula is:

c² = a² + b²

In this case, we are given the lengths of the two sides (a = 3 and b = 4","To calculate the length of the hypotenuse, we need to use the Pythagorean theorem, which states that in a right-angled triangle, the square of the length of the hypotenuse (c) is equal to the sum of the squares of the lengths of the other two sides (a and b).

The formula is:

c² = a² + b²

In this case, we are given the lengths of the two sides (a = 3 and b = 4",100.00000000000004,1.0,0.99951171875,-0.0,0.0,,YES,1.0,1.0,1.0,1.0,0.0,0.0,0.0,0.0,,0.0
L3.2-3B,14,global,1.0,alpaca,"Instruction:
How many instruments does a symphony orchestra typically have?","Instruction:
How many instruments does a symphony orchestra typically have?",1.0,": 16 Apr 2026

user

Instruction:
How many instruments does a symphony orchestra typically have?assistant

A typical symphony orchestra usually consists of around 80-100 musicians, divided into four main sections:

1. Strings (30-40 players):
   - First violins (16-20 players)
   - Second violins (10-16 players)
   - Violas (8-12 players)
   - Cellos (8-12 players)
   - Double basses (6-8 players)

2. Woodwinds (20-25 players):
   - Flutes (2",": 16 Apr 2026

user

Instruction:
How many instruments does a symphony orchestra typically have?assistant

A typical symphony orchestra usually consists of around 80-100 musicians, divided into four main sections:

1. Strings (30-40 players):
   - First violins (16-20 players)
   - Second violins (10-16 players)
   - Violas (8-12 players)
   - Cellos (8-12 players)
   - Double basses (6-8 players)

2. Woodwinds (20-25 players):
   - Flutes (2",100.00000000000004,1.0,1.0,-0.0,0.0,,YES,1.0,1.0,1.0,1.0,0.0,0.0,0.0,0.0,,0.0
L3.2-3B,15,global,1.0,alpaca,"Instruction:
Summarize the phrase: ""GPT is a natural language processing architecture.""","Instruction:
Summarize the phrase: ""GPT is a natural language processing architecture.""",1.0,"user

Instruction:
Summarize the phrase: ""GPT is a natural language processing architecture.""assistant

GPT stands for Generative Pre-trained Transformer. It is a type of artificial intelligence (AI) model that uses natural language processing (NLP) to understand, generate, and process human language.","user

Instruction:
Summarize the phrase: ""GPT is a natural language processing architecture.""assistant

GPT stands for Generative Pre-trained Transformer. It is a type of artificial intelligence (AI) model that uses natural language processing (NLP) to understand, generate, and process human language.",100.00000000000004,1.0,0.99951171875,-0.0,0.0,,YES,1.0,1.0,1.0,1.0,0.0,0.0,0.0,0.0,,0.0
L3.2-3B,0,global,1.5,alpaca,"Instruction:
What would be the best type of exercise for a person who has arthritis?",What type of exercise would be considered the most beneficial for an individual who is living with arthritis?,0.9353466033935547,"user

Instruction:
What would be the best type of exercise for a person who has arthritis?assistant

For individuals with arthritis, it's essential to choose exercises that are low-impact, gentle, and manageable to avoid exacerbating the condition. Here are some of the best types of exercises for people with arthritis:

1. **Water-based exercises**: Swimming, water aerobics, or simply walking in the water can be excellent options. The buoyancy of water reduces joint stress and provides a low-impact, gentle workout.
2. **Yoga**: Modified yoga poses can help improve flexibility, balance","user

What type of exercise would be considered the most beneficial for an individual who is living with arthritis?assistant

For individuals living with arthritis, it's essential to engage in exercises that are low-impact, gentle, and tailored to their specific needs and abilities. The most beneficial exercises for arthritis typically include:

1. **Water-based exercises**: Swimming, water aerobics, or simply walking in the water can be excellent options. The buoyancy of water reduces joint stress and provides a low-impact, gentle workout.
2. **Yoga**: Modified yoga exercises can help improve flexibility, balance, and strength",63.30527193197969,0.9650560617446899,0.95068359375,29.5625,0.310791015625,,NO,1.0766550522648084,1.5,0.0625,0.0,-36.69472806802035,-0.06465327739715576,-0.03494393825531006,-0.048828125,,-1.0
L3.2-3B,1,global,1.5,alpaca,"Instruction:
Calculate the atomic mass for lithium.",Please calculate the atomic mass value for the element lithium.,0.936770498752594,": December 2023
Today Date: 16 Apr 2026

user

Instruction:
Calculate the atomic mass for lithium.assistant

The atomic mass of lithium is 6.94 u (unified atomic mass units).

Here's the breakdown of the atomic mass of lithium:

- Lithium-6: 6.015122 u (6 protons, 0 neutrons)
- Lithium-7: 6.941514 u (7 protons, 0 neutrons)
- Lithium-8: 8.013287 u (8 protons, 0 neutrons)

The average atomic mass of",": December 2023
Today Date: 16 Apr 2026

user

Please calculate the atomic mass value for the element lithium.assistant

The atomic mass of lithium is 6.94 u (unified atomic mass units).",20.014701726379364,0.9037714004516602,0.94873046875,29.0,0.15576171875,,NO,0.4427083333333333,1.5,0.0625,0.0,-79.98529827362069,-0.06322938203811646,-0.09622859954833984,-0.05224609375,,-1.0
L3.2-3B,2,global,1.5,alpaca,"Instruction:
Convert the following binary code to ASCII characters.

Input:
01110101 01100001 01110010 01101001 01110100","Instruction:
Please convert the binary code provided below into its corresponding ASCII characters.

Input:
01110101 01100001 01110010 01101001 01110100",0.9721502065658569,"01101001 01110100assistant

To convert the given binary code to ASCII characters, we need to convert each binary number to its corresponding ASCII value and then convert that value to the corresponding character.

Here's the step-by-step conversion:

1. 01110101 = 213 (ASCII value)
   Character: @

2. 01100001 = 65 (ASCII value)
   Character: A

3. 01110010 = 98 (ASCII value)
   Character: c

4. 01101001","01101001 01110100assistant

To convert the binary code into ASCII characters, we need to pair each binary number with its corresponding ASCII value. Here's the conversion:

- 01110101 = H (ASCII value 72)
- 01100001 = a (ASCII value 97)
- 01110010 = n (ASCII value 110)
- 01101001 = e (ASCII value 101)
- 01110100 = t (ASCII value 116)

The converted ASCII characters are: Hant",22.896790946528448,0.9036644697189331,0.9853515625,4.5,-0.01708984375,,NO,0.9262899262899262,1.5,0.0625,0.0,-77.1032090534716,-0.027849793434143066,-0.09633541107177734,-0.0146484375,,-1.0
L3.2-3B,3,global,1.5,alpaca,"Instruction:
Take this sentence and make it more descriptive: She was scared.

Input:
She was scared.","She was filled with a profound sense of fear and anxiety, feeling scared in that moment.",0.8476764559745789,"this sentence and make it more descriptive: She was scared.

Input:
She was scared.assistant

She was consumed by an overwhelming sense of trepidation, her heart racing with a mix of fear and anxiety that threatened to overwhelm her, her eyes wide with a desperate plea for reassurance, and her entire being trembling with a silent scream that was barely audible.","6

user

She was filled with a profound sense of fear and anxiety, feeling scared in that moment.assistant

Her eyes widened, and her heart racing, she felt a chill run down her spine as the reality of the situation set in, leaving her breathless and trembling with fear.",8.853259760168434,0.8826228976249695,0.83447265625,63.5,0.02734375,,NO,0.7244318181818182,1.5,0.0625,0.0,-91.14674023983162,-0.1523236632347107,-0.11737710237503052,-0.1650390625,,-1.0
L3.2-3B,4,global,1.5,alpaca,"Instruction:
Brainstorm 3 possible ideas to promote the following product

Input:
New motorized skateboard","Please generate and brainstorm three potential ideas that could be used to effectively promote the following product. 

Input:
A new motorized skateboard.",0.9277437925338745,":
Brainstorm 3 possible ideas to promote the following product

Input:
New motorized skateboardassistant

Here are three possible ideas to promote the new motorized skateboard:

1. **""Shred the Streets"" Social Media Campaign**:
Create a social media contest where users can share videos of themselves riding the motorized skateboard in creative and daring stunts, tricks, and locations. Encourage users to use a branded hashtag and tag the product. The best submissions will win prizes such as a new motorized skateboard, gear, or even a trip to a skate park. This campaign will generate buzz,","to effectively promote the following product. 

Input:
A new motorized skateboard.assistant

Here are three potential ideas to promote the new motorized skateboard:

**Idea 1: ""Shred the Streets"" Social Media Campaign**

* Target audience: Young adults (18-35) who are active on social media platforms such as Instagram, TikTok, and YouTube.
* Objective: Encourage users to share their experiences and tricks on the motorized skateboard, showcasing its capabilities and features.
* Strategy:
	+ Launch a social media contest where users can share their videos or photos of",30.930528106850616,0.9003075957298279,0.978515625,23.75,0.19921875,,NO,0.9460370994940978,1.5,0.0625,0.0,-69.06947189314943,-0.07225620746612549,-0.09969240427017212,-0.0224609375,,-1.0
L3.2-3B,5,global,1.5,alpaca,"Instruction:
Rewrite the sentence using imperative mood.

Input:
Please pick up the book from the shelf.",Pick up the book that is located on the shelf.,0.8796563148498535,"rite the sentence using imperative mood.

Input:
Please pick up the book from the shelf.assistant

Here's the rewritten sentence in the imperative mood:

Pick up the book from the shelf.",": December 2023
Today Date: 16 Apr 2026

user

Pick up the book that is located on the shelf.assistant

I'm not capable of physically interacting with the world, so I won't be able to pick up a book from a shelf. I exist solely as a digital entity, and I don't have a physical presence. I can provide information and assist with tasks, but I'm not capable of performing physical actions.",7.644087485446753,0.8514895439147949,0.31982421875,25.5,0.93310546875,,NO,2.12,1.5,0.0625,0.0,-92.3559125145533,-0.12034356594085693,-0.14851045608520508,-0.68017578125,,-1.0
L3.2-3B,6,global,1.5,alpaca,"Instruction:
Describe a picnic vacation where four people are travelling together.

Input:
Four people are travelling together to a picnic vacation.",A group consisting of four individuals is embarking on a journey together to enjoy a delightful picnic vacation in a scenic location.,0.8715747594833374,"together.

Input:
Four people are travelling together to a picnic vacation.assistant

The four friends, Alex, Sarah, Jack, and Emily, were beyond excited as they set off on their highly anticipated picnic vacation. They had been planning this trip for months, and the anticipation had been building up. The group of friends had decided to take a break from their busy lives and spend a few days in the beautiful countryside, surrounded by nature and good company.

As they arrived at their destination, a picturesque meadow nestled between two hills, they couldn't help but feel a sense of","individuals is embarking on a journey together to enjoy a delightful picnic vacation in a scenic location.assistant

As the group of four friends set off on their picnic vacation, the excitement was palpable. They had been planning this trip for weeks, and the anticipation had been building up. The group consisted of two couples, all in their mid-twenties, who had been friends since college.

The first couple, Alex and Maddie, were the most enthusiastic about the trip. They had been looking forward to spending quality time together, away from the hustle and bustle of city life. Alex, a",23.22772404444046,0.9026196599006653,0.798828125,36.625,0.26416015625,,NO,1.005190311418685,1.5,0.0625,0.0,-76.77227595555958,-0.12842512130737305,-0.09738028049468994,-0.20068359375,,-1.0
L3.2-3B,7,global,1.5,alpaca,"Instruction:
Explain the concept of Big Data and what it means for companies and customers.",Could you please explain in detail the concept of Big Data and elaborate on what it signifies for both companies and their customers?,0.9242188930511475,"user

Instruction:
Explain the concept of Big Data and what it means for companies and customers.assistant

**What is Big Data?**

Big Data refers to the vast amounts of structured and unstructured data that organizations generate and collect from various sources, such as social media, sensors, IoT devices, and customer interactions. This data is characterized by its large volume, velocity, variety, and veracity, making it challenging to process, analyze, and make decisions based on.

**Key Characteristics of Big Data:**

1. **Volume**: The sheer amount of data generated is enormous, often measured in pet","detail the concept of Big Data and elaborate on what it signifies for both companies and their customers?assistant

Big Data is a term used to describe the vast amounts of structured and unstructured data that organizations generate and collect from various sources, such as social media, sensors, mobile devices, and other digital platforms. This data is so large and complex that traditional data processing and analysis methods are often unable to handle it effectively.

**Characteristics of Big Data:**

1. **Volume**: Big Data refers to the sheer volume of data being generated, which can be measured in petabytes (1 petabyte =",44.519554672045,0.9296674132347107,0.94384765625,17.0625,0.21337890625,,NO,1.0453781512605043,1.5,0.0625,0.0,-55.480445327955046,-0.07578122615814209,-0.0703325867652893,-0.05712890625,,-1.0
L3.2-3B,8,global,1.5,alpaca,"Instruction:
Analyze the given phrase in terms of its connotations.

Input:
Wild goose chase","Instruction:
Conduct an analysis of the provided phrase, focusing specifically on its various connotations and implications.

Input:
Wild goose chase",0.9581702351570129,"Instruction:
Analyze the given phrase in terms of its connotations.

Input:
Wild goose chaseassistant

The phrase ""wild goose chase"" has several connotations:

1. **Futile or unproductive pursuit**: The phrase implies a search or pursuit that is unlikely to succeed or achieve its intended goal. It suggests that the effort is being wasted or that the outcome is uncertain.
2. **Unpredictable or chaotic**: The phrase ""wild"" implies a sense of unpredictability and chaos, suggesting that the pursuit is erratic, uncontrolled, or difficult to manage.
3. **Playful or","phrase, focusing specifically on its various connotations and implications.

Input:
Wild goose chaseassistant

The phrase ""wild goose chase"" has a rich history and multiple connotations, which can be analyzed as follows:

**Literal meaning:** A wild goose chase refers to a pursuit or search for something that is elusive, futile, or unattainable. It involves a frantic and often aimless search, where the person or group is following a lead or clue that ultimately leads nowhere.

**Connotations:**

1. **Frustration and disappointment:** The phrase often carries a sense of frustration and",20.62620262078785,0.8895529508590698,0.8896484375,27.9375,0.07568359375,,NO,1.0460176991150443,1.5,0.0625,0.0,-79.37379737921219,-0.04182988405227661,-0.11044704914093018,-0.1103515625,,-1.0
L3.2-3B,9,global,1.5,alpaca,"Instruction:
List three potential sources for the following research problem.

Input:
What are the benefits of online learning?","Please provide a list of three possible sources that could be useful for addressing the following research problem in detail. 

Input:
What are the benefits of online learning?",0.9378213882446289,"sources for the following research problem.

Input:
What are the benefits of online learning?assistant

Here are three potential sources for researching the benefits of online learning:

1. **National Center for Education Statistics (NCES)**: The NCES is a trusted source of education data and research from the U.S. Department of Education. They publish reports and studies on various aspects of education, including online learning, and can provide valuable insights into the benefits of online learning.

Source: National Center for Education Statistics (nces.ed.gov)

2. **Journal of Educational Psychology**: This peer-reviewed journal is a","Input:
What are the benefits of online learning?assistant

Here are three possible sources that could be useful for addressing the research problem ""What are the benefits of online learning?"":

1. **""The Benefits of Online Learning"" by the National Center for Education Statistics (NCES)**: The NCES is a trusted source of education data and research, and their report on the benefits of online learning provides an in-depth analysis of the advantages of online learning, including increased accessibility, flexibility, and cost-effectiveness. The report also discusses the impact of online learning",38.97734402249668,0.9133033156394958,0.96923828125,15.3125,0.062255859375,,NO,0.9274447949526814,1.5,0.0625,0.0,-61.02265597750336,-0.062178611755371094,-0.08669668436050415,-0.03076171875,,-1.0
L3.2-3B,10,global,1.5,alpaca,"Instruction:
Arrange the following countries in ascending order of GDP per capita.

Input:
China, US, India, Japan","Instruction:
Please arrange the following countries in an ascending order based on their GDP per capita figures.

Input:
China, the United States, India, and Japan.",0.9637314677238464,"ascending order of GDP per capita.

Input:
China, US, India, Japanassistant

To arrange the countries in ascending order of GDP per capita, we need to know the GDP per capita values for each country. Based on available data (as of 2021), here are the GDP per capita values for the given countries:

- China: $10,260
- India: $2,134
- Japan: $44,914
- US: $69,862

In ascending order, the countries are:

1. India ($2,134)
2. China ($","China, the United States, India, and Japan.assistant

To arrange the countries in ascending order based on their GDP per capita figures, I'll need to look up the latest available data. 

According to the World Bank, the GDP per capita figures for the given countries are:

- China: $14,340 (2021 est.)
- India: $2,134 (2021 est.)
- Japan: $44,914 (2021 est.)
- United States: $69,862 (2021 est.)

In ascending order, the countries are",32.44264009064132,0.9198718667030334,0.97021484375,18.875,0.16845703125,,NO,0.976905311778291,1.5,0.0625,0.0,-67.55735990935872,-0.036268651485443115,-0.08012813329696655,-0.02978515625,,-1.0
L3.2-3B,11,global,1.5,alpaca,"Instruction:
Name the boat depicted in the provided photo.

Input:
Attached photo",Please provide the name of the boat that is shown in the photo that has been attached.,0.8834978342056274,"2026

user

Instruction:
Name the boat depicted in the provided photo.

Input:
Attached photoassistant

I'm a large language model, I don't have the capability to access or view images. I can only respond to text-based input. If you describe the boat or provide a text-based representation of the boat, I can try to help you identify it.","6

user

Please provide the name of the boat that is shown in the photo that has been attached.assistant

There is no photo attached to this conversation. I'm a text-based AI assistant and do not have the capability to receive or view images. I can provide information and answer questions based on my training data, but I will not be able to access or reference any external images. If you have any questions or topics you'd like to discuss, I'm here to help.",13.712657140429515,0.8897063732147217,0.7861328125,23.625,0.4677734375,,YES,1.3373493975903614,1.5,0.0625,1.0,-86.28734285957053,-0.11650204658508301,-0.11029362678527832,-0.21484375,,0.0
L3.2-3B,12,global,1.5,alpaca,"Instruction:
Edit the grammar and punctuation of the given sentence.

Input:
Humor is one of the most important ingredients of life","Instruction:
Please edit the grammar as well as the punctuation of the sentence that has been provided.

Input:
Humor is considered to be one of the most important ingredients that contribute to the richness of life.",0.949367105960846,".

Input:
Humor is one of the most important ingredients of lifeassistant

Here's the corrected sentence:

""Humor is one of the most important ingredients of life.""

I made the following changes:

- Added a period (.) at the end of the sentence to indicate its completion.
- Changed ""of the most important ingredients"" to ""one of the most important ingredients"" to make the sentence grammatically correct and idiomatic.","life.assistant

Here's the edited sentence with corrected grammar and punctuation:

Humor is considered one of the most important ingredients that contribute to the richness of life.

The original sentence is grammatically correct, but I added a comma after ""ingredients"" to improve clarity and readability.",10.669441226280794,0.893958330154419,0.9658203125,27.4375,0.10986328125,,NO,0.7064439140811456,1.5,0.0625,0.0,-89.33055877371925,-0.05063289403915405,-0.10604161024093628,-0.0341796875,,-1.0
L3.2-3B,13,global,1.5,alpaca,"Instruction:
Calculate the length of the hypotenuse in the following triangle.

Input:
![alt text](https://www.onlinemathlearning.com/image-files/triangle-hypotenuse-length.png ""Right Triangle"")","Instruction:
Determine the length of the hypotenuse in the triangle that is presented below.

Input:
![alt text](https://www.onlinemathlearning.com/image-files/triangle-hypotenuse-length.png ""Right Triangle"")",0.9826687574386597,"To calculate the length of the hypotenuse, we need to use the Pythagorean theorem, which states that in a right-angled triangle, the square of the length of the hypotenuse (c) is equal to the sum of the squares of the lengths of the other two sides (a and b).

The formula is:

c² = a² + b²

In this case, we are given the lengths of the two sides (a = 3 and b = 4","To determine the length of the hypotenuse in the triangle, we can use the Pythagorean theorem, which states that in a right-angled triangle, the square of the length of the hypotenuse (c) is equal to the sum of the squares of the lengths of the other two sides (a and b). The formula is:

c² = a² + b²

In this case, we can see that the triangle has sides of length 3 and 4, and",75.70248533705126,0.9679925441741943,0.962890625,9.0625,0.03369140625,,NO,1.0384615384615385,1.5,0.0625,0.0,-24.297514662948785,-0.01733112335205078,-0.032007455825805664,-0.03662109375,,-1.0
L3.2-3B,14,global,1.5,alpaca,"Instruction:
How many instruments does a symphony orchestra typically have?",How many different musical instruments are typically found in a symphony orchestra?,0.9307636022567749,": 16 Apr 2026

user

Instruction:
How many instruments does a symphony orchestra typically have?assistant

A typical symphony orchestra usually consists of around 80-100 musicians, divided into four main sections:

1. Strings (30-40 players):
   - First violins (16-20 players)
   - Second violins (10-16 players)
   - Violas (8-12 players)
   - Cellos (8-12 players)
   - Double basses (6-8 players)

2. Woodwinds (20-25 players):
   - Flutes (2","Today Date: 16 Apr 2026

user

How many different musical instruments are typically found in a symphony orchestra?assistant

A typical symphony orchestra usually consists of around 80-100 musicians and includes a wide range of instruments. Here's a breakdown of the main sections and the number of instruments typically found in each:

1. Strings:
   - Violins (First and Second): 16-20 players
   - Violas: 8-12 players
   - Cellos: 8-12 players
   - Double Basses: 6-8 players

2. Woodwinds:",33.30232002687851,0.9352421760559082,0.939453125,14.625,0.297119140625,,NO,1.1093023255813954,1.5,0.0625,0.0,-66.69767997312152,-0.0692363977432251,-0.0647578239440918,-0.060546875,,-1.0
L3.2-3B,15,global,1.5,alpaca,"Instruction:
Summarize the phrase: ""GPT is a natural language processing architecture.""","Summarize the following phrase: ""GPT is an architecture designed for natural language processing tasks.""",0.9439848065376282,"user

Instruction:
Summarize the phrase: ""GPT is a natural language processing architecture.""assistant

GPT stands for Generative Pre-trained Transformer. It is a type of artificial intelligence (AI) model that uses natural language processing (NLP) to understand, generate, and process human language.","user

Summarize the following phrase: ""GPT is an architecture designed for natural language processing tasks.""assistant

GPT stands for Generative Pre-trained Transformer. It's an architecture designed for natural language processing tasks, such as language translation, text generation, and language understanding.",30.558087079215657,0.9352577924728394,0.96240234375,24.1875,0.3359375,,NO,1.0456140350877192,1.5,0.0625,0.0,-69.44191292078439,-0.056015193462371826,-0.06474220752716064,-0.037109375,,-1.0
L3.2-3B,0,global,2.0,alpaca,"Instruction:
What would be the best type of exercise for a person who has arthritis?",What type of exercise would be considered the most beneficial and suitable for an individual who is living with arthritis?,0.9296844005584717,"user

Instruction:
What would be the best type of exercise for a person who has arthritis?assistant

For individuals with arthritis, it's essential to choose exercises that are low-impact, gentle, and manageable to avoid exacerbating the condition. Here are some of the best types of exercises for people with arthritis:

1. **Water-based exercises**: Swimming, water aerobics, or simply walking in the water can be excellent options. The buoyancy of water reduces joint stress and provides a low-impact, gentle workout.
2. **Yoga**: Modified yoga poses can help improve flexibility, balance","What type of exercise would be considered the most beneficial and suitable for an individual who is living with arthritis?assistant

For individuals living with arthritis, it's essential to engage in exercises that are low-impact, gentle, and tailored to their specific needs and abilities. The most beneficial and suitable exercises for arthritis typically include:

1. **Water-based exercises**: Swimming, water aerobics, or simply walking in the water can be excellent options. The buoyancy of water reduces joint stress and provides a low-impact, gentle workout.
2. **Yoga**: Modified yoga exercises can help improve flexibility, balance,",62.59058071021574,0.9557924866676331,0.95751953125,30.0625,0.290283203125,,NO,1.0993031358885017,2.0,0.1875,0.0,-37.4094192897843,-0.07031548023223877,-0.04420751333236694,-0.0419921875,,-1.0
L3.2-3B,1,global,2.0,alpaca,"Instruction:
Calculate the atomic mass for lithium.",Please perform the calculation to determine the atomic mass specifically for the element lithium.,0.9201492071151733,": December 2023
Today Date: 16 Apr 2026

user

Instruction:
Calculate the atomic mass for lithium.assistant

The atomic mass of lithium is 6.94 u (unified atomic mass units).

Here's the breakdown of the atomic mass of lithium:

- Lithium-6: 6.015122 u (6 protons, 0 neutrons)
- Lithium-7: 6.941514 u (7 protons, 0 neutrons)
- Lithium-8: 8.013287 u (8 protons, 0 neutrons)

The average atomic mass of",": 16 Apr 2026

user

Please perform the calculation to determine the atomic mass specifically for the element lithium.assistant

The atomic mass of lithium is 6.94 u (unified atomic mass units).

To calculate the atomic mass, we need to consider the number of protons, neutrons, and electrons in an atom of lithium.

Lithium has an atomic number of 3, which means it has 3 protons in its atomic nucleus. The atomic mass of a proton is approximately 1.007276 u.

Since lithium has 3 protons, its atomic mass due to protons is",26.151080932445414,0.8925302028656006,0.953125,26.75,0.166015625,,NO,1.3229166666666667,2.0,0.1875,0.0,-73.84891906755463,-0.07985067367553711,-0.10746979713439941,-0.0478515625,,-1.0
L3.2-3B,2,global,2.0,alpaca,"Instruction:
Convert the following binary code to ASCII characters.

Input:
01110101 01100001 01110010 01101001 01110100","Instruction:
Please convert the binary code that is provided below into its corresponding ASCII characters.

Input:
01110101 01100001 01110010 01101001 01110100",0.9668928384780884,"01101001 01110100assistant

To convert the given binary code to ASCII characters, we need to convert each binary number to its corresponding ASCII value and then convert that value to the corresponding character.

Here's the step-by-step conversion:

1. 01110101 = 213 (ASCII value)
   Character: @

2. 01100001 = 65 (ASCII value)
   Character: A

3. 01110010 = 98 (ASCII value)
   Character: c

4. 01101001","01 01110100assistant

To convert the binary code into ASCII characters, we need to pair each binary number with its corresponding ASCII value. Here's the conversion:

- 01110101 = H (ASCII value 72)
- 01100001 = a (ASCII value 97)
- 01110010 = n (ASCII value 110)
- 01101001 = e (ASCII value 101)
- 01110100 = t (ASCII value 116)

The binary code translates to the string """,21.204818677521473,0.8984796404838562,0.9853515625,4.1875,-0.0107421875,,NO,0.9164619164619164,2.0,0.1875,0.0,-78.79518132247857,-0.03310716152191162,-0.10152024030685425,-0.0146484375,,-1.0
L3.2-3B,3,global,2.0,alpaca,"Instruction:
Take this sentence and make it more descriptive: She was scared.

Input:
She was scared.","She was filled with a deep sense of fear and anxiety, her heart racing and her mind racing with unsettling thoughts.",0.8356643915176392,"this sentence and make it more descriptive: She was scared.

Input:
She was scared.assistant

She was consumed by an overwhelming sense of trepidation, her heart racing with a mix of fear and anxiety that threatened to overwhelm her, her eyes wide with a desperate plea for reassurance, and her entire being trembling with a silent scream that was barely audible.","with a deep sense of fear and anxiety, her heart racing and her mind racing with unsettling thoughts.assistant

As she stood frozen in the dimly lit room, the shadows cast by the flickering candles seemed to dance across her pale face, accentuating her growing unease. Her breath came in short, sharp gasps, and her eyes darted back and forth, searching for an escape or a way to calm the storm raging inside her. The air was thick with tension, and she could feel the weight of her fears bearing down upon her, making it hard to think, hard to breathe, and",7.264165069133183,0.8528295159339905,0.767578125,83.25,0.0791015625,,YES,1.5511363636363635,2.0,0.1875,1.0,-92.73583493086686,-0.1643357276916504,-0.14717048406600952,-0.23193359375,,0.0
L3.2-3B,4,global,2.0,alpaca,"Instruction:
Brainstorm 3 possible ideas to promote the following product

Input:
New motorized skateboard","Please generate and brainstorm three distinct and possible ideas that could effectively promote the following innovative product, which is a new motorized skateboard.",0.9067021608352661,":
Brainstorm 3 possible ideas to promote the following product

Input:
New motorized skateboardassistant

Here are three possible ideas to promote the new motorized skateboard:

1. **""Shred the Streets"" Social Media Campaign**:
Create a social media contest where users can share videos of themselves riding the motorized skateboard in creative and daring stunts, tricks, and locations. Encourage users to use a branded hashtag and tag the product. The best submissions will win prizes such as a new motorized skateboard, gear, or even a trip to a skate park. This campaign will generate buzz,","that could effectively promote the following innovative product, which is a new motorized skateboard.assistant

Here are three distinct and possible ideas to promote the innovative motorized skateboard:

**Idea 1: ""Shred the Streets"" Social Media Campaign**

* Target Audience: Young adults (18-30 years old) who are active on social media platforms such as Instagram, TikTok, and YouTube.
* Objective: Create a buzz around the motorized skateboard by showcasing its capabilities and encouraging users to share their own experiences and tricks.
* Strategy:
	+ Launch a series of short, high-energy",22.235484669953507,0.8885372281074524,0.92724609375,27.375,0.29052734375,,NO,0.9881956155143339,2.0,0.1875,0.0,-77.76451533004654,-0.09329783916473389,-0.11146277189254761,-0.07373046875,,-1.0
L3.2-3B,5,global,2.0,alpaca,"Instruction:
Rewrite the sentence using imperative mood.

Input:
Please pick up the book from the shelf.",Pick up the book that is located on the shelf.,0.8796563148498535,"rite the sentence using imperative mood.

Input:
Please pick up the book from the shelf.assistant

Here's the rewritten sentence in the imperative mood:

Pick up the book from the shelf.",": December 2023
Today Date: 16 Apr 2026

user

Pick up the book that is located on the shelf.assistant

I'm not capable of physically interacting with the world, so I won't be able to pick up a book from a shelf. I exist solely as a digital entity, and I don't have a physical presence. I can provide information and assist with tasks, but I'm not capable of performing physical actions.",7.644087485446753,0.8514895439147949,0.31982421875,25.5,0.93310546875,,YES,2.12,2.0,0.1875,1.0,-92.3559125145533,-0.12034356594085693,-0.14851045608520508,-0.68017578125,,0.0
L3.2-3B,6,global,2.0,alpaca,"Instruction:
Describe a picnic vacation where four people are travelling together.

Input:
Four people are travelling together to a picnic vacation.","A group consisting of four individuals is embarking on a delightful picnic vacation, traveling together to enjoy a day filled with food, fun, and relaxation in a picturesque outdoor setting. They are looking forward to making wonderful memories during this trip.",0.8561822772026062,"together.

Input:
Four people are travelling together to a picnic vacation.assistant

The four friends, Alex, Sarah, Jack, and Emily, were beyond excited as they set off on their highly anticipated picnic vacation. They had been planning this trip for months, and the anticipation had been building up. The group of friends had decided to take a break from their busy lives and spend a few days in the beautiful countryside, surrounded by nature and good company.

As they arrived at their destination, a picturesque meadow nestled between two hills, they couldn't help but feel a sense of","What a lovely scenario! The group of four friends, excited and eager to spend a day together, are likely to have a fantastic time on their picnic vacation. As they set out, they can't wait to indulge in delicious food, soak up the sun, and enjoy each other's company in a beautiful outdoor setting.

The group may have packed a variety of tasty dishes, from classic sandwiches and salads to refreshing fruits and cheeses, to satisfy everyone's cravings. They might also bring along refreshing drinks,",5.783734072450059,0.861475944519043,0.771484375,56.125,0.25634765625,,NO,0.8650519031141869,2.0,0.1875,0.0,-94.21626592754998,-0.14381760358810425,-0.13852399587631226,-0.22802734375,,-1.0
L3.2-3B,7,global,2.0,alpaca,"Instruction:
Explain the concept of Big Data and what it means for companies and customers.","Please provide a detailed explanation of the concept known as Big Data, including its implications and significance for both companies and customers in today’s digital landscape.",0.9163071513175964,"user

Instruction:
Explain the concept of Big Data and what it means for companies and customers.assistant

**What is Big Data?**

Big Data refers to the vast amounts of structured and unstructured data that organizations generate and collect from various sources, such as social media, sensors, IoT devices, and customer interactions. This data is characterized by its large volume, velocity, variety, and veracity, making it challenging to process, analyze, and make decisions based on.

**Key Characteristics of Big Data:**

1. **Volume**: The sheer amount of data generated is enormous, often measured in pet","implications and significance for both companies and customers in today’s digital landscape.assistant

Big Data refers to the vast amounts of structured and unstructured data that organizations generate and collect from various sources, such as social media, sensors, IoT devices, and customer interactions. This data is characterized by its size, complexity, and variety, making it challenging to process, analyze, and make decisions based on it.

**Characteristics of Big Data:**

1. **Volume**: Big Data refers to the sheer volume of data generated by organizations, which can be measured in petabytes (1 pet",60.78992659802092,0.9421383142471313,0.966796875,12.375,0.2724609375,,NO,1.0084033613445378,2.0,0.1875,0.0,-39.21007340197912,-0.08369296789169312,-0.05786168575286865,-0.0341796875,,-1.0
L3.2-3B,8,global,2.0,alpaca,"Instruction:
Analyze the given phrase in terms of its connotations.

Input:
Wild goose chase","Instruction:
Examine and analyze the provided phrase in relation to its various connotations and implications.

Input:
Wild goose chase",0.9644123315811157,"Instruction:
Analyze the given phrase in terms of its connotations.

Input:
Wild goose chaseassistant

The phrase ""wild goose chase"" has several connotations:

1. **Futile or unproductive pursuit**: The phrase implies a search or pursuit that is unlikely to succeed or achieve its intended goal. It suggests that the effort is being wasted or that the outcome is uncertain.
2. **Unpredictable or chaotic**: The phrase ""wild"" implies a sense of unpredictability and chaos, suggesting that the pursuit is erratic, uncontrolled, or difficult to manage.
3. **Playful or","analyze the provided phrase in relation to its various connotations and implications.

Input:
Wild goose chaseassistant

The phrase ""wild goose chase"" has a rich history and multiple connotations, which can be analyzed as follows:

**Literal meaning:** A wild goose chase refers to a pursuit or search for something that is elusive, futile, or unattainable. It involves a frantic and often aimless search, where the person or group is following a lead or clue that ultimately leads nowhere.

**Connotations:**

1. **Frustration and disappointment:** The phrase is often associated with feelings of frustration",20.002794626763233,0.895721435546875,0.91259765625,23.1875,0.0634765625,,NO,1.0778761061946902,2.0,0.1875,0.0,-79.99720537323681,-0.03558778762817383,-0.104278564453125,-0.08740234375,,-1.0
L3.2-3B,9,global,2.0,alpaca,"Instruction:
List three potential sources for the following research problem.

Input:
What are the benefits of online learning?","Please provide a list that includes three possible sources that could be utilized for addressing the following research problem in detail. 

Input:
What are the various benefits associated with online learning?",0.93157559633255,"sources for the following research problem.

Input:
What are the benefits of online learning?assistant

Here are three potential sources for researching the benefits of online learning:

1. **National Center for Education Statistics (NCES)**: The NCES is a trusted source of education data and research from the U.S. Department of Education. They publish reports and studies on various aspects of education, including online learning, and can provide valuable insights into the benefits of online learning.

Source: National Center for Education Statistics (nces.ed.gov)

2. **Journal of Educational Psychology**: This peer-reviewed journal is a","the various benefits associated with online learning?assistant

Here are three possible sources that could be utilized for addressing the research problem of identifying the various benefits associated with online learning:

1. **National Center for Education Statistics (NCES)**: The NCES is a trusted source of education data and research in the United States. They provide a wealth of information on the benefits of online learning, including studies on student outcomes, teacher training, and program evaluation. The NCES website (nces.ed.gov) offers a range of resources, including reports, data visual",39.27057166205558,0.9190610647201538,0.96484375,24.0625,0.058349609375,,NO,0.9400630914826499,2.0,0.1875,0.0,-60.72942833794446,-0.06842440366744995,-0.08093893527984619,-0.03515625,,-1.0
L3.2-3B,10,global,2.0,alpaca,"Instruction:
Arrange the following countries in ascending order of GDP per capita.

Input:
China, US, India, Japan","Instruction:
Please arrange the following countries in an ascending order based on their GDP per capita figures, starting from the lowest to the highest.

Input:
China, United States, India, Japan",0.9586496949195862,"ascending order of GDP per capita.

Input:
China, US, India, Japanassistant

To arrange the countries in ascending order of GDP per capita, we need to know the GDP per capita values for each country. Based on available data (as of 2021), here are the GDP per capita values for the given countries:

- China: $10,260
- India: $2,134
- Japan: $44,914
- US: $69,862

In ascending order, the countries are:

1. India ($2,134)
2. China ($","United States, India, Japanassistant

To arrange the countries in ascending order based on their GDP per capita figures, I'll need the actual GDP per capita figures for each country. However, based on the available data (as of 2021), here's the arrangement from lowest to highest:

1. India - $2,134
2. China - $10,260
3. Japan - $44,914
4. United States - $69,862

So, the correct order from lowest to highest is: India",28.397140123580137,0.9267453551292419,0.97216796875,22.75,0.19189453125,,NO,0.9699769053117783,2.0,0.1875,0.0,-71.6028598764199,-0.04135042428970337,-0.07325464487075806,-0.02783203125,,-1.0
L3.2-3B,11,global,2.0,alpaca,"Instruction:
Name the boat depicted in the provided photo.

Input:
Attached photo",Please identify and provide the name of the boat that is shown in the photo that has been attached for your reference.,0.874957263469696,"2026

user

Instruction:
Name the boat depicted in the provided photo.

Input:
Attached photoassistant

I'm a large language model, I don't have the capability to access or view images. I can only respond to text-based input. If you describe the boat or provide a text-based representation of the boat, I can try to help you identify it.","provide the name of the boat that is shown in the photo that has been attached for your reference.assistant

I'm a large language model, I don't have the capability to access or view images. I can only respond to text-based input. I don't have a photo attached to this conversation. If you'd like to describe the boat or provide more context, I'd be happy to try and help you identify it.",44.19689840224269,0.9204710125923157,0.82763671875,25.5,0.451171875,,NO,1.1355421686746987,2.0,0.1875,0.0,-55.803101597757355,-0.1250426173210144,-0.07952898740768433,-0.17333984375,,-1.0
L3.2-3B,12,global,2.0,alpaca,"Instruction:
Edit the grammar and punctuation of the given sentence.

Input:
Humor is one of the most important ingredients of life","Instruction:
Please edit the grammar as well as the punctuation of the sentence that has been provided.

Input:
Humor is considered to be one of the most important ingredients that contribute significantly to the overall experience of life.",0.9465001821517944,".

Input:
Humor is one of the most important ingredients of lifeassistant

Here's the corrected sentence:

""Humor is one of the most important ingredients of life.""

I made the following changes:

- Added a period (.) at the end of the sentence to indicate its completion.
- Changed ""of the most important ingredients"" to ""one of the most important ingredients"" to make the sentence grammatically correct and idiomatic.","assistant

Here's the edited sentence with corrected grammar and punctuation:

Humor is considered one of the most important ingredients that significantly contribute to the overall experience of life.

I made the following changes:

- Added a comma after ""ingredients"" to separate the two independent clauses and improve sentence clarity.
- Changed ""that contribute"" to ""that significantly contribute"" to make the verb phrase more idiomatic and precise.",28.019907997562644,0.9157484769821167,0.96240234375,30.9375,0.12158203125,,NO,1.0572792362768497,2.0,0.1875,0.0,-71.9800920024374,-0.053499817848205566,-0.08425146341323853,-0.03759765625,,-1.0
L3.2-3B,13,global,2.0,alpaca,"Instruction:
Calculate the length of the hypotenuse in the following triangle.

Input:
![alt text](https://www.onlinemathlearning.com/image-files/triangle-hypotenuse-length.png ""Right Triangle"")","Instruction:
Please calculate the length of the hypotenuse in the triangle that is shown below.

Input:
![alt text](https://www.onlinemathlearning.com/image-files/triangle-hypotenuse-length.png ""Right Triangle"")",0.9828481078147888,"To calculate the length of the hypotenuse, we need to use the Pythagorean theorem, which states that in a right-angled triangle, the square of the length of the hypotenuse (c) is equal to the sum of the squares of the lengths of the other two sides (a and b).

The formula is:

c² = a² + b²

In this case, we are given the lengths of the two sides (a = 3 and b = 4","To calculate the length of the hypotenuse, we need to use the Pythagorean theorem, which states that in a right-angled triangle, the square of the length of the hypotenuse (c) is equal to the sum of the squares of the lengths of the other two sides (a and b). The formula is:

c² = a² + b²

From the given triangle, we can see that the lengths of the two sides are 3 and 4. Let",83.1427012021677,0.9734055995941162,0.95458984375,1.515625,-0.0068359375,,NO,1.0357142857142858,2.0,0.1875,0.0,-16.857298797832343,-0.01715177297592163,-0.02659440040588379,-0.044921875,,-1.0
L3.2-3B,14,global,2.0,alpaca,"Instruction:
How many instruments does a symphony orchestra typically have?",How many different musical instruments can one typically expect to find in a symphony orchestra?,0.9230520725250244,": 16 Apr 2026

user

Instruction:
How many instruments does a symphony orchestra typically have?assistant

A typical symphony orchestra usually consists of around 80-100 musicians, divided into four main sections:

1. Strings (30-40 players):
   - First violins (16-20 players)
   - Second violins (10-16 players)
   - Violas (8-12 players)
   - Cellos (8-12 players)
   - Double basses (6-8 players)

2. Woodwinds (20-25 players):
   - Flutes (2","2026

user

How many different musical instruments can one typically expect to find in a symphony orchestra?assistant

A typical symphony orchestra usually consists of around 80-100 musicians, and it can vary depending on the specific composition and the conductor's interpretation. However, here's a general breakdown of the main sections and the number of instruments you can typically expect to find in a symphony orchestra:

1. Strings:
	* First violins: 16-20 players
	* Second violins: 14-18 players
	* Violas: 10-12 players
	* Cel",24.723379575301543,0.88458251953125,0.91748046875,13.875,0.311279296875,,NO,1.2116279069767442,2.0,0.1875,0.0,-75.2766204246985,-0.07694792747497559,-0.11541748046875,-0.08251953125,,-1.0
L3.2-3B,15,global,2.0,alpaca,"Instruction:
Summarize the phrase: ""GPT is a natural language processing architecture.""","Please provide a concise summary of the phrase that states: ""GPT is an architecture designed for processing natural language.""",0.9272145628929138,"user

Instruction:
Summarize the phrase: ""GPT is a natural language processing architecture.""assistant

GPT stands for Generative Pre-trained Transformer. It is a type of artificial intelligence (AI) model that uses natural language processing (NLP) to understand, generate, and process human language.","concise summary of the phrase that states: ""GPT is an architecture designed for processing natural language.""assistant

The phrase you're referring to is likely from the paper ""Transformer: A Novel Neural Network Architecture for Natural Language Processing"" by Vaswani et al. in 2017. The full quote is:

""GPT is an architecture designed for processing natural language.""

This phrase highlights the primary focus of the GPT (Generative Pre-trained Transformer) model, which is to process and understand natural language.",6.970692565306983,0.8845594525337219,0.91357421875,9.5,0.548828125,,YES,1.792982456140351,2.0,0.1875,1.0,-93.02930743469307,-0.07278543710708618,-0.11544054746627808,-0.0859375,,0.0
L3.2-3B,0,global,3.0,alpaca,"Instruction:
What would be the best type of exercise for a person who has arthritis?",What would be considered the most beneficial and effective type of exercise for an individual who is living with arthritis and may be experiencing joint pain or discomfort as a result of this condition?,0.911834180355072,"user

Instruction:
What would be the best type of exercise for a person who has arthritis?assistant

For individuals with arthritis, it's essential to choose exercises that are low-impact, gentle, and manageable to avoid exacerbating the condition. Here are some of the best types of exercises for people with arthritis:

1. **Water-based exercises**: Swimming, water aerobics, or simply walking in the water can be excellent options. The buoyancy of water reduces joint stress and provides a low-impact, gentle workout.
2. **Yoga**: Modified yoga poses can help improve flexibility, balance","the most beneficial and effective type of exercise for an individual who is living with arthritis and may be experiencing joint pain or discomfort as a result of this condition?assistant

For individuals living with arthritis, it's essential to engage in exercises that are low-impact, gentle, and tailored to their specific needs. The most beneficial and effective type of exercise for managing arthritis-related joint pain and discomfort is often a combination of the following:

1. **Water-based exercises**: Swimming, water aerobics, or simply walking in the water can be excellent options. The buoyancy of water reduces joint stress and provides a low-impact, gentle workout.
2. **Yoga",51.36016373695726,0.9393941760063171,0.9560546875,31.5,0.256103515625,,NO,1.1829268292682926,3.0,0.125,0.0,-48.63983626304278,-0.08816570043563843,-0.06060582399368286,-0.04345703125,,-1.0
L3.2-3B,1,global,3.0,alpaca,"Instruction:
Calculate the atomic mass for lithium.",Please perform the calculation to determine the atomic mass value specifically for the element known as lithium.,0.9172132015228271,": December 2023
Today Date: 16 Apr 2026

user

Instruction:
Calculate the atomic mass for lithium.assistant

The atomic mass of lithium is 6.94 u (unified atomic mass units).

Here's the breakdown of the atomic mass of lithium:

- Lithium-6: 6.015122 u (6 protons, 0 neutrons)
- Lithium-7: 6.941514 u (7 protons, 0 neutrons)
- Lithium-8: 8.013287 u (8 protons, 0 neutrons)

The average atomic mass of","system

Cutting Knowledge Date: December 2023
Today Date: 16 Apr 2026

user

Please perform the calculation to determine the atomic mass value specifically for the element known as lithium.assistant

The atomic mass of lithium is 6.94 u (unified atomic mass units).",26.218393930531416,0.8933141231536865,0.95068359375,28.25,0.1923828125,,NO,0.6276041666666666,3.0,0.125,0.0,-73.78160606946862,-0.0827866792678833,-0.10668587684631348,-0.05029296875,,-1.0
L3.2-3B,2,global,3.0,alpaca,"Instruction:
Convert the following binary code to ASCII characters.

Input:
01110101 01100001 01110010 01101001 01110100","Instruction:
Please proceed to convert the binary code that is provided below into its corresponding ASCII characters.

Input:
01110101 01100001 01110010 01101001 01110100",0.968299388885498,"01101001 01110100assistant

To convert the given binary code to ASCII characters, we need to convert each binary number to its corresponding ASCII value and then convert that value to the corresponding character.

Here's the step-by-step conversion:

1. 01110101 = 213 (ASCII value)
   Character: @

2. 01100001 = 65 (ASCII value)
   Character: A

3. 01110010 = 98 (ASCII value)
   Character: c

4. 01101001","its corresponding ASCII characters.

Input:
01110101 01100001 01110010 01101001 01110100assistant

To convert the binary code into ASCII characters, we need to pair each binary number with its corresponding ASCII value. Here's the conversion:

- 01110101 = H (ASCII value 72)
- 01100001 = a (ASCII value 97)
- 01110010 = n (ASCII value 110)
- 01101001 = e (ASCII value 101)
- 01110100 = t (ASCII value 116)

The binary code translates to the string """,20.692486726965214,0.8972827792167664,0.982421875,2.9375,-0.01806640625,,NO,1.1056511056511056,3.0,0.125,0.0,-79.30751327303483,-0.03170061111450195,-0.10271710157394409,-0.017578125,,-1.0
L3.2-3B,3,global,3.0,alpaca,"Instruction:
Take this sentence and make it more descriptive: She was scared.

Input:
She was scared.","She was filled with an overwhelming sense of fear, her heart racing and palms sweating as anxiety gripped her. The feeling of dread washed over her, making her feel vulnerable and exposed to the unknown dangers that lurked around her.",0.8274151682853699,"this sentence and make it more descriptive: She was scared.

Input:
She was scared.assistant

She was consumed by an overwhelming sense of trepidation, her heart racing with a mix of fear and anxiety that threatened to overwhelm her, her eyes wide with a desperate plea for reassurance, and her entire being trembling with a silent scream that was barely audible.","washed over her, making her feel vulnerable and exposed to the unknown dangers that lurked around her.assistant

Her breath caught in her throat as she stood frozen, her eyes scanning the surroundings with a mix of desperation and panic. The air seemed to thicken, heavy with an unspoken threat, and she could feel the weight of it bearing down upon her. Every creak of the old wooden floorboards, every faint rustle of leaves outside, made her jump, her senses on high alert as she waited for the inevitable. The darkness seemed to closing in around her, suffocating her, and",4.616695653659319,0.8443750143051147,0.76904296875,97.5,0.1611328125,,NO,1.6051136363636365,3.0,0.125,0.0,-95.38330434634072,-0.17258495092391968,-0.15562498569488525,-0.23046875,,-1.0
L3.2-3B,4,global,3.0,alpaca,"Instruction:
Brainstorm 3 possible ideas to promote the following product

Input:
New motorized skateboard","Please take some time to brainstorm and come up with three distinct and creative ideas that could effectively promote the following product, which is a new and innovative motorized skateboard designed for an exciting riding experience.",0.890607476234436,":
Brainstorm 3 possible ideas to promote the following product

Input:
New motorized skateboardassistant

Here are three possible ideas to promote the new motorized skateboard:

1. **""Shred the Streets"" Social Media Campaign**:
Create a social media contest where users can share videos of themselves riding the motorized skateboard in creative and daring stunts, tricks, and locations. Encourage users to use a branded hashtag and tag the product. The best submissions will win prizes such as a new motorized skateboard, gear, or even a trip to a skate park. This campaign will generate buzz,","and creative ideas that could effectively promote the following product, which is a new and innovative motorized skateboard designed for an exciting riding experience.assistant

Here are three distinct and creative ideas to promote the new motorized skateboard:

**Idea 1: ""Shred the Streets"" Social Media Campaign**

* Concept: Encourage users to share their most epic motorized skateboard tricks and stunts on social media, using a branded hashtag (e.g. #ShredTheStreets).
* Partner with popular skateboarding influencers and action sports personalities to showcase the product's capabilities and features.
* Create a series of engaging videos and challenges that encourage",23.180800876851155,0.8998169898986816,0.9287109375,30.25,0.44091796875,,NO,1.1197301854974704,3.0,0.125,0.0,-76.81919912314889,-0.10939252376556396,-0.10018301010131836,-0.072265625,,-1.0
L3.2-3B,5,global,3.0,alpaca,"Instruction:
Rewrite the sentence using imperative mood.

Input:
Please pick up the book from the shelf.",Pick up the book that is located on the shelf. Make sure to retrieve it carefully and handle it with care as you bring it down from its place on the shelf.,0.8634279370307922,"rite the sentence using imperative mood.

Input:
Please pick up the book from the shelf.assistant

Here's the rewritten sentence in the imperative mood:

Pick up the book from the shelf.","the book that is located on the shelf. Make sure to retrieve it carefully and handle it with care as you bring it down from its place on the shelf.assistant

I'm happy to simulate this action for you. However, I'm a text-based AI and don't have a physical presence, so I won't actually be able to pick up a book. But I can describe the action as if I were doing it:

I slowly reach out and gently grasp the book that is located on the shelf. I make sure to get a firm but gentle grip on the cover, feeling the weight of the book in my hand. I take a deep breath to ensure I",3.7002983935565914,0.8460228443145752,0.35498046875,12.0,1.14892578125,,YES,3.2114285714285713,3.0,0.125,1.0,-96.29970160644345,-0.1365719437599182,-0.1539771556854248,-0.64501953125,,0.0
L3.2-3B,6,global,3.0,alpaca,"Instruction:
Describe a picnic vacation where four people are travelling together.

Input:
Four people are travelling together to a picnic vacation.","A group consisting of four individuals is embarking on a delightful picnic vacation, where they will be traveling together. This excursion promises to be a wonderful experience filled with laughter, food, and the joy of companionship as they explore the great outdoors. Their journey will take them to a picturesque location, perfect for enjoying a relaxing day away from their usual routines.",0.8560450673103333,"together.

Input:
Four people are travelling together to a picnic vacation.assistant

The four friends, Alex, Sarah, Jack, and Emily, were beyond excited as they set off on their highly anticipated picnic vacation. They had been planning this trip for months, and the anticipation had been building up. The group of friends had decided to take a break from their busy lives and spend a few days in the beautiful countryside, surrounded by nature and good company.

As they arrived at their destination, a picturesque meadow nestled between two hills, they couldn't help but feel a sense of","As the group of four friends set off on their picnic vacation, the excitement was palpable. They had been looking forward to this trip for weeks, and the anticipation was building up. The group consisted of two couples, all in their mid-twenties, who had been friends since college. They had always made it a point to take a annual trip together, and this year, they had chosen a beautiful park with a serene lake, lush greenery, and plenty of picnic spots.

As they",15.198890247721312,0.8827624320983887,0.775390625,46.75,0.2431640625,,NO,0.8062283737024222,3.0,0.125,0.0,-84.80110975227873,-0.1439548134803772,-0.11723750829696655,-0.22412109375,,-1.0
L3.2-3B,7,global,3.0,alpaca,"Instruction:
Explain the concept of Big Data and what it means for companies and customers.","Please provide a detailed explanation of the concept known as Big Data, including its implications and significance for both companies and customers. Elaborate on how Big Data influences business operations, decision-making processes, and customer experiences in today's data-driven world.",0.9109075665473938,"user

Instruction:
Explain the concept of Big Data and what it means for companies and customers.assistant

**What is Big Data?**

Big Data refers to the vast amounts of structured and unstructured data that organizations generate and collect from various sources, such as social media, sensors, IoT devices, and customer interactions. This data is characterized by its large volume, velocity, variety, and veracity, making it challenging to process, analyze, and make decisions based on.

**Key Characteristics of Big Data:**

1. **Volume**: The sheer amount of data generated is enormous, often measured in pet","business operations, decision-making processes, and customer experiences in today's data-driven world.assistant

Big Data refers to the vast amounts of structured and unstructured data that organizations generate and collect from various sources, including social media, sensors, IoT devices, and customer interactions. This data is characterized by its size, complexity, and variety, making it challenging to process, analyze, and make sense of it. The concept of Big Data has significant implications for both companies and customers, transforming the way businesses operate, make decisions, and deliver customer experiences.

**Characteristics of Big Data:**

1.",50.54505154530345,0.9279888272285461,0.95849609375,10.125,0.27099609375,,NO,1.0991596638655463,3.0,0.125,0.0,-49.45494845469659,-0.08909255266189575,-0.07201117277145386,-0.04248046875,,-1.0
L3.2-3B,8,global,3.0,alpaca,"Instruction:
Analyze the given phrase in terms of its connotations.

Input:
Wild goose chase","Instruction:
Conduct an analysis of the provided phrase by examining its connotations and the implications it carries within various contexts.

Input:
The phrase ""wild goose chase""",0.936140775680542,"Instruction:
Analyze the given phrase in terms of its connotations.

Input:
Wild goose chaseassistant

The phrase ""wild goose chase"" has several connotations:

1. **Futile or unproductive pursuit**: The phrase implies a search or pursuit that is unlikely to succeed or achieve its intended goal. It suggests that the effort is being wasted or that the outcome is uncertain.
2. **Unpredictable or chaotic**: The phrase ""wild"" implies a sense of unpredictability and chaos, suggesting that the pursuit is erratic, uncontrolled, or difficult to manage.
3. **Playful or","Instruction:
Conduct an analysis of the provided phrase by examining its connotations and the implications it carries within various contexts.

Input:
The phrase ""wild goose chase""assistant

The phrase ""wild goose chase"" is a common idiom that carries a rich set of connotations and implications across various contexts. Here's an analysis of its meaning, connotations, and implications:

**Meaning:** A wild goose chase refers to a pursuit or search that is futile, aimless, or misguided, often resulting in a waste of time and energy. It describes a situation where someone is following a lead or clue that ultimately leads nowhere, or where the pursuit is driven by a false",13.102766425571135,0.8859683871269226,0.83984375,42.3125,0.10107421875,,NO,1.176991150442478,3.0,0.125,0.0,-86.89723357442891,-0.06385934352874756,-0.11403161287307739,-0.16015625,,-1.0
L3.2-3B,9,global,3.0,alpaca,"Instruction:
List three potential sources for the following research problem.

Input:
What are the benefits of online learning?",Please provide a list that includes three possible sources that could be utilized for conducting research on the specific problem that has been presented. The research problem in question is focused on identifying and understanding the various benefits that are associated with online learning as an educational method.,0.8887891173362732,"sources for the following research problem.

Input:
What are the benefits of online learning?assistant

Here are three potential sources for researching the benefits of online learning:

1. **National Center for Education Statistics (NCES)**: The NCES is a trusted source of education data and research from the U.S. Department of Education. They publish reports and studies on various aspects of education, including online learning, and can provide valuable insights into the benefits of online learning.

Source: National Center for Education Statistics (nces.ed.gov)

2. **Journal of Educational Psychology**: This peer-reviewed journal is a","and understanding the various benefits that are associated with online learning as an educational method.assistant

Here are three possible sources that could be utilized for conducting research on the benefits of online learning:

1. **Academic Journals**:
   - Journal of Educational Psychology: This journal is a leading publication in the field of educational psychology and publishes research on various aspects of learning, including online learning.
   - Journal of Online Learning and Teaching: This journal is specifically focused on the study of online learning and publishes research on topics such as online course design, online teaching methods, and student outcomes.",20.671837693977942,0.8885594606399536,0.93603515625,32.3125,0.219482421875,,NO,1.0567823343848581,3.0,0.125,0.0,-79.32816230602211,-0.1112108826637268,-0.11144053936004639,-0.06396484375,,-1.0
L3.2-3B,10,global,3.0,alpaca,"Instruction:
Arrange the following countries in ascending order of GDP per capita.

Input:
China, US, India, Japan","Instruction:
Please take the following list of countries and organize them in a sequence that reflects their GDP per capita, starting from the lowest and moving to the highest. 

Input:
The countries to be arranged are China, the United States, India, and Japan.",0.9158206582069397,"ascending order of GDP per capita.

Input:
China, US, India, Japanassistant

To arrange the countries in ascending order of GDP per capita, we need to know the GDP per capita values for each country. Based on available data (as of 2021), here are the GDP per capita values for the given countries:

- China: $10,260
- India: $2,134
- Japan: $44,914
- US: $69,862

In ascending order, the countries are:

1. India ($2,134)
2. China ($","be arranged are China, the United States, India, and Japan.assistant

To arrange the countries by GDP per capita, I'll use the available data from 2021. 

According to the World Bank, the GDP per capita for each country in 2021 is:

- China: $10,260
- India: $2,134
- United States: $69,862
- Japan: $44,914

In order from lowest to highest GDP per capita, the sequence is:

1. India ($2,134)
2. China ($10",39.98751431863824,0.939693033695221,0.93994140625,17.9375,0.212890625,,NO,0.9122401847575058,3.0,0.125,0.0,-60.0124856813618,-0.08417946100234985,-0.06030696630477905,-0.06005859375,,-1.0
L3.2-3B,11,global,3.0,alpaca,"Instruction:
Name the boat depicted in the provided photo.

Input:
Attached photo",Please identify and provide the name of the boat that is shown in the photo that has been attached for your reference.,0.8749570846557617,"2026

user

Instruction:
Name the boat depicted in the provided photo.

Input:
Attached photoassistant

I'm a large language model, I don't have the capability to access or view images. I can only respond to text-based input. If you describe the boat or provide a text-based representation of the boat, I can try to help you identify it.","December 2023
Today Date: 16 Apr 2026

user

Please identify and provide the name of the boat that is shown in the photo that has been attached for your reference.assistant

I'm a large language model, I don't have the capability to access or view images. I can only respond to text-based input. I don't have a photo attached to this conversation. If you'd like to describe the boat or provide more context, I'd be happy to try and help you identify it.",39.10981597550954,0.9175064563751221,0.82763671875,25.5,0.451171875,,NO,1.3162650602409638,3.0,0.125,0.0,-60.8901840244905,-0.12504279613494873,-0.08249354362487793,-0.17333984375,,-1.0
L3.2-3B,12,global,3.0,alpaca,"Instruction:
Edit the grammar and punctuation of the given sentence.

Input:
Humor is one of the most important ingredients of life","Instruction:
Please proceed to edit and make corrections to the grammar as well as the punctuation of the sentence that has been provided.

Input:
Humor is considered to be one of the most important and essential ingredients that contribute significantly to the overall experience of life.",0.934115469455719,".

Input:
Humor is one of the most important ingredients of lifeassistant

Here's the corrected sentence:

""Humor is one of the most important ingredients of life.""

I made the following changes:

- Added a period (.) at the end of the sentence to indicate its completion.
- Changed ""of the most important ingredients"" to ""one of the most important ingredients"" to make the sentence grammatically correct and idiomatic.","most important and essential ingredients that contribute significantly to the overall experience of life.assistant

Here's the corrected sentence:

Humor is considered to be one of the most important and essential ingredients that contribute significantly to the overall experience of life.

The sentence is grammatically correct and well-structured. However, I would suggest a slight rephrasing for better clarity and flow:

Humor is one of the most important and essential ingredients that contribute significantly to the overall experience of life.

The original sentence is a bit wordy, and the phrase ""that contribute"" is not necessary. The revised",18.078479067371244,0.8765658140182495,0.94970703125,39.6875,0.15185546875,,NO,1.532219570405728,3.0,0.125,0.0,-81.9215209326288,-0.065884530544281,-0.12343412637710571,-0.05029296875,,-1.0
L3.2-3B,13,global,3.0,alpaca,"Instruction:
Calculate the length of the hypotenuse in the following triangle.

Input:
![alt text](https://www.onlinemathlearning.com/image-files/triangle-hypotenuse-length.png ""Right Triangle"")","Instruction:
Please calculate the length of the hypotenuse in the triangle that is depicted in the image provided below.

Input:
![alt text](https://www.onlinemathlearning.com/image-files/triangle-hypotenuse-length.png ""Right Triangle"")",0.9751384854316711,"To calculate the length of the hypotenuse, we need to use the Pythagorean theorem, which states that in a right-angled triangle, the square of the length of the hypotenuse (c) is equal to the sum of the squares of the lengths of the other two sides (a and b).

The formula is:

c² = a² + b²

In this case, we are given the lengths of the two sides (a = 3 and b = 4","/image-files/triangle-hypotenuse-length.png ""Right Triangle"")assistant

I'm a large language model, I don't have the capability to directly access or view images. However, I can guide you through the steps to calculate the length of the hypotenuse in a right triangle.

To calculate the length of the hypotenuse, you can use the Pythagorean theorem, which states that in a right-angled triangle, the square of the length of the hypotenuse (c) is equal to the sum of the squares of the lengths of the other two",46.86960480014638,0.8821747899055481,0.693359375,11.671875,0.0390625,,NO,1.3681318681318682,3.0,0.125,0.0,-53.130395199853666,-0.024861395359039307,-0.1178252100944519,-0.30615234375,,-1.0
L3.2-3B,14,global,3.0,alpaca,"Instruction:
How many instruments does a symphony orchestra typically have?",How many different musical instruments are typically included in a symphony orchestra?,0.9312426447868347,": 16 Apr 2026

user

Instruction:
How many instruments does a symphony orchestra typically have?assistant

A typical symphony orchestra usually consists of around 80-100 musicians, divided into four main sections:

1. Strings (30-40 players):
   - First violins (16-20 players)
   - Second violins (10-16 players)
   - Violas (8-12 players)
   - Cellos (8-12 players)
   - Double basses (6-8 players)

2. Woodwinds (20-25 players):
   - Flutes (2","system

Cutting Knowledge Date: December 2023
Today Date: 16 Apr 2026

user

How many different musical instruments are typically included in a symphony orchestra?assistant

A typical symphony orchestra usually consists of around 80-100 musicians and includes a wide range of instruments. Here's a breakdown of the main sections and the number of instruments typically found in each:

1. Strings:
	* First violins: 16-20 players
	* Second violins: 14-18 players
	* Violas: 8-12 players
	* Cellos: 8-12 players
	* Double basses: 6-8",30.149780753337048,0.8941749930381775,0.94482421875,14.0,0.289794921875,,NO,1.1790697674418604,3.0,0.125,0.0,-69.85021924666299,-0.06875735521316528,-0.10582500696182251,-0.05517578125,,-1.0
L3.2-3B,15,global,3.0,alpaca,"Instruction:
Summarize the phrase: ""GPT is a natural language processing architecture.""","Can you provide a summary of the phrase that states: ""GPT is a natural language processing architecture,"" which describes the framework and structure used for understanding and generating human language through computational methods?",0.8994385004043579,"user

Instruction:
Summarize the phrase: ""GPT is a natural language processing architecture.""assistant

GPT stands for Generative Pre-trained Transformer. It is a type of artificial intelligence (AI) model that uses natural language processing (NLP) to understand, generate, and process human language.",": ""GPT is a natural language processing architecture,"" which describes the framework and structure used for understanding and generating human language through computational methods?assistant

The phrase ""GPT is a natural language processing architecture"" refers to the Generative Pre-trained Transformer (GPT) model, which is a type of neural network designed to understand and generate human language. Here's a summary of the framework and structure used in GPT:

**Key Components:**

1. **Transformer Architecture**: GPT is based on the Transformer architecture, which is a type of neural network that uses self-attention mechanisms to process sequential data, such as text.
2. **",13.168690650324164,0.8855227828025818,0.8056640625,-8.5,0.494140625,,YES,2.357894736842105,3.0,0.125,1.0,-86.83130934967588,-0.10056149959564209,-0.11447721719741821,-0.19384765625,,0.0
