model,prompt_id,place,strength,category,prompt_orig,prompt_pert,bertscore_prompt,response_orig,response_pert,bleu,bertscore_response,activation_similarity,delta_log_prob,entropy_shift,mirroring_rate,delta_bleu,delta_bertscore_prompt,delta_bertscore_response,delta_activation_similarity,delta_mirroring_rate
L3.2-3B,0,prefix,0,natural_questions,who did deion sanders go in the hall of fame as,who did deion sanders go in the hall of fame as,1.0,Deion Sanders was inducted into the Pro Football Hall of Fame in 2011. He was inducted as a member of the Atlanta Falcons and the Dallas Cowboys.,Deion Sanders was inducted into the Pro Football Hall of Fame in 2011. He was inducted as a member of the Atlanta Falcons and the Dallas Cowboys.,100.00000000000004,0.9999998807907104,1.0009765625,-0.0,0.0,0,0.0,0.0,0.0,0.0,0
L3.2-3B,1,prefix,0,natural_questions,what is the title of the person who runs the house of representatives,what is the title of the person who runs the house of representatives,1.0,The title of the person who runs the House of Representatives is the Speaker of the House.,The title of the person who runs the House of Representatives is the Speaker of the House.,100.00000000000004,1.0,1.0,-0.0,0.0,0,0.0,0.0,0.0,0.0,0
L3.2-3B,2,prefix,0,natural_questions,why did france decide to aid the united states in its war for independence,why did france decide to aid the united states in its war for independence,1.0,"France decided to aid the United States in its war for independence from Great Britain in 1778, after several factors contributed to this decision. Here are some key reasons:

1. **Enmity with Great Britain**: France and Great Britain had a long-standing rivalry, dating back to the Seven Years' War (1756-1763). France was dissatisfied with the Treaty of Paris, which ended the war and ceded Canada to Britain. France also felt that Britain was trying to limit its","France decided to aid the United States in its war for independence from Great Britain in 1778, after several factors contributed to this decision. Here are some key reasons:

1. **Enmity with Great Britain**: France and Great Britain had a long-standing rivalry, dating back to the Seven Years' War (1756-1763). France was dissatisfied with the Treaty of Paris, which ended the war and ceded Canada to Britain. France also felt that Britain was trying to limit its",100.00000000000004,1.0,0.99951171875,-0.0,0.0,0,0.0,0.0,0.0,0.0,0
L3.2-3B,3,prefix,0,natural_questions,yo la tengo theres a riot going on release date,yo la tengo theres a riot going on release date,1.0,"assistant

""Yo La Tengo"" is a band known for their eclectic and experimental sound. ""There's a Riot Going On"" is indeed a song by the band, and it was released in 1990 on their album ""Pain and Suffering"".","assistant

""Yo La Tengo"" is a band known for their eclectic and experimental sound. ""There's a Riot Going On"" is indeed a song by the band, and it was released in 1990 on their album ""Pain and Suffering"".",100.00000000000004,1.0,1.0,-0.0,0.0,0,0.0,0.0,0.0,0.0,0
L3.2-3B,4,prefix,0,natural_questions,who played the hobbits in the lord of the rings,who played the hobbits in the lord of the rings,0.9999998807907104,"assistant

Here's a list of the main hobbits in J.R.R. Tolkien's ""The Lord of the Rings"" and the actors who played them in the 2001-2003 film trilogy:

1. Frodo Baggins (played by Elijah Wood)
2. Samwise Gamgee (played by Sean Astin)
3. Meriadoc Brandybuck (played by Dominic Monaghan)
4. Peregrin Took (played by Billy Boyd)
5. Bilbo Bagg","assistant

Here's a list of the main hobbits in J.R.R. Tolkien's ""The Lord of the Rings"" and the actors who played them in the 2001-2003 film trilogy:

1. Frodo Baggins (played by Elijah Wood)
2. Samwise Gamgee (played by Sean Astin)
3. Meriadoc Brandybuck (played by Dominic Monaghan)
4. Peregrin Took (played by Billy Boyd)
5. Bilbo Bagg",100.00000000000004,0.9999999403953552,1.0,-0.0,0.0,0,0.0,0.0,0.0,0.0,0
L3.2-3B,5,prefix,0,natural_questions,who played the doctor in band of brothers,who played the doctor in band of brothers,1.0,"brothersassistant

The character of Captain Richard Winters, the leader of Easy Company, 2nd Battalion, 506th Parachute Infantry Regiment, 101st Airborne Division, in the HBO miniseries ""Band of Brothers"" was played by actor Damian Lewis.

However, the character of the doctor in the show was actually Dr. John ""Doc"" Deering, played by actor Donnie Wahlberg's friend, actor Donnie Wahlberg's friend,  actor  Donnie's friend,","brothersassistant

The character of Captain Richard Winters, the leader of Easy Company, 2nd Battalion, 506th Parachute Infantry Regiment, 101st Airborne Division, in the HBO miniseries ""Band of Brothers"" was played by actor Damian Lewis.

However, the character of the doctor in the show was actually Dr. John ""Doc"" Deering, played by actor Donnie Wahlberg's friend, actor Donnie Wahlberg's friend,  actor  Donnie's friend,",100.00000000000004,0.9999998807907104,1.0,-0.0,0.0,0,0.0,0.0,0.0,0.0,0
L3.2-3B,6,prefix,0,natural_questions,short notes on characters of merchant of venice,short notes on characters of merchant of venice,1.000000238418579,"assistant

Here are some key character notes on the main characters in William Shakespeare's ""The Merchant of Venice"":

1. **Shylock**: The main antagonist, a Jewish moneylender who seeks revenge against Antonio for a past debt. He is intelligent, cunning, and ruthless.

2. **Antonio**: The wealthy merchant who borrows money from Shylock to finance his voyage. He is a complex character, showing both generosity and cowardice.

3. **Portia**: The wealthy heiress","assistant

Here are some key character notes on the main characters in William Shakespeare's ""The Merchant of Venice"":

1. **Shylock**: The main antagonist, a Jewish moneylender who seeks revenge against Antonio for a past debt. He is intelligent, cunning, and ruthless.

2. **Antonio**: The wealthy merchant who borrows money from Shylock to finance his voyage. He is a complex character, showing both generosity and cowardice.

3. **Portia**: The wealthy heiress",100.00000000000004,0.9999998807907104,1.0009765625,-0.0,0.0,0,0.0,0.0,0.0,0.0,0
L3.2-3B,7,prefix,0,natural_questions,did the movie rocky win any academy awards,did the movie rocky win any academy awards,0.9999998211860656,"awardsassistant

Yes, the movie ""Rocky"" (1976) won several Academy Awards. At the 49th Academy Awards in 1977, ""Rocky"" won three Oscars:

1. Best Picture: John G. Avildsen, Robert Chartoff, and Irwin Winkler
2. Best Director: John G. Avildsen
3. Best Film Editing: Richard Halsey and Scott Conrad

Additionally, the film was nominated for seven other categories, including Best Actor","awardsassistant

Yes, the movie ""Rocky"" (1976) won several Academy Awards. At the 49th Academy Awards in 1977, ""Rocky"" won three Oscars:

1. Best Picture: John G. Avildsen, Robert Chartoff, and Irwin Winkler
2. Best Director: John G. Avildsen
3. Best Film Editing: Richard Halsey and Scott Conrad

Additionally, the film was nominated for seven other categories, including Best Actor",100.00000000000004,1.0,0.99951171875,-0.0,0.0,0,0.0,0.0,0.0,0.0,0
L3.2-3B,8,prefix,0,natural_questions,where does the show the path take place,where does the show the path take place,0.9999998807907104,"placeassistant

The TV series ""The Path"" is set in the fictional town of Meyerism, which is modeled after the real-life town of New York City, but is actually filmed in various locations in New York and New Jersey.","placeassistant

The TV series ""The Path"" is set in the fictional town of Meyerism, which is modeled after the real-life town of New York City, but is actually filmed in various locations in New York and New Jersey.",100.00000000000004,0.9999998211860656,1.0009765625,-0.0,0.0,0,0.0,0.0,0.0,0.0,0
L3.2-3B,9,prefix,0,natural_questions,when did michigan last win a national championship,when did michigan last win a national championship,1.0,"assistant

The University of Michigan Wolverines have won several national championships in various sports. Here are some of their recent national championships:

* Football: The University of Michigan Wolverines last won a national championship in football in 1997, when they finished the season with a 12-0 record and won the AP Poll national championship.

* Basketball: The University of Michigan Wolverines men's basketball team last won a national championship in 1989, when they won the NCAA Tournament under coach Steve Fisher.

*","assistant

The University of Michigan Wolverines have won several national championships in various sports. Here are some of their recent national championships:

* Football: The University of Michigan Wolverines last won a national championship in football in 1997, when they finished the season with a 12-0 record and won the AP Poll national championship.

* Basketball: The University of Michigan Wolverines men's basketball team last won a national championship in 1989, when they won the NCAA Tournament under coach Steve Fisher.

*",100.00000000000004,1.0,0.99951171875,-0.0,0.0,0,0.0,0.0,0.0,0.0,0
L3.2-3B,10,prefix,0,natural_questions,sweet leavened bread prepared for easter in romania,sweet leavened bread prepared for easter in romania,0.9999999403953552,"You're referring to ""Pâine cu smântână"" or ""Pâine cu smântână"" in Romanian, which is a traditional sweet bread prepared for Easter in Romania.

Pâine cu smântână is a sweet bread made with yeast, flour, sugar, eggs, and sour cream (or sometimes milk), which gives it a rich and creamy texture. The dough is typically shaped into a round or oblong loaf and decorated with a cross on","You're referring to ""Pâine cu smântână"" or ""Pâine cu smântână"" in Romanian, which is a traditional sweet bread prepared for Easter in Romania.

Pâine cu smântână is a sweet bread made with yeast, flour, sugar, eggs, and sour cream (or sometimes milk), which gives it a rich and creamy texture. The dough is typically shaped into a round or oblong loaf and decorated with a cross on",100.00000000000004,1.0,0.99951171875,-0.0,0.0,0,0.0,0.0,0.0,0.0,0
L3.2-3B,11,prefix,0,natural_questions,when did united states enter world war i,when did united states enter world war i,1.0,"iassistant

The United States entered World War I on April 6, 1917, when Congress declared war on Germany. This decision was made after a series of events, including:

1. Germany's resumption of unrestricted submarine warfare, which led to the sinking of several American ships, including the passenger ship Lusitania in May 1915.
2. The Zimmermann Telegram, sent by Germany to Mexico in January 1917, which proposed an alliance between Germany and Mexico in the event of","iassistant

The United States entered World War I on April 6, 1917, when Congress declared war on Germany. This decision was made after a series of events, including:

1. Germany's resumption of unrestricted submarine warfare, which led to the sinking of several American ships, including the passenger ship Lusitania in May 1915.
2. The Zimmermann Telegram, sent by Germany to Mexico in January 1917, which proposed an alliance between Germany and Mexico in the event of",100.00000000000004,0.9999998807907104,0.99951171875,-0.0,0.0,0,0.0,0.0,0.0,0.0,0
L3.2-3B,12,prefix,0,natural_questions,where do secondary xylem and phloem cells arise from,where do secondary xylem and phloem cells arise from,1.0000001192092896,"Secondary xylem and phloem cells arise from the vascular cambium, a type of meristematic tissue found in plants. The vascular cambium is a layer of undifferentiated cells that lies between the primary xylem and phloem tissues in the stem and roots of woody plants.

The vascular cambium is responsible for producing new xylem and phloem cells through a process called secondary growth. This process involves the differentiation of the cambial cells into xylem","Secondary xylem and phloem cells arise from the vascular cambium, a type of meristematic tissue found in plants. The vascular cambium is a layer of undifferentiated cells that lies between the primary xylem and phloem tissues in the stem and roots of woody plants.

The vascular cambium is responsible for producing new xylem and phloem cells through a process called secondary growth. This process involves the differentiation of the cambial cells into xylem",100.00000000000004,0.9999999403953552,1.0,-0.0,0.0,0,0.0,0.0,0.0,0.0,0
L3.2-3B,13,prefix,0,natural_questions,when was modem invented and in which country,when was modem invented and in which country,1.0000001192092896,"countryassistant

The modem (modulator-demodulator) was invented in the 1950s. The first modem was developed in the United States in 1958 by Dennis Hayes and Dale Heatherington, who founded Hayes Microcomputer Products. However, the concept of modems dates back to the early 20th century.

The first commercial modem was the Bell 101, developed by AT&T in 1958. It was a dial-up modem that used a 110-baud (bits per second)","countryassistant

The modem (modulator-demodulator) was invented in the 1950s. The first modem was developed in the United States in 1958 by Dennis Hayes and Dale Heatherington, who founded Hayes Microcomputer Products. However, the concept of modems dates back to the early 20th century.

The first commercial modem was the Bell 101, developed by AT&T in 1958. It was a dial-up modem that used a 110-baud (bits per second)",100.00000000000004,1.0,1.0,-0.0,0.0,0,0.0,0.0,0.0,0.0,0
L3.2-3B,14,prefix,0,natural_questions,who sings the song one thing leads to another,who sings the song one thing leads to another,1.0,"assistant

The song ""One Thing Leads to Another"" is performed by the British band The Fixx. It was released in 1983 and became one of the band's most popular singles, reaching the top 10 in several countries, including the US, UK, and Australia.","assistant

The song ""One Thing Leads to Another"" is performed by the British band The Fixx. It was released in 1983 and became one of the band's most popular singles, reaching the top 10 in several countries, including the US, UK, and Australia.",100.00000000000004,1.0,1.0,-0.0,0.0,0,0.0,0.0,0.0,0.0,0
L3.2-3B,15,prefix,0,natural_questions,where did the term 'robot' come from,where did the term 'robot' come from,1.0,"assistant

The term ""robot"" has a fascinating history. It was coined by the Czech playwright Karel Čapek in his 1920 play ""R.U.R."" (Rossum's Universal Robots). Čapek, a science fiction writer, derived the word ""robot"" from the Czech word ""robota,"" which means ""forced labor"" or ""drudgery."" He combined it with the suffix ""-ot,"" which is a diminutive form, to create the word ""robot.""

Čape","assistant

The term ""robot"" has a fascinating history. It was coined by the Czech playwright Karel Čapek in his 1920 play ""R.U.R."" (Rossum's Universal Robots). Čapek, a science fiction writer, derived the word ""robot"" from the Czech word ""robota,"" which means ""forced labor"" or ""drudgery."" He combined it with the suffix ""-ot,"" which is a diminutive form, to create the word ""robot.""

Čape",100.00000000000004,1.0,1.0009765625,-0.0,0.0,0,0.0,0.0,0.0,0.0,0
L3.2-3B,0,prefix,1,natural_questions,who did deion sanders go in the hall of fame as, who did deion sanders go in the hall of fame as,1.0,Deion Sanders was inducted into the Pro Football Hall of Fame in 2011. He was inducted as a member of the Atlanta Falcons and the Dallas Cowboys.,Deion Sanders was inducted into the Pro Football Hall of Fame in 2011. He was inducted as a member of the Atlanta Falcons and the Dallas Cowboys.,100.00000000000004,0.9999998807907104,1.0009765625,-0.0,0.0,0,0.0,0.0,0.0,0.0,0
L3.2-3B,1,prefix,1,natural_questions,what is the title of the person who runs the house of representatives, what is the title of the person who runs the house of representatives,0.9999999403953552,The title of the person who runs the House of Representatives is the Speaker of the House.,The title of the person who runs the House of Representatives is the Speaker of the House.,100.00000000000004,1.0,1.0,-0.0,0.0,0,0.0,-5.960464477539063e-08,0.0,0.0,0
L3.2-3B,2,prefix,1,natural_questions,why did france decide to aid the united states in its war for independence, why did france decide to aid the united states in its war for independence,1.0,"France decided to aid the United States in its war for independence from Great Britain in 1778, after several factors contributed to this decision. Here are some key reasons:

1. **Enmity with Great Britain**: France and Great Britain had a long-standing rivalry, dating back to the Seven Years' War (1756-1763). France was dissatisfied with the Treaty of Paris, which ended the war and ceded Canada to Britain. France also felt that Britain was trying to limit its","France decided to aid the United States in its war for independence from Great Britain in 1778, after several factors contributed to this decision. Here are some key reasons:

1. **Enmity with Great Britain**: France and Great Britain had a long-standing rivalry, dating back to the Seven Years' War (1756-1763). France was dissatisfied with the Treaty of Paris, which ended the war and ceded Canada to Britain. France also felt that Britain was trying to limit its",100.00000000000004,1.0,0.99951171875,-0.0,0.0,0,0.0,0.0,0.0,0.0,0
L3.2-3B,3,prefix,1,natural_questions,yo la tengo theres a riot going on release date, yo la tengo theres a riot going on release date,1.0000001192092896,"assistant

""Yo La Tengo"" is a band known for their eclectic and experimental sound. ""There's a Riot Going On"" is indeed a song by the band, and it was released in 1990 on their album ""Pain and Suffering"".","assistant

""Yo La Tengo"" is a band known for their eclectic and experimental sound. ""There's a Riot Going On"" is indeed a song by the band, and it was released in 1990 on their album ""Pain and Suffering"".",100.00000000000004,1.0,1.0,-0.0,0.0,0,0.0,1.1920928955078125e-07,0.0,0.0,0
L3.2-3B,4,prefix,1,natural_questions,who played the hobbits in the lord of the rings, who played the hobbits in the lord of the rings,0.9999998807907104,"assistant

Here's a list of the main hobbits in J.R.R. Tolkien's ""The Lord of the Rings"" and the actors who played them in the 2001-2003 film trilogy:

1. Frodo Baggins (played by Elijah Wood)
2. Samwise Gamgee (played by Sean Astin)
3. Meriadoc Brandybuck (played by Dominic Monaghan)
4. Peregrin Took (played by Billy Boyd)
5. Bilbo Bagg","assistant

Here's a list of the main hobbits in J.R.R. Tolkien's ""The Lord of the Rings"" and the actors who played them in the 2001-2003 film trilogy:

1. Frodo Baggins (played by Elijah Wood)
2. Samwise Gamgee (played by Sean Astin)
3. Meriadoc Brandybuck (played by Dominic Monaghan)
4. Peregrin Took (played by Billy Boyd)
5. Bilbo Bagg",100.00000000000004,0.9999999403953552,1.0,-0.0,0.0,0,0.0,0.0,0.0,0.0,0
L3.2-3B,5,prefix,1,natural_questions,who played the doctor in band of brothers, who played the doctor in band of brothers,1.0,"brothersassistant

The character of Captain Richard Winters, the leader of Easy Company, 2nd Battalion, 506th Parachute Infantry Regiment, 101st Airborne Division, in the HBO miniseries ""Band of Brothers"" was played by actor Damian Lewis.

However, the character of the doctor in the show was actually Dr. John ""Doc"" Deering, played by actor Donnie Wahlberg's friend, actor Donnie Wahlberg's friend,  actor  Donnie's friend,","brothersassistant

The character of Captain Richard Winters, the leader of Easy Company, 2nd Battalion, 506th Parachute Infantry Regiment, 101st Airborne Division, in the HBO miniseries ""Band of Brothers"" was played by actor Damian Lewis.

However, the character of the doctor in the show was actually Dr. John ""Doc"" Deering, played by actor Donnie Wahlberg's friend, actor Donnie Wahlberg's friend,  actor  Donnie's friend,",100.00000000000004,0.9999998807907104,1.0,-0.0,0.0,0,0.0,0.0,0.0,0.0,0
L3.2-3B,6,prefix,1,natural_questions,short notes on characters of merchant of venice, short notes on characters of merchant of venice,1.000000238418579,"assistant

Here are some key character notes on the main characters in William Shakespeare's ""The Merchant of Venice"":

1. **Shylock**: The main antagonist, a Jewish moneylender who seeks revenge against Antonio for a past debt. He is intelligent, cunning, and ruthless.

2. **Antonio**: The wealthy merchant who borrows money from Shylock to finance his voyage. He is a complex character, showing both generosity and cowardice.

3. **Portia**: The wealthy heiress","assistant

Here are some key character notes on the main characters in William Shakespeare's ""The Merchant of Venice"":

1. **Shylock**: The main antagonist, a Jewish moneylender who seeks revenge against Antonio for a past debt. He is intelligent, cunning, and ruthless.

2. **Antonio**: The wealthy merchant who borrows money from Shylock to finance his voyage. He is a complex character, showing both generosity and cowardice.

3. **Portia**: The wealthy heiress",100.00000000000004,0.9999998807907104,1.0009765625,-0.0,0.0,0,0.0,0.0,0.0,0.0,0
L3.2-3B,7,prefix,1,natural_questions,did the movie rocky win any academy awards, did the movie rocky win any academy awards,0.9999998211860656,"awardsassistant

Yes, the movie ""Rocky"" (1976) won several Academy Awards. At the 49th Academy Awards in 1977, ""Rocky"" won three Oscars:

1. Best Picture: John G. Avildsen, Robert Chartoff, and Irwin Winkler
2. Best Director: John G. Avildsen
3. Best Film Editing: Richard Halsey and Scott Conrad

Additionally, the film was nominated for seven other categories, including Best Actor","awardsassistant

Yes, the movie ""Rocky"" (1976) won several Academy Awards. At the 49th Academy Awards in 1977, ""Rocky"" won three Oscars:

1. Best Picture: John G. Avildsen, Robert Chartoff, and Irwin Winkler
2. Best Director: John G. Avildsen
3. Best Film Editing: Richard Halsey and Scott Conrad

Additionally, the film was nominated for seven other categories, including Best Actor",100.00000000000004,1.0,0.99951171875,-0.0,0.0,0,0.0,0.0,0.0,0.0,0
L3.2-3B,8,prefix,1,natural_questions,where does the show the path take place, where does the show the path take place,0.9999998807907104,"placeassistant

The TV series ""The Path"" is set in the fictional town of Meyerism, which is modeled after the real-life town of New York City, but is actually filmed in various locations in New York and New Jersey.","placeassistant

The TV series ""The Path"" is set in the fictional town of Meyerism, which is modeled after the real-life town of New York City, but is actually filmed in various locations in New York and New Jersey.",100.00000000000004,0.9999998211860656,1.0009765625,-0.0,0.0,0,0.0,0.0,0.0,0.0,0
L3.2-3B,9,prefix,1,natural_questions,when did michigan last win a national championship, when did michigan last win a national championship,0.9999998807907104,"assistant

The University of Michigan Wolverines have won several national championships in various sports. Here are some of their recent national championships:

* Football: The University of Michigan Wolverines last won a national championship in football in 1997, when they finished the season with a 12-0 record and won the AP Poll national championship.

* Basketball: The University of Michigan Wolverines men's basketball team last won a national championship in 1989, when they won the NCAA Tournament under coach Steve Fisher.

*","assistant

The University of Michigan Wolverines have won several national championships in various sports. Here are some of their recent national championships:

* Football: The University of Michigan Wolverines last won a national championship in football in 1997, when they finished the season with a 12-0 record and won the AP Poll national championship.

* Basketball: The University of Michigan Wolverines men's basketball team last won a national championship in 1989, when they won the NCAA Tournament under coach Steve Fisher.

*",100.00000000000004,1.0,0.99951171875,-0.0,0.0,0,0.0,-1.1920928955078125e-07,0.0,0.0,0
L3.2-3B,10,prefix,1,natural_questions,sweet leavened bread prepared for easter in romania, sweet leavened bread prepared for easter in romania,1.0,"You're referring to ""Pâine cu smântână"" or ""Pâine cu smântână"" in Romanian, which is a traditional sweet bread prepared for Easter in Romania.

Pâine cu smântână is a sweet bread made with yeast, flour, sugar, eggs, and sour cream (or sometimes milk), which gives it a rich and creamy texture. The dough is typically shaped into a round or oblong loaf and decorated with a cross on","You're referring to ""Pâine cu smântână"" or ""Pâine cu smântână"" in Romanian, which is a traditional sweet bread prepared for Easter in Romania.

Pâine cu smântână is a sweet bread made with yeast, flour, sugar, eggs, and sour cream (or sometimes milk), which gives it a rich and creamy texture. The dough is typically shaped into a round or oblong loaf and decorated with a cross on",100.00000000000004,1.0,0.99951171875,-0.0,0.0,0,0.0,5.960464477539063e-08,0.0,0.0,0
L3.2-3B,11,prefix,1,natural_questions,when did united states enter world war i, when did united states enter world war i,1.0,"iassistant

The United States entered World War I on April 6, 1917, when Congress declared war on Germany. This decision was made after a series of events, including:

1. Germany's resumption of unrestricted submarine warfare, which led to the sinking of several American ships, including the passenger ship Lusitania in May 1915.
2. The Zimmermann Telegram, sent by Germany to Mexico in January 1917, which proposed an alliance between Germany and Mexico in the event of","iassistant

The United States entered World War I on April 6, 1917, when Congress declared war on Germany. This decision was made after a series of events, including:

1. Germany's resumption of unrestricted submarine warfare, which led to the sinking of several American ships, including the passenger ship Lusitania in May 1915.
2. The Zimmermann Telegram, sent by Germany to Mexico in January 1917, which proposed an alliance between Germany and Mexico in the event of",100.00000000000004,0.9999998807907104,0.99951171875,-0.0,0.0,0,0.0,0.0,0.0,0.0,0
L3.2-3B,12,prefix,1,natural_questions,where do secondary xylem and phloem cells arise from, where do secondary xylem and phloem cells arise from,1.0000001192092896,"Secondary xylem and phloem cells arise from the vascular cambium, a type of meristematic tissue found in plants. The vascular cambium is a layer of undifferentiated cells that lies between the primary xylem and phloem tissues in the stem and roots of woody plants.

The vascular cambium is responsible for producing new xylem and phloem cells through a process called secondary growth. This process involves the differentiation of the cambial cells into xylem","Secondary xylem and phloem cells arise from the vascular cambium, a type of meristematic tissue found in plants. The vascular cambium is a layer of undifferentiated cells that lies between the primary xylem and phloem tissues in the stem and roots of woody plants.

The vascular cambium is responsible for producing new xylem and phloem cells through a process called secondary growth. This process involves the differentiation of the cambial cells into xylem",100.00000000000004,0.9999999403953552,1.0,-0.0,0.0,0,0.0,0.0,0.0,0.0,0
L3.2-3B,13,prefix,1,natural_questions,when was modem invented and in which country, when was modem invented and in which country,1.0,"countryassistant

The modem (modulator-demodulator) was invented in the 1950s. The first modem was developed in the United States in 1958 by Dennis Hayes and Dale Heatherington, who founded Hayes Microcomputer Products. However, the concept of modems dates back to the early 20th century.

The first commercial modem was the Bell 101, developed by AT&T in 1958. It was a dial-up modem that used a 110-baud (bits per second)","countryassistant

The modem (modulator-demodulator) was invented in the 1950s. The first modem was developed in the United States in 1958 by Dennis Hayes and Dale Heatherington, who founded Hayes Microcomputer Products. However, the concept of modems dates back to the early 20th century.

The first commercial modem was the Bell 101, developed by AT&T in 1958. It was a dial-up modem that used a 110-baud (bits per second)",100.00000000000004,1.0,1.0,-0.0,0.0,0,0.0,-1.1920928955078125e-07,0.0,0.0,0
L3.2-3B,14,prefix,1,natural_questions,who sings the song one thing leads to another, who sings the song one thing leads to another,0.9999999403953552,"assistant

The song ""One Thing Leads to Another"" is performed by the British band The Fixx. It was released in 1983 and became one of the band's most popular singles, reaching the top 10 in several countries, including the US, UK, and Australia.","assistant

The song ""One Thing Leads to Another"" is performed by the British band The Fixx. It was released in 1983 and became one of the band's most popular singles, reaching the top 10 in several countries, including the US, UK, and Australia.",100.00000000000004,1.0,1.0,-0.0,0.0,0,0.0,-5.960464477539063e-08,0.0,0.0,0
L3.2-3B,15,prefix,1,natural_questions,where did the term 'robot' come from, where did the term 'robot' come from,0.9999999403953552,"assistant

The term ""robot"" has a fascinating history. It was coined by the Czech playwright Karel Čapek in his 1920 play ""R.U.R."" (Rossum's Universal Robots). Čapek, a science fiction writer, derived the word ""robot"" from the Czech word ""robota,"" which means ""forced labor"" or ""drudgery."" He combined it with the suffix ""-ot,"" which is a diminutive form, to create the word ""robot.""

Čape","assistant

The term ""robot"" has a fascinating history. It was coined by the Czech playwright Karel Čapek in his 1920 play ""R.U.R."" (Rossum's Universal Robots). Čapek, a science fiction writer, derived the word ""robot"" from the Czech word ""robota,"" which means ""forced labor"" or ""drudgery."" He combined it with the suffix ""-ot,"" which is a diminutive form, to create the word ""robot.""

Čape",100.00000000000004,1.0,1.0009765625,-0.0,0.0,0,0.0,-5.960464477539063e-08,0.0,0.0,0
L3.2-3B,0,prefix,5,natural_questions,who did deion sanders go in the hall of fame as,     who did deion sanders go in the hall of fame as,1.0,Deion Sanders was inducted into the Pro Football Hall of Fame in 2011. He was inducted as a member of the Atlanta Falcons and the Dallas Cowboys.,Deion Sanders was inducted into the Pro Football Hall of Fame in 2011. He was inducted as a member of the Atlanta Falcons and the Dallas Cowboys.,100.00000000000004,0.9999998807907104,1.0009765625,-0.0,0.0,0,0.0,0.0,0.0,0.0,0
L3.2-3B,1,prefix,5,natural_questions,what is the title of the person who runs the house of representatives,     what is the title of the person who runs the house of representatives,0.9999999403953552,The title of the person who runs the House of Representatives is the Speaker of the House.,The title of the person who runs the House of Representatives is the Speaker of the House.,100.00000000000004,1.0,1.0,-0.0,0.0,0,0.0,-5.960464477539063e-08,0.0,0.0,0
L3.2-3B,2,prefix,5,natural_questions,why did france decide to aid the united states in its war for independence,     why did france decide to aid the united states in its war for independence,1.0,"France decided to aid the United States in its war for independence from Great Britain in 1778, after several factors contributed to this decision. Here are some key reasons:

1. **Enmity with Great Britain**: France and Great Britain had a long-standing rivalry, dating back to the Seven Years' War (1756-1763). France was dissatisfied with the Treaty of Paris, which ended the war and ceded Canada to Britain. France also felt that Britain was trying to limit its","France decided to aid the United States in its war for independence from Great Britain in 1778, after several factors contributed to this decision. Here are some key reasons:

1. **Enmity with Great Britain**: France and Great Britain had a long-standing rivalry, dating back to the Seven Years' War (1756-1763). France was dissatisfied with the Treaty of Paris, which ended the war and ceded Canada to Britain. France also felt that Britain was trying to limit its",100.00000000000004,1.0,0.99951171875,-0.0,0.0,0,0.0,0.0,0.0,0.0,0
L3.2-3B,3,prefix,5,natural_questions,yo la tengo theres a riot going on release date,     yo la tengo theres a riot going on release date,1.0000001192092896,"assistant

""Yo La Tengo"" is a band known for their eclectic and experimental sound. ""There's a Riot Going On"" is indeed a song by the band, and it was released in 1990 on their album ""Pain and Suffering"".","assistant

""Yo La Tengo"" is a band known for their eclectic and experimental sound. ""There's a Riot Going On"" is indeed a song by the band, and it was released in 1990 on their album ""Pain and Suffering"".",100.00000000000004,1.0,1.0,-0.0,0.0,0,0.0,1.1920928955078125e-07,0.0,0.0,0
L3.2-3B,4,prefix,5,natural_questions,who played the hobbits in the lord of the rings,     who played the hobbits in the lord of the rings,0.9999998807907104,"assistant

Here's a list of the main hobbits in J.R.R. Tolkien's ""The Lord of the Rings"" and the actors who played them in the 2001-2003 film trilogy:

1. Frodo Baggins (played by Elijah Wood)
2. Samwise Gamgee (played by Sean Astin)
3. Meriadoc Brandybuck (played by Dominic Monaghan)
4. Peregrin Took (played by Billy Boyd)
5. Bilbo Bagg","assistant

Here's a list of the main hobbits in J.R.R. Tolkien's ""The Lord of the Rings"" and the actors who played them in the 2001-2003 film trilogy:

1. Frodo Baggins (played by Elijah Wood)
2. Samwise Gamgee (played by Sean Astin)
3. Meriadoc Brandybuck (played by Dominic Monaghan)
4. Peregrin Took (played by Billy Boyd)
5. Bilbo Bagg",100.00000000000004,0.9999999403953552,1.0,-0.0,0.0,0,0.0,0.0,0.0,0.0,0
L3.2-3B,5,prefix,5,natural_questions,who played the doctor in band of brothers,     who played the doctor in band of brothers,1.0,"brothersassistant

The character of Captain Richard Winters, the leader of Easy Company, 2nd Battalion, 506th Parachute Infantry Regiment, 101st Airborne Division, in the HBO miniseries ""Band of Brothers"" was played by actor Damian Lewis.

However, the character of the doctor in the show was actually Dr. John ""Doc"" Deering, played by actor Donnie Wahlberg's friend, actor Donnie Wahlberg's friend,  actor  Donnie's friend,","brothersassistant

The character of Captain Richard Winters, the leader of Easy Company, 2nd Battalion, 506th Parachute Infantry Regiment, 101st Airborne Division, in the HBO miniseries ""Band of Brothers"" was played by actor Damian Lewis.

However, the character of the doctor in the show was actually Dr. John ""Doc"" Deering, played by actor Donnie Wahlberg's friend, actor Donnie Wahlberg's friend,  actor  Donnie's friend,",100.00000000000004,0.9999998807907104,1.0,-0.0,0.0,0,0.0,0.0,0.0,0.0,0
L3.2-3B,6,prefix,5,natural_questions,short notes on characters of merchant of venice,     short notes on characters of merchant of venice,1.000000238418579,"assistant

Here are some key character notes on the main characters in William Shakespeare's ""The Merchant of Venice"":

1. **Shylock**: The main antagonist, a Jewish moneylender who seeks revenge against Antonio for a past debt. He is intelligent, cunning, and ruthless.

2. **Antonio**: The wealthy merchant who borrows money from Shylock to finance his voyage. He is a complex character, showing both generosity and cowardice.

3. **Portia**: The wealthy heiress","assistant

Here are some key character notes on the main characters in William Shakespeare's ""The Merchant of Venice"":

1. **Shylock**: The main antagonist, a Jewish moneylender who seeks revenge against Antonio for a past debt. He is intelligent, cunning, and ruthless.

2. **Antonio**: The wealthy merchant who borrows money from Shylock to finance his voyage. He is a complex character, showing both generosity and cowardice.

3. **Portia**: The wealthy heiress",100.00000000000004,0.9999998807907104,1.0009765625,-0.0,0.0,0,0.0,0.0,0.0,0.0,0
L3.2-3B,7,prefix,5,natural_questions,did the movie rocky win any academy awards,     did the movie rocky win any academy awards,0.9999998211860656,"awardsassistant

Yes, the movie ""Rocky"" (1976) won several Academy Awards. At the 49th Academy Awards in 1977, ""Rocky"" won three Oscars:

1. Best Picture: John G. Avildsen, Robert Chartoff, and Irwin Winkler
2. Best Director: John G. Avildsen
3. Best Film Editing: Richard Halsey and Scott Conrad

Additionally, the film was nominated for seven other categories, including Best Actor","awardsassistant

Yes, the movie ""Rocky"" (1976) won several Academy Awards. At the 49th Academy Awards in 1977, ""Rocky"" won three Oscars:

1. Best Picture: John G. Avildsen, Robert Chartoff, and Irwin Winkler
2. Best Director: John G. Avildsen
3. Best Film Editing: Richard Halsey and Scott Conrad

Additionally, the film was nominated for seven other categories, including Best Actor",100.00000000000004,1.0,0.99951171875,-0.0,0.0,0,0.0,0.0,0.0,0.0,0
L3.2-3B,8,prefix,5,natural_questions,where does the show the path take place,     where does the show the path take place,0.9999998807907104,"placeassistant

The TV series ""The Path"" is set in the fictional town of Meyerism, which is modeled after the real-life town of New York City, but is actually filmed in various locations in New York and New Jersey.","placeassistant

The TV series ""The Path"" is set in the fictional town of Meyerism, which is modeled after the real-life town of New York City, but is actually filmed in various locations in New York and New Jersey.",100.00000000000004,0.9999998211860656,1.0009765625,-0.0,0.0,0,0.0,0.0,0.0,0.0,0
L3.2-3B,9,prefix,5,natural_questions,when did michigan last win a national championship,     when did michigan last win a national championship,0.9999998807907104,"assistant

The University of Michigan Wolverines have won several national championships in various sports. Here are some of their recent national championships:

* Football: The University of Michigan Wolverines last won a national championship in football in 1997, when they finished the season with a 12-0 record and won the AP Poll national championship.

* Basketball: The University of Michigan Wolverines men's basketball team last won a national championship in 1989, when they won the NCAA Tournament under coach Steve Fisher.

*","assistant

The University of Michigan Wolverines have won several national championships in various sports. Here are some of their recent national championships:

* Football: The University of Michigan Wolverines last won a national championship in football in 1997, when they finished the season with a 12-0 record and won the AP Poll national championship.

* Basketball: The University of Michigan Wolverines men's basketball team last won a national championship in 1989, when they won the NCAA Tournament under coach Steve Fisher.

*",100.00000000000004,1.0,0.99951171875,-0.0,0.0,0,0.0,-1.1920928955078125e-07,0.0,0.0,0
L3.2-3B,10,prefix,5,natural_questions,sweet leavened bread prepared for easter in romania,     sweet leavened bread prepared for easter in romania,1.0,"You're referring to ""Pâine cu smântână"" or ""Pâine cu smântână"" in Romanian, which is a traditional sweet bread prepared for Easter in Romania.

Pâine cu smântână is a sweet bread made with yeast, flour, sugar, eggs, and sour cream (or sometimes milk), which gives it a rich and creamy texture. The dough is typically shaped into a round or oblong loaf and decorated with a cross on","You're referring to ""Pâine cu smântână"" or ""Pâine cu smântână"" in Romanian, which is a traditional sweet bread prepared for Easter in Romania.

Pâine cu smântână is a sweet bread made with yeast, flour, sugar, eggs, and sour cream (or sometimes milk), which gives it a rich and creamy texture. The dough is typically shaped into a round or oblong loaf and decorated with a cross on",100.00000000000004,1.0,0.99951171875,-0.0,0.0,0,0.0,5.960464477539063e-08,0.0,0.0,0
L3.2-3B,11,prefix,5,natural_questions,when did united states enter world war i,     when did united states enter world war i,1.0,"iassistant

The United States entered World War I on April 6, 1917, when Congress declared war on Germany. This decision was made after a series of events, including:

1. Germany's resumption of unrestricted submarine warfare, which led to the sinking of several American ships, including the passenger ship Lusitania in May 1915.
2. The Zimmermann Telegram, sent by Germany to Mexico in January 1917, which proposed an alliance between Germany and Mexico in the event of","iassistant

The United States entered World War I on April 6, 1917, when Congress declared war on Germany. This decision was made after a series of events, including:

1. Germany's resumption of unrestricted submarine warfare, which led to the sinking of several American ships, including the passenger ship Lusitania in May 1915.
2. The Zimmermann Telegram, sent by Germany to Mexico in January 1917, which proposed an alliance between Germany and Mexico in the event of",100.00000000000004,0.9999998807907104,0.99951171875,-0.0,0.0,0,0.0,0.0,0.0,0.0,0
L3.2-3B,12,prefix,5,natural_questions,where do secondary xylem and phloem cells arise from,     where do secondary xylem and phloem cells arise from,1.0000001192092896,"Secondary xylem and phloem cells arise from the vascular cambium, a type of meristematic tissue found in plants. The vascular cambium is a layer of undifferentiated cells that lies between the primary xylem and phloem tissues in the stem and roots of woody plants.

The vascular cambium is responsible for producing new xylem and phloem cells through a process called secondary growth. This process involves the differentiation of the cambial cells into xylem","Secondary xylem and phloem cells arise from the vascular cambium, a type of meristematic tissue found in plants. The vascular cambium is a layer of undifferentiated cells that lies between the primary xylem and phloem tissues in the stem and roots of woody plants.

The vascular cambium is responsible for producing new xylem and phloem cells through a process called secondary growth. This process involves the differentiation of the cambial cells into xylem",100.00000000000004,0.9999999403953552,1.0,-0.0,0.0,0,0.0,0.0,0.0,0.0,0
L3.2-3B,13,prefix,5,natural_questions,when was modem invented and in which country,     when was modem invented and in which country,1.0,"countryassistant

The modem (modulator-demodulator) was invented in the 1950s. The first modem was developed in the United States in 1958 by Dennis Hayes and Dale Heatherington, who founded Hayes Microcomputer Products. However, the concept of modems dates back to the early 20th century.

The first commercial modem was the Bell 101, developed by AT&T in 1958. It was a dial-up modem that used a 110-baud (bits per second)","countryassistant

The modem (modulator-demodulator) was invented in the 1950s. The first modem was developed in the United States in 1958 by Dennis Hayes and Dale Heatherington, who founded Hayes Microcomputer Products. However, the concept of modems dates back to the early 20th century.

The first commercial modem was the Bell 101, developed by AT&T in 1958. It was a dial-up modem that used a 110-baud (bits per second)",100.00000000000004,1.0,1.0,-0.0,0.0,0,0.0,-1.1920928955078125e-07,0.0,0.0,0
L3.2-3B,14,prefix,5,natural_questions,who sings the song one thing leads to another,     who sings the song one thing leads to another,0.9999999403953552,"assistant

The song ""One Thing Leads to Another"" is performed by the British band The Fixx. It was released in 1983 and became one of the band's most popular singles, reaching the top 10 in several countries, including the US, UK, and Australia.","assistant

The song ""One Thing Leads to Another"" is performed by the British band The Fixx. It was released in 1983 and became one of the band's most popular singles, reaching the top 10 in several countries, including the US, UK, and Australia.",100.00000000000004,1.0,1.0,-0.0,0.0,0,0.0,-5.960464477539063e-08,0.0,0.0,0
L3.2-3B,15,prefix,5,natural_questions,where did the term 'robot' come from,     where did the term 'robot' come from,0.9999999403953552,"assistant

The term ""robot"" has a fascinating history. It was coined by the Czech playwright Karel Čapek in his 1920 play ""R.U.R."" (Rossum's Universal Robots). Čapek, a science fiction writer, derived the word ""robot"" from the Czech word ""robota,"" which means ""forced labor"" or ""drudgery."" He combined it with the suffix ""-ot,"" which is a diminutive form, to create the word ""robot.""

Čape","assistant

The term ""robot"" has a fascinating history. It was coined by the Czech playwright Karel Čapek in his 1920 play ""R.U.R."" (Rossum's Universal Robots). Čapek, a science fiction writer, derived the word ""robot"" from the Czech word ""robota,"" which means ""forced labor"" or ""drudgery."" He combined it with the suffix ""-ot,"" which is a diminutive form, to create the word ""robot.""

Čape",100.00000000000004,1.0,1.0009765625,-0.0,0.0,0,0.0,-5.960464477539063e-08,0.0,0.0,0
L3.2-3B,0,prefix,20,natural_questions,who did deion sanders go in the hall of fame as,                    who did deion sanders go in the hall of fame as,1.0,Deion Sanders was inducted into the Pro Football Hall of Fame in 2011. He was inducted as a member of the Atlanta Falcons and the Dallas Cowboys.,Deion Sanders was inducted into the Pro Football Hall of Fame in 2011. He was inducted as a member of the Atlanta Falcons and the Dallas Cowboys.,100.00000000000004,0.9999998807907104,1.0009765625,-0.0,0.0,0,0.0,0.0,0.0,0.0,0
L3.2-3B,1,prefix,20,natural_questions,what is the title of the person who runs the house of representatives,                    what is the title of the person who runs the house of representatives,0.9999999403953552,The title of the person who runs the House of Representatives is the Speaker of the House.,The title of the person who runs the House of Representatives is the Speaker of the House.,100.00000000000004,1.0,1.0,-0.0,0.0,0,0.0,-5.960464477539063e-08,0.0,0.0,0
L3.2-3B,2,prefix,20,natural_questions,why did france decide to aid the united states in its war for independence,                    why did france decide to aid the united states in its war for independence,1.0,"France decided to aid the United States in its war for independence from Great Britain in 1778, after several factors contributed to this decision. Here are some key reasons:

1. **Enmity with Great Britain**: France and Great Britain had a long-standing rivalry, dating back to the Seven Years' War (1756-1763). France was dissatisfied with the Treaty of Paris, which ended the war and ceded Canada to Britain. France also felt that Britain was trying to limit its","France decided to aid the United States in its war for independence from Great Britain in 1778, after several factors contributed to this decision. Here are some key reasons:

1. **Enmity with Great Britain**: France and Great Britain had a long-standing rivalry, dating back to the Seven Years' War (1756-1763). France was dissatisfied with the Treaty of Paris, which ended the war and ceded Canada to Britain. France also felt that Britain was trying to limit its",100.00000000000004,1.0,0.99951171875,-0.0,0.0,0,0.0,0.0,0.0,0.0,0
L3.2-3B,3,prefix,20,natural_questions,yo la tengo theres a riot going on release date,                    yo la tengo theres a riot going on release date,1.0000001192092896,"assistant

""Yo La Tengo"" is a band known for their eclectic and experimental sound. ""There's a Riot Going On"" is indeed a song by the band, and it was released in 1990 on their album ""Pain and Suffering"".","assistant

""Yo La Tengo"" is a band known for their eclectic and experimental sound. ""There's a Riot Going On"" is indeed a song by the band, and it was released in 1990 on their album ""Pain and Suffering"".",100.00000000000004,1.0,1.0,-0.0,0.0,0,0.0,1.1920928955078125e-07,0.0,0.0,0
L3.2-3B,4,prefix,20,natural_questions,who played the hobbits in the lord of the rings,                    who played the hobbits in the lord of the rings,0.9999998807907104,"assistant

Here's a list of the main hobbits in J.R.R. Tolkien's ""The Lord of the Rings"" and the actors who played them in the 2001-2003 film trilogy:

1. Frodo Baggins (played by Elijah Wood)
2. Samwise Gamgee (played by Sean Astin)
3. Meriadoc Brandybuck (played by Dominic Monaghan)
4. Peregrin Took (played by Billy Boyd)
5. Bilbo Bagg","assistant

Here's a list of the main hobbits in J.R.R. Tolkien's ""The Lord of the Rings"" and the actors who played them in the 2001-2003 film trilogy:

1. Frodo Baggins (played by Elijah Wood)
2. Samwise Gamgee (played by Sean Astin)
3. Meriadoc Brandybuck (played by Dominic Monaghan)
4. Peregrin Took (played by Billy Boyd)
5. Bilbo Bagg",100.00000000000004,0.9999999403953552,1.0,-0.0,0.0,0,0.0,0.0,0.0,0.0,0
L3.2-3B,5,prefix,20,natural_questions,who played the doctor in band of brothers,                    who played the doctor in band of brothers,1.0,"brothersassistant

The character of Captain Richard Winters, the leader of Easy Company, 2nd Battalion, 506th Parachute Infantry Regiment, 101st Airborne Division, in the HBO miniseries ""Band of Brothers"" was played by actor Damian Lewis.

However, the character of the doctor in the show was actually Dr. John ""Doc"" Deering, played by actor Donnie Wahlberg's friend, actor Donnie Wahlberg's friend,  actor  Donnie's friend,","brothersassistant

The character of Captain Richard Winters, the leader of Easy Company, 2nd Battalion, 506th Parachute Infantry Regiment, 101st Airborne Division, in the HBO miniseries ""Band of Brothers"" was played by actor Damian Lewis.

However, the character of the doctor in the show was actually Dr. John ""Doc"" Deering, played by actor Donnie Wahlberg's friend, actor Donnie Wahlberg's friend,  actor  Donnie's friend,",100.00000000000004,0.9999998807907104,1.0,-0.0,0.0,0,0.0,0.0,0.0,0.0,0
L3.2-3B,6,prefix,20,natural_questions,short notes on characters of merchant of venice,                    short notes on characters of merchant of venice,1.000000238418579,"assistant

Here are some key character notes on the main characters in William Shakespeare's ""The Merchant of Venice"":

1. **Shylock**: The main antagonist, a Jewish moneylender who seeks revenge against Antonio for a past debt. He is intelligent, cunning, and ruthless.

2. **Antonio**: The wealthy merchant who borrows money from Shylock to finance his voyage. He is a complex character, showing both generosity and cowardice.

3. **Portia**: The wealthy heiress","assistant

Here are some key character notes on the main characters in William Shakespeare's ""The Merchant of Venice"":

1. **Shylock**: The main antagonist, a Jewish moneylender who seeks revenge against Antonio for a past debt. He is intelligent, cunning, and ruthless.

2. **Antonio**: The wealthy merchant who borrows money from Shylock to finance his voyage. He is a complex character, showing both generosity and cowardice.

3. **Portia**: The wealthy heiress",100.00000000000004,0.9999998807907104,1.0009765625,-0.0,0.0,0,0.0,0.0,0.0,0.0,0
L3.2-3B,7,prefix,20,natural_questions,did the movie rocky win any academy awards,                    did the movie rocky win any academy awards,0.9999998211860656,"awardsassistant

Yes, the movie ""Rocky"" (1976) won several Academy Awards. At the 49th Academy Awards in 1977, ""Rocky"" won three Oscars:

1. Best Picture: John G. Avildsen, Robert Chartoff, and Irwin Winkler
2. Best Director: John G. Avildsen
3. Best Film Editing: Richard Halsey and Scott Conrad

Additionally, the film was nominated for seven other categories, including Best Actor","awardsassistant

Yes, the movie ""Rocky"" (1976) won several Academy Awards. At the 49th Academy Awards in 1977, ""Rocky"" won three Oscars:

1. Best Picture: John G. Avildsen, Robert Chartoff, and Irwin Winkler
2. Best Director: John G. Avildsen
3. Best Film Editing: Richard Halsey and Scott Conrad

Additionally, the film was nominated for seven other categories, including Best Actor",100.00000000000004,1.0,0.99951171875,-0.0,0.0,0,0.0,0.0,0.0,0.0,0
L3.2-3B,8,prefix,20,natural_questions,where does the show the path take place,                    where does the show the path take place,0.9999998807907104,"placeassistant

The TV series ""The Path"" is set in the fictional town of Meyerism, which is modeled after the real-life town of New York City, but is actually filmed in various locations in New York and New Jersey.","placeassistant

The TV series ""The Path"" is set in the fictional town of Meyerism, which is modeled after the real-life town of New York City, but is actually filmed in various locations in New York and New Jersey.",100.00000000000004,0.9999998211860656,1.0009765625,-0.0,0.0,0,0.0,0.0,0.0,0.0,0
L3.2-3B,9,prefix,20,natural_questions,when did michigan last win a national championship,                    when did michigan last win a national championship,0.9999998807907104,"assistant

The University of Michigan Wolverines have won several national championships in various sports. Here are some of their recent national championships:

* Football: The University of Michigan Wolverines last won a national championship in football in 1997, when they finished the season with a 12-0 record and won the AP Poll national championship.

* Basketball: The University of Michigan Wolverines men's basketball team last won a national championship in 1989, when they won the NCAA Tournament under coach Steve Fisher.

*","assistant

The University of Michigan Wolverines have won several national championships in various sports. Here are some of their recent national championships:

* Football: The University of Michigan Wolverines last won a national championship in football in 1997, when they finished the season with a 12-0 record and won the AP Poll national championship.

* Basketball: The University of Michigan Wolverines men's basketball team last won a national championship in 1989, when they won the NCAA Tournament under coach Steve Fisher.

*",100.00000000000004,1.0,0.99951171875,-0.0,0.0,0,0.0,-1.1920928955078125e-07,0.0,0.0,0
L3.2-3B,10,prefix,20,natural_questions,sweet leavened bread prepared for easter in romania,                    sweet leavened bread prepared for easter in romania,1.0,"You're referring to ""Pâine cu smântână"" or ""Pâine cu smântână"" in Romanian, which is a traditional sweet bread prepared for Easter in Romania.

Pâine cu smântână is a sweet bread made with yeast, flour, sugar, eggs, and sour cream (or sometimes milk), which gives it a rich and creamy texture. The dough is typically shaped into a round or oblong loaf and decorated with a cross on","You're referring to ""Pâine cu smântână"" or ""Pâine cu smântână"" in Romanian, which is a traditional sweet bread prepared for Easter in Romania.

Pâine cu smântână is a sweet bread made with yeast, flour, sugar, eggs, and sour cream (or sometimes milk), which gives it a rich and creamy texture. The dough is typically shaped into a round or oblong loaf and decorated with a cross on",100.00000000000004,1.0,0.99951171875,-0.0,0.0,0,0.0,5.960464477539063e-08,0.0,0.0,0
L3.2-3B,11,prefix,20,natural_questions,when did united states enter world war i,                    when did united states enter world war i,1.0,"iassistant

The United States entered World War I on April 6, 1917, when Congress declared war on Germany. This decision was made after a series of events, including:

1. Germany's resumption of unrestricted submarine warfare, which led to the sinking of several American ships, including the passenger ship Lusitania in May 1915.
2. The Zimmermann Telegram, sent by Germany to Mexico in January 1917, which proposed an alliance between Germany and Mexico in the event of","iassistant

The United States entered World War I on April 6, 1917, when Congress declared war on Germany. This decision was made after a series of events, including:

1. Germany's resumption of unrestricted submarine warfare, which led to the sinking of several American ships, including the passenger ship Lusitania in May 1915.
2. The Zimmermann Telegram, sent by Germany to Mexico in January 1917, which proposed an alliance between Germany and Mexico in the event of",100.00000000000004,0.9999998807907104,0.99951171875,-0.0,0.0,0,0.0,0.0,0.0,0.0,0
L3.2-3B,12,prefix,20,natural_questions,where do secondary xylem and phloem cells arise from,                    where do secondary xylem and phloem cells arise from,1.0000001192092896,"Secondary xylem and phloem cells arise from the vascular cambium, a type of meristematic tissue found in plants. The vascular cambium is a layer of undifferentiated cells that lies between the primary xylem and phloem tissues in the stem and roots of woody plants.

The vascular cambium is responsible for producing new xylem and phloem cells through a process called secondary growth. This process involves the differentiation of the cambial cells into xylem","Secondary xylem and phloem cells arise from the vascular cambium, a type of meristematic tissue found in plants. The vascular cambium is a layer of undifferentiated cells that lies between the primary xylem and phloem tissues in the stem and roots of woody plants.

The vascular cambium is responsible for producing new xylem and phloem cells through a process called secondary growth. This process involves the differentiation of the cambial cells into xylem",100.00000000000004,0.9999999403953552,1.0,-0.0,0.0,0,0.0,0.0,0.0,0.0,0
L3.2-3B,13,prefix,20,natural_questions,when was modem invented and in which country,                    when was modem invented and in which country,1.0,"countryassistant

The modem (modulator-demodulator) was invented in the 1950s. The first modem was developed in the United States in 1958 by Dennis Hayes and Dale Heatherington, who founded Hayes Microcomputer Products. However, the concept of modems dates back to the early 20th century.

The first commercial modem was the Bell 101, developed by AT&T in 1958. It was a dial-up modem that used a 110-baud (bits per second)","countryassistant

The modem (modulator-demodulator) was invented in the 1950s. The first modem was developed in the United States in 1958 by Dennis Hayes and Dale Heatherington, who founded Hayes Microcomputer Products. However, the concept of modems dates back to the early 20th century.

The first commercial modem was the Bell 101, developed by AT&T in 1958. It was a dial-up modem that used a 110-baud (bits per second)",100.00000000000004,1.0,1.0,-0.0,0.0,0,0.0,-1.1920928955078125e-07,0.0,0.0,0
L3.2-3B,14,prefix,20,natural_questions,who sings the song one thing leads to another,                    who sings the song one thing leads to another,0.9999999403953552,"assistant

The song ""One Thing Leads to Another"" is performed by the British band The Fixx. It was released in 1983 and became one of the band's most popular singles, reaching the top 10 in several countries, including the US, UK, and Australia.","assistant

The song ""One Thing Leads to Another"" is performed by the British band The Fixx. It was released in 1983 and became one of the band's most popular singles, reaching the top 10 in several countries, including the US, UK, and Australia.",100.00000000000004,1.0,1.0,-0.0,0.0,0,0.0,-5.960464477539063e-08,0.0,0.0,0
L3.2-3B,15,prefix,20,natural_questions,where did the term 'robot' come from,                    where did the term 'robot' come from,0.9999999403953552,"assistant

The term ""robot"" has a fascinating history. It was coined by the Czech playwright Karel Čapek in his 1920 play ""R.U.R."" (Rossum's Universal Robots). Čapek, a science fiction writer, derived the word ""robot"" from the Czech word ""robota,"" which means ""forced labor"" or ""drudgery."" He combined it with the suffix ""-ot,"" which is a diminutive form, to create the word ""robot.""

Čape","assistant

The term ""robot"" has a fascinating history. It was coined by the Czech playwright Karel Čapek in his 1920 play ""R.U.R."" (Rossum's Universal Robots). Čapek, a science fiction writer, derived the word ""robot"" from the Czech word ""robota,"" which means ""forced labor"" or ""drudgery."" He combined it with the suffix ""-ot,"" which is a diminutive form, to create the word ""robot.""

Čape",100.00000000000004,1.0,1.0009765625,-0.0,0.0,0,0.0,-5.960464477539063e-08,0.0,0.0,0
L3.2-3B,0,prefix,50,natural_questions,who did deion sanders go in the hall of fame as,                                                  who did deion sanders go in the hall of fame as,1.0,Deion Sanders was inducted into the Pro Football Hall of Fame in 2011. He was inducted as a member of the Atlanta Falcons and the Dallas Cowboys.,Deion Sanders was inducted into the Pro Football Hall of Fame in 2011. He was inducted as a member of the Atlanta Falcons and the Dallas Cowboys.,100.00000000000004,0.9999998807907104,1.0009765625,-0.0,0.0,0,0.0,0.0,0.0,0.0,0
L3.2-3B,1,prefix,50,natural_questions,what is the title of the person who runs the house of representatives,                                                  what is the title of the person who runs the house of representatives,0.9999999403953552,The title of the person who runs the House of Representatives is the Speaker of the House.,The title of the person who runs the House of Representatives is the Speaker of the House.,100.00000000000004,1.0,1.0,-0.0,0.0,0,0.0,-5.960464477539063e-08,0.0,0.0,0
L3.2-3B,2,prefix,50,natural_questions,why did france decide to aid the united states in its war for independence,                                                  why did france decide to aid the united states in its war for independence,1.0,"France decided to aid the United States in its war for independence from Great Britain in 1778, after several factors contributed to this decision. Here are some key reasons:

1. **Enmity with Great Britain**: France and Great Britain had a long-standing rivalry, dating back to the Seven Years' War (1756-1763). France was dissatisfied with the Treaty of Paris, which ended the war and ceded Canada to Britain. France also felt that Britain was trying to limit its","France decided to aid the United States in its war for independence from Great Britain in 1778, after several factors contributed to this decision. Here are some key reasons:

1. **Enmity with Great Britain**: France and Great Britain had a long-standing rivalry, dating back to the Seven Years' War (1756-1763). France was dissatisfied with the Treaty of Paris, which ended the war and ceded Canada to Britain. France also felt that Britain was trying to limit its",100.00000000000004,1.0,0.99951171875,-0.0,0.0,0,0.0,0.0,0.0,0.0,0
L3.2-3B,3,prefix,50,natural_questions,yo la tengo theres a riot going on release date,                                                  yo la tengo theres a riot going on release date,1.0000001192092896,"assistant

""Yo La Tengo"" is a band known for their eclectic and experimental sound. ""There's a Riot Going On"" is indeed a song by the band, and it was released in 1990 on their album ""Pain and Suffering"".","assistant

""Yo La Tengo"" is a band known for their eclectic and experimental sound. ""There's a Riot Going On"" is indeed a song by the band, and it was released in 1990 on their album ""Pain and Suffering"".",100.00000000000004,1.0,1.0,-0.0,0.0,0,0.0,1.1920928955078125e-07,0.0,0.0,0
L3.2-3B,4,prefix,50,natural_questions,who played the hobbits in the lord of the rings,                                                  who played the hobbits in the lord of the rings,0.9999998807907104,"assistant

Here's a list of the main hobbits in J.R.R. Tolkien's ""The Lord of the Rings"" and the actors who played them in the 2001-2003 film trilogy:

1. Frodo Baggins (played by Elijah Wood)
2. Samwise Gamgee (played by Sean Astin)
3. Meriadoc Brandybuck (played by Dominic Monaghan)
4. Peregrin Took (played by Billy Boyd)
5. Bilbo Bagg","assistant

Here's a list of the main hobbits in J.R.R. Tolkien's ""The Lord of the Rings"" and the actors who played them in the 2001-2003 film trilogy:

1. Frodo Baggins (played by Elijah Wood)
2. Samwise Gamgee (played by Sean Astin)
3. Meriadoc Brandybuck (played by Dominic Monaghan)
4. Peregrin Took (played by Billy Boyd)
5. Bilbo Bagg",100.00000000000004,0.9999999403953552,1.0,-0.0,0.0,0,0.0,0.0,0.0,0.0,0
L3.2-3B,5,prefix,50,natural_questions,who played the doctor in band of brothers,                                                  who played the doctor in band of brothers,1.0,"brothersassistant

The character of Captain Richard Winters, the leader of Easy Company, 2nd Battalion, 506th Parachute Infantry Regiment, 101st Airborne Division, in the HBO miniseries ""Band of Brothers"" was played by actor Damian Lewis.

However, the character of the doctor in the show was actually Dr. John ""Doc"" Deering, played by actor Donnie Wahlberg's friend, actor Donnie Wahlberg's friend,  actor  Donnie's friend,","brothersassistant

The character of Captain Richard Winters, the leader of Easy Company, 2nd Battalion, 506th Parachute Infantry Regiment, 101st Airborne Division, in the HBO miniseries ""Band of Brothers"" was played by actor Damian Lewis.

However, the character of the doctor in the show was actually Dr. John ""Doc"" Deering, played by actor Donnie Wahlberg's friend, actor Donnie Wahlberg's friend,  actor  Donnie's friend,",100.00000000000004,0.9999998807907104,1.0,-0.0,0.0,0,0.0,0.0,0.0,0.0,0
L3.2-3B,6,prefix,50,natural_questions,short notes on characters of merchant of venice,                                                  short notes on characters of merchant of venice,1.000000238418579,"assistant

Here are some key character notes on the main characters in William Shakespeare's ""The Merchant of Venice"":

1. **Shylock**: The main antagonist, a Jewish moneylender who seeks revenge against Antonio for a past debt. He is intelligent, cunning, and ruthless.

2. **Antonio**: The wealthy merchant who borrows money from Shylock to finance his voyage. He is a complex character, showing both generosity and cowardice.

3. **Portia**: The wealthy heiress","assistant

Here are some key character notes on the main characters in William Shakespeare's ""The Merchant of Venice"":

1. **Shylock**: The main antagonist, a Jewish moneylender who seeks revenge against Antonio for a past debt. He is intelligent, cunning, and ruthless.

2. **Antonio**: The wealthy merchant who borrows money from Shylock to finance his voyage. He is a complex character, showing both generosity and cowardice.

3. **Portia**: The wealthy heiress",100.00000000000004,0.9999998807907104,1.0009765625,-0.0,0.0,0,0.0,0.0,0.0,0.0,0
L3.2-3B,7,prefix,50,natural_questions,did the movie rocky win any academy awards,                                                  did the movie rocky win any academy awards,0.9999998211860656,"awardsassistant

Yes, the movie ""Rocky"" (1976) won several Academy Awards. At the 49th Academy Awards in 1977, ""Rocky"" won three Oscars:

1. Best Picture: John G. Avildsen, Robert Chartoff, and Irwin Winkler
2. Best Director: John G. Avildsen
3. Best Film Editing: Richard Halsey and Scott Conrad

Additionally, the film was nominated for seven other categories, including Best Actor","awardsassistant

Yes, the movie ""Rocky"" (1976) won several Academy Awards. At the 49th Academy Awards in 1977, ""Rocky"" won three Oscars:

1. Best Picture: John G. Avildsen, Robert Chartoff, and Irwin Winkler
2. Best Director: John G. Avildsen
3. Best Film Editing: Richard Halsey and Scott Conrad

Additionally, the film was nominated for seven other categories, including Best Actor",100.00000000000004,1.0,0.99951171875,-0.0,0.0,0,0.0,0.0,0.0,0.0,0
L3.2-3B,8,prefix,50,natural_questions,where does the show the path take place,                                                  where does the show the path take place,0.9999998807907104,"placeassistant

The TV series ""The Path"" is set in the fictional town of Meyerism, which is modeled after the real-life town of New York City, but is actually filmed in various locations in New York and New Jersey.","placeassistant

The TV series ""The Path"" is set in the fictional town of Meyerism, which is modeled after the real-life town of New York City, but is actually filmed in various locations in New York and New Jersey.",100.00000000000004,0.9999998211860656,1.0009765625,-0.0,0.0,0,0.0,0.0,0.0,0.0,0
L3.2-3B,9,prefix,50,natural_questions,when did michigan last win a national championship,                                                  when did michigan last win a national championship,0.9999998807907104,"assistant

The University of Michigan Wolverines have won several national championships in various sports. Here are some of their recent national championships:

* Football: The University of Michigan Wolverines last won a national championship in football in 1997, when they finished the season with a 12-0 record and won the AP Poll national championship.

* Basketball: The University of Michigan Wolverines men's basketball team last won a national championship in 1989, when they won the NCAA Tournament under coach Steve Fisher.

*","assistant

The University of Michigan Wolverines have won several national championships in various sports. Here are some of their recent national championships:

* Football: The University of Michigan Wolverines last won a national championship in football in 1997, when they finished the season with a 12-0 record and won the AP Poll national championship.

* Basketball: The University of Michigan Wolverines men's basketball team last won a national championship in 1989, when they won the NCAA Tournament under coach Steve Fisher.

*",100.00000000000004,1.0,0.99951171875,-0.0,0.0,0,0.0,-1.1920928955078125e-07,0.0,0.0,0
L3.2-3B,10,prefix,50,natural_questions,sweet leavened bread prepared for easter in romania,                                                  sweet leavened bread prepared for easter in romania,1.0,"You're referring to ""Pâine cu smântână"" or ""Pâine cu smântână"" in Romanian, which is a traditional sweet bread prepared for Easter in Romania.

Pâine cu smântână is a sweet bread made with yeast, flour, sugar, eggs, and sour cream (or sometimes milk), which gives it a rich and creamy texture. The dough is typically shaped into a round or oblong loaf and decorated with a cross on","You're referring to ""Pâine cu smântână"" or ""Pâine cu smântână"" in Romanian, which is a traditional sweet bread prepared for Easter in Romania.

Pâine cu smântână is a sweet bread made with yeast, flour, sugar, eggs, and sour cream (or sometimes milk), which gives it a rich and creamy texture. The dough is typically shaped into a round or oblong loaf and decorated with a cross on",100.00000000000004,1.0,0.99951171875,-0.0,0.0,0,0.0,5.960464477539063e-08,0.0,0.0,0
L3.2-3B,11,prefix,50,natural_questions,when did united states enter world war i,                                                  when did united states enter world war i,1.0,"iassistant

The United States entered World War I on April 6, 1917, when Congress declared war on Germany. This decision was made after a series of events, including:

1. Germany's resumption of unrestricted submarine warfare, which led to the sinking of several American ships, including the passenger ship Lusitania in May 1915.
2. The Zimmermann Telegram, sent by Germany to Mexico in January 1917, which proposed an alliance between Germany and Mexico in the event of","iassistant

The United States entered World War I on April 6, 1917, when Congress declared war on Germany. This decision was made after a series of events, including:

1. Germany's resumption of unrestricted submarine warfare, which led to the sinking of several American ships, including the passenger ship Lusitania in May 1915.
2. The Zimmermann Telegram, sent by Germany to Mexico in January 1917, which proposed an alliance between Germany and Mexico in the event of",100.00000000000004,0.9999998807907104,0.99951171875,-0.0,0.0,0,0.0,0.0,0.0,0.0,0
L3.2-3B,12,prefix,50,natural_questions,where do secondary xylem and phloem cells arise from,                                                  where do secondary xylem and phloem cells arise from,1.0000001192092896,"Secondary xylem and phloem cells arise from the vascular cambium, a type of meristematic tissue found in plants. The vascular cambium is a layer of undifferentiated cells that lies between the primary xylem and phloem tissues in the stem and roots of woody plants.

The vascular cambium is responsible for producing new xylem and phloem cells through a process called secondary growth. This process involves the differentiation of the cambial cells into xylem","Secondary xylem and phloem cells arise from the vascular cambium, a type of meristematic tissue found in plants. The vascular cambium is a layer of undifferentiated cells that lies between the primary xylem and phloem tissues in the stem and roots of woody plants.

The vascular cambium is responsible for producing new xylem and phloem cells through a process called secondary growth. This process involves the differentiation of the cambial cells into xylem",100.00000000000004,0.9999999403953552,1.0,-0.0,0.0,0,0.0,0.0,0.0,0.0,0
L3.2-3B,13,prefix,50,natural_questions,when was modem invented and in which country,                                                  when was modem invented and in which country,1.0,"countryassistant

The modem (modulator-demodulator) was invented in the 1950s. The first modem was developed in the United States in 1958 by Dennis Hayes and Dale Heatherington, who founded Hayes Microcomputer Products. However, the concept of modems dates back to the early 20th century.

The first commercial modem was the Bell 101, developed by AT&T in 1958. It was a dial-up modem that used a 110-baud (bits per second)","countryassistant

The modem (modulator-demodulator) was invented in the 1950s. The first modem was developed in the United States in 1958 by Dennis Hayes and Dale Heatherington, who founded Hayes Microcomputer Products. However, the concept of modems dates back to the early 20th century.

The first commercial modem was the Bell 101, developed by AT&T in 1958. It was a dial-up modem that used a 110-baud (bits per second)",100.00000000000004,1.0,1.0,-0.0,0.0,0,0.0,-1.1920928955078125e-07,0.0,0.0,0
L3.2-3B,14,prefix,50,natural_questions,who sings the song one thing leads to another,                                                  who sings the song one thing leads to another,0.9999999403953552,"assistant

The song ""One Thing Leads to Another"" is performed by the British band The Fixx. It was released in 1983 and became one of the band's most popular singles, reaching the top 10 in several countries, including the US, UK, and Australia.","assistant

The song ""One Thing Leads to Another"" is performed by the British band The Fixx. It was released in 1983 and became one of the band's most popular singles, reaching the top 10 in several countries, including the US, UK, and Australia.",100.00000000000004,1.0,1.0,-0.0,0.0,0,0.0,-5.960464477539063e-08,0.0,0.0,0
L3.2-3B,15,prefix,50,natural_questions,where did the term 'robot' come from,                                                  where did the term 'robot' come from,0.9999999403953552,"assistant

The term ""robot"" has a fascinating history. It was coined by the Czech playwright Karel Čapek in his 1920 play ""R.U.R."" (Rossum's Universal Robots). Čapek, a science fiction writer, derived the word ""robot"" from the Czech word ""robota,"" which means ""forced labor"" or ""drudgery."" He combined it with the suffix ""-ot,"" which is a diminutive form, to create the word ""robot.""

Čape","assistant

The term ""robot"" has a fascinating history. It was coined by the Czech playwright Karel Čapek in his 1920 play ""R.U.R."" (Rossum's Universal Robots). Čapek, a science fiction writer, derived the word ""robot"" from the Czech word ""robota,"" which means ""forced labor"" or ""drudgery."" He combined it with the suffix ""-ot,"" which is a diminutive form, to create the word ""robot.""

Čape",100.00000000000004,1.0,1.0009765625,-0.0,0.0,0,0.0,-5.960464477539063e-08,0.0,0.0,0
L3.2-3B,0,prefix,100,natural_questions,who did deion sanders go in the hall of fame as,                                                                                                    who did deion sanders go in the hall of fame as,1.0,Deion Sanders was inducted into the Pro Football Hall of Fame in 2011. He was inducted as a member of the Atlanta Falcons and the Dallas Cowboys.,Deion Sanders was inducted into the Pro Football Hall of Fame in 2011. He was inducted as a member of the Atlanta Falcons and the Dallas Cowboys.,100.00000000000004,0.9999998807907104,1.0009765625,-0.0,0.0,0,0.0,0.0,0.0,0.0,0
L3.2-3B,1,prefix,100,natural_questions,what is the title of the person who runs the house of representatives,                                                                                                    what is the title of the person who runs the house of representatives,0.9999999403953552,The title of the person who runs the House of Representatives is the Speaker of the House.,The title of the person who runs the House of Representatives is the Speaker of the House.,100.00000000000004,1.0,1.0,-0.0,0.0,0,0.0,-5.960464477539063e-08,0.0,0.0,0
L3.2-3B,2,prefix,100,natural_questions,why did france decide to aid the united states in its war for independence,                                                                                                    why did france decide to aid the united states in its war for independence,1.0,"France decided to aid the United States in its war for independence from Great Britain in 1778, after several factors contributed to this decision. Here are some key reasons:

1. **Enmity with Great Britain**: France and Great Britain had a long-standing rivalry, dating back to the Seven Years' War (1756-1763). France was dissatisfied with the Treaty of Paris, which ended the war and ceded Canada to Britain. France also felt that Britain was trying to limit its","France decided to aid the United States in its war for independence from Great Britain in 1778, after several factors contributed to this decision. Here are some key reasons:

1. **Enmity with Great Britain**: France and Great Britain had a long-standing rivalry, dating back to the Seven Years' War (1756-1763). France was dissatisfied with the Treaty of Paris, which ended the war and ceded Canada to Britain. France also felt that Britain was trying to limit its",100.00000000000004,1.0,0.99951171875,-0.0,0.0,0,0.0,0.0,0.0,0.0,0
L3.2-3B,3,prefix,100,natural_questions,yo la tengo theres a riot going on release date,                                                                                                    yo la tengo theres a riot going on release date,1.0000001192092896,"assistant

""Yo La Tengo"" is a band known for their eclectic and experimental sound. ""There's a Riot Going On"" is indeed a song by the band, and it was released in 1990 on their album ""Pain and Suffering"".","assistant

""Yo La Tengo"" is a band known for their eclectic and experimental sound. ""There's a Riot Going On"" is indeed a song by the band, and it was released in 1990 on their album ""Pain and Suffering"".",100.00000000000004,1.0,1.0,-0.0,0.0,0,0.0,1.1920928955078125e-07,0.0,0.0,0
L3.2-3B,4,prefix,100,natural_questions,who played the hobbits in the lord of the rings,                                                                                                    who played the hobbits in the lord of the rings,0.9999998807907104,"assistant

Here's a list of the main hobbits in J.R.R. Tolkien's ""The Lord of the Rings"" and the actors who played them in the 2001-2003 film trilogy:

1. Frodo Baggins (played by Elijah Wood)
2. Samwise Gamgee (played by Sean Astin)
3. Meriadoc Brandybuck (played by Dominic Monaghan)
4. Peregrin Took (played by Billy Boyd)
5. Bilbo Bagg","assistant

Here's a list of the main hobbits in J.R.R. Tolkien's ""The Lord of the Rings"" and the actors who played them in the 2001-2003 film trilogy:

1. Frodo Baggins (played by Elijah Wood)
2. Samwise Gamgee (played by Sean Astin)
3. Meriadoc Brandybuck (played by Dominic Monaghan)
4. Peregrin Took (played by Billy Boyd)
5. Bilbo Bagg",100.00000000000004,0.9999999403953552,1.0,-0.0,0.0,0,0.0,0.0,0.0,0.0,0
L3.2-3B,5,prefix,100,natural_questions,who played the doctor in band of brothers,                                                                                                    who played the doctor in band of brothers,1.0,"brothersassistant

The character of Captain Richard Winters, the leader of Easy Company, 2nd Battalion, 506th Parachute Infantry Regiment, 101st Airborne Division, in the HBO miniseries ""Band of Brothers"" was played by actor Damian Lewis.

However, the character of the doctor in the show was actually Dr. John ""Doc"" Deering, played by actor Donnie Wahlberg's friend, actor Donnie Wahlberg's friend,  actor  Donnie's friend,","brothersassistant

The character of Captain Richard Winters, the leader of Easy Company, 2nd Battalion, 506th Parachute Infantry Regiment, 101st Airborne Division, in the HBO miniseries ""Band of Brothers"" was played by actor Damian Lewis.

However, the character of the doctor in the show was actually Dr. John ""Doc"" Deering, played by actor Donnie Wahlberg's friend, actor Donnie Wahlberg's friend,  actor  Donnie's friend,",100.00000000000004,0.9999998807907104,1.0,-0.0,0.0,0,0.0,0.0,0.0,0.0,0
L3.2-3B,6,prefix,100,natural_questions,short notes on characters of merchant of venice,                                                                                                    short notes on characters of merchant of venice,1.000000238418579,"assistant

Here are some key character notes on the main characters in William Shakespeare's ""The Merchant of Venice"":

1. **Shylock**: The main antagonist, a Jewish moneylender who seeks revenge against Antonio for a past debt. He is intelligent, cunning, and ruthless.

2. **Antonio**: The wealthy merchant who borrows money from Shylock to finance his voyage. He is a complex character, showing both generosity and cowardice.

3. **Portia**: The wealthy heiress","assistant

Here are some key character notes on the main characters in William Shakespeare's ""The Merchant of Venice"":

1. **Shylock**: The main antagonist, a Jewish moneylender who seeks revenge against Antonio for a past debt. He is intelligent, cunning, and ruthless.

2. **Antonio**: The wealthy merchant who borrows money from Shylock to finance his voyage. He is a complex character, showing both generosity and cowardice.

3. **Portia**: The wealthy heiress",100.00000000000004,0.9999998807907104,1.0009765625,-0.0,0.0,0,0.0,0.0,0.0,0.0,0
L3.2-3B,7,prefix,100,natural_questions,did the movie rocky win any academy awards,                                                                                                    did the movie rocky win any academy awards,0.9999998211860656,"awardsassistant

Yes, the movie ""Rocky"" (1976) won several Academy Awards. At the 49th Academy Awards in 1977, ""Rocky"" won three Oscars:

1. Best Picture: John G. Avildsen, Robert Chartoff, and Irwin Winkler
2. Best Director: John G. Avildsen
3. Best Film Editing: Richard Halsey and Scott Conrad

Additionally, the film was nominated for seven other categories, including Best Actor","awardsassistant

Yes, the movie ""Rocky"" (1976) won several Academy Awards. At the 49th Academy Awards in 1977, ""Rocky"" won three Oscars:

1. Best Picture: John G. Avildsen, Robert Chartoff, and Irwin Winkler
2. Best Director: John G. Avildsen
3. Best Film Editing: Richard Halsey and Scott Conrad

Additionally, the film was nominated for seven other categories, including Best Actor",100.00000000000004,1.0,0.99951171875,-0.0,0.0,0,0.0,0.0,0.0,0.0,0
L3.2-3B,8,prefix,100,natural_questions,where does the show the path take place,                                                                                                    where does the show the path take place,0.9999998807907104,"placeassistant

The TV series ""The Path"" is set in the fictional town of Meyerism, which is modeled after the real-life town of New York City, but is actually filmed in various locations in New York and New Jersey.","placeassistant

The TV series ""The Path"" is set in the fictional town of Meyerism, which is modeled after the real-life town of New York City, but is actually filmed in various locations in New York and New Jersey.",100.00000000000004,0.9999998211860656,1.0009765625,-0.0,0.0,0,0.0,0.0,0.0,0.0,0
L3.2-3B,9,prefix,100,natural_questions,when did michigan last win a national championship,                                                                                                    when did michigan last win a national championship,0.9999998807907104,"assistant

The University of Michigan Wolverines have won several national championships in various sports. Here are some of their recent national championships:

* Football: The University of Michigan Wolverines last won a national championship in football in 1997, when they finished the season with a 12-0 record and won the AP Poll national championship.

* Basketball: The University of Michigan Wolverines men's basketball team last won a national championship in 1989, when they won the NCAA Tournament under coach Steve Fisher.

*","assistant

The University of Michigan Wolverines have won several national championships in various sports. Here are some of their recent national championships:

* Football: The University of Michigan Wolverines last won a national championship in football in 1997, when they finished the season with a 12-0 record and won the AP Poll national championship.

* Basketball: The University of Michigan Wolverines men's basketball team last won a national championship in 1989, when they won the NCAA Tournament under coach Steve Fisher.

*",100.00000000000004,1.0,0.99951171875,-0.0,0.0,0,0.0,-1.1920928955078125e-07,0.0,0.0,0
L3.2-3B,10,prefix,100,natural_questions,sweet leavened bread prepared for easter in romania,                                                                                                    sweet leavened bread prepared for easter in romania,1.0,"You're referring to ""Pâine cu smântână"" or ""Pâine cu smântână"" in Romanian, which is a traditional sweet bread prepared for Easter in Romania.

Pâine cu smântână is a sweet bread made with yeast, flour, sugar, eggs, and sour cream (or sometimes milk), which gives it a rich and creamy texture. The dough is typically shaped into a round or oblong loaf and decorated with a cross on","You're referring to ""Pâine cu smântână"" or ""Pâine cu smântână"" in Romanian, which is a traditional sweet bread prepared for Easter in Romania.

Pâine cu smântână is a sweet bread made with yeast, flour, sugar, eggs, and sour cream (or sometimes milk), which gives it a rich and creamy texture. The dough is typically shaped into a round or oblong loaf and decorated with a cross on",100.00000000000004,1.0,0.99951171875,-0.0,0.0,0,0.0,5.960464477539063e-08,0.0,0.0,0
L3.2-3B,11,prefix,100,natural_questions,when did united states enter world war i,                                                                                                    when did united states enter world war i,1.0,"iassistant

The United States entered World War I on April 6, 1917, when Congress declared war on Germany. This decision was made after a series of events, including:

1. Germany's resumption of unrestricted submarine warfare, which led to the sinking of several American ships, including the passenger ship Lusitania in May 1915.
2. The Zimmermann Telegram, sent by Germany to Mexico in January 1917, which proposed an alliance between Germany and Mexico in the event of","iassistant

The United States entered World War I on April 6, 1917, when Congress declared war on Germany. This decision was made after a series of events, including:

1. Germany's resumption of unrestricted submarine warfare, which led to the sinking of several American ships, including the passenger ship Lusitania in May 1915.
2. The Zimmermann Telegram, sent by Germany to Mexico in January 1917, which proposed an alliance between Germany and Mexico in the event of",100.00000000000004,0.9999998807907104,0.99951171875,-0.0,0.0,0,0.0,0.0,0.0,0.0,0
L3.2-3B,12,prefix,100,natural_questions,where do secondary xylem and phloem cells arise from,                                                                                                    where do secondary xylem and phloem cells arise from,1.0000001192092896,"Secondary xylem and phloem cells arise from the vascular cambium, a type of meristematic tissue found in plants. The vascular cambium is a layer of undifferentiated cells that lies between the primary xylem and phloem tissues in the stem and roots of woody plants.

The vascular cambium is responsible for producing new xylem and phloem cells through a process called secondary growth. This process involves the differentiation of the cambial cells into xylem","Secondary xylem and phloem cells arise from the vascular cambium, a type of meristematic tissue found in plants. The vascular cambium is a layer of undifferentiated cells that lies between the primary xylem and phloem tissues in the stem and roots of woody plants.

The vascular cambium is responsible for producing new xylem and phloem cells through a process called secondary growth. This process involves the differentiation of the cambial cells into xylem",100.00000000000004,0.9999999403953552,1.0,-0.0,0.0,0,0.0,0.0,0.0,0.0,0
L3.2-3B,13,prefix,100,natural_questions,when was modem invented and in which country,                                                                                                    when was modem invented and in which country,1.0,"countryassistant

The modem (modulator-demodulator) was invented in the 1950s. The first modem was developed in the United States in 1958 by Dennis Hayes and Dale Heatherington, who founded Hayes Microcomputer Products. However, the concept of modems dates back to the early 20th century.

The first commercial modem was the Bell 101, developed by AT&T in 1958. It was a dial-up modem that used a 110-baud (bits per second)","countryassistant

The modem (modulator-demodulator) was invented in the 1950s. The first modem was developed in the United States in 1958 by Dennis Hayes and Dale Heatherington, who founded Hayes Microcomputer Products. However, the concept of modems dates back to the early 20th century.

The first commercial modem was the Bell 101, developed by AT&T in 1958. It was a dial-up modem that used a 110-baud (bits per second)",100.00000000000004,1.0,1.0,-0.0,0.0,0,0.0,-1.1920928955078125e-07,0.0,0.0,0
L3.2-3B,14,prefix,100,natural_questions,who sings the song one thing leads to another,                                                                                                    who sings the song one thing leads to another,0.9999999403953552,"assistant

The song ""One Thing Leads to Another"" is performed by the British band The Fixx. It was released in 1983 and became one of the band's most popular singles, reaching the top 10 in several countries, including the US, UK, and Australia.","assistant

The song ""One Thing Leads to Another"" is performed by the British band The Fixx. It was released in 1983 and became one of the band's most popular singles, reaching the top 10 in several countries, including the US, UK, and Australia.",100.00000000000004,1.0,1.0,-0.0,0.0,0,0.0,-5.960464477539063e-08,0.0,0.0,0
L3.2-3B,15,prefix,100,natural_questions,where did the term 'robot' come from,                                                                                                    where did the term 'robot' come from,0.9999999403953552,"assistant

The term ""robot"" has a fascinating history. It was coined by the Czech playwright Karel Čapek in his 1920 play ""R.U.R."" (Rossum's Universal Robots). Čapek, a science fiction writer, derived the word ""robot"" from the Czech word ""robota,"" which means ""forced labor"" or ""drudgery."" He combined it with the suffix ""-ot,"" which is a diminutive form, to create the word ""robot.""

Čape","assistant

The term ""robot"" has a fascinating history. It was coined by the Czech playwright Karel Čapek in his 1920 play ""R.U.R."" (Rossum's Universal Robots). Čapek, a science fiction writer, derived the word ""robot"" from the Czech word ""robota,"" which means ""forced labor"" or ""drudgery."" He combined it with the suffix ""-ot,"" which is a diminutive form, to create the word ""robot.""

Čape",100.00000000000004,1.0,1.0009765625,-0.0,0.0,0,0.0,-5.960464477539063e-08,0.0,0.0,0
L3.2-3B,0,suffix,0,natural_questions,who did deion sanders go in the hall of fame as,who did deion sanders go in the hall of fame as,1.0,Deion Sanders was inducted into the Pro Football Hall of Fame in 2011. He was inducted as a member of the Atlanta Falcons and the Dallas Cowboys.,Deion Sanders was inducted into the Pro Football Hall of Fame in 2011. He was inducted as a member of the Atlanta Falcons and the Dallas Cowboys.,100.00000000000004,0.9999998807907104,1.0009765625,-0.0,0.0,0,0.0,0.0,0.0,0.0,0
L3.2-3B,1,suffix,0,natural_questions,what is the title of the person who runs the house of representatives,what is the title of the person who runs the house of representatives,1.0,The title of the person who runs the House of Representatives is the Speaker of the House.,The title of the person who runs the House of Representatives is the Speaker of the House.,100.00000000000004,1.0,1.0,-0.0,0.0,0,0.0,0.0,0.0,0.0,0
L3.2-3B,2,suffix,0,natural_questions,why did france decide to aid the united states in its war for independence,why did france decide to aid the united states in its war for independence,1.0,"France decided to aid the United States in its war for independence from Great Britain in 1778, after several factors contributed to this decision. Here are some key reasons:

1. **Enmity with Great Britain**: France and Great Britain had a long-standing rivalry, dating back to the Seven Years' War (1756-1763). France was dissatisfied with the Treaty of Paris, which ended the war and ceded Canada to Britain. France also felt that Britain was trying to limit its","France decided to aid the United States in its war for independence from Great Britain in 1778, after several factors contributed to this decision. Here are some key reasons:

1. **Enmity with Great Britain**: France and Great Britain had a long-standing rivalry, dating back to the Seven Years' War (1756-1763). France was dissatisfied with the Treaty of Paris, which ended the war and ceded Canada to Britain. France also felt that Britain was trying to limit its",100.00000000000004,1.0,0.99951171875,-0.0,0.0,0,0.0,0.0,0.0,0.0,0
L3.2-3B,3,suffix,0,natural_questions,yo la tengo theres a riot going on release date,yo la tengo theres a riot going on release date,1.0,"assistant

""Yo La Tengo"" is a band known for their eclectic and experimental sound. ""There's a Riot Going On"" is indeed a song by the band, and it was released in 1990 on their album ""Pain and Suffering"".","assistant

""Yo La Tengo"" is a band known for their eclectic and experimental sound. ""There's a Riot Going On"" is indeed a song by the band, and it was released in 1990 on their album ""Pain and Suffering"".",100.00000000000004,1.0,1.0,-0.0,0.0,0,0.0,0.0,0.0,0.0,0
L3.2-3B,4,suffix,0,natural_questions,who played the hobbits in the lord of the rings,who played the hobbits in the lord of the rings,0.9999998807907104,"assistant

Here's a list of the main hobbits in J.R.R. Tolkien's ""The Lord of the Rings"" and the actors who played them in the 2001-2003 film trilogy:

1. Frodo Baggins (played by Elijah Wood)
2. Samwise Gamgee (played by Sean Astin)
3. Meriadoc Brandybuck (played by Dominic Monaghan)
4. Peregrin Took (played by Billy Boyd)
5. Bilbo Bagg","assistant

Here's a list of the main hobbits in J.R.R. Tolkien's ""The Lord of the Rings"" and the actors who played them in the 2001-2003 film trilogy:

1. Frodo Baggins (played by Elijah Wood)
2. Samwise Gamgee (played by Sean Astin)
3. Meriadoc Brandybuck (played by Dominic Monaghan)
4. Peregrin Took (played by Billy Boyd)
5. Bilbo Bagg",100.00000000000004,0.9999999403953552,1.0,-0.0,0.0,0,0.0,0.0,0.0,0.0,0
L3.2-3B,5,suffix,0,natural_questions,who played the doctor in band of brothers,who played the doctor in band of brothers,1.0,"brothersassistant

The character of Captain Richard Winters, the leader of Easy Company, 2nd Battalion, 506th Parachute Infantry Regiment, 101st Airborne Division, in the HBO miniseries ""Band of Brothers"" was played by actor Damian Lewis.

However, the character of the doctor in the show was actually Dr. John ""Doc"" Deering, played by actor Donnie Wahlberg's friend, actor Donnie Wahlberg's friend,  actor  Donnie's friend,","brothersassistant

The character of Captain Richard Winters, the leader of Easy Company, 2nd Battalion, 506th Parachute Infantry Regiment, 101st Airborne Division, in the HBO miniseries ""Band of Brothers"" was played by actor Damian Lewis.

However, the character of the doctor in the show was actually Dr. John ""Doc"" Deering, played by actor Donnie Wahlberg's friend, actor Donnie Wahlberg's friend,  actor  Donnie's friend,",100.00000000000004,0.9999998807907104,1.0,-0.0,0.0,0,0.0,0.0,0.0,0.0,0
L3.2-3B,6,suffix,0,natural_questions,short notes on characters of merchant of venice,short notes on characters of merchant of venice,1.000000238418579,"assistant

Here are some key character notes on the main characters in William Shakespeare's ""The Merchant of Venice"":

1. **Shylock**: The main antagonist, a Jewish moneylender who seeks revenge against Antonio for a past debt. He is intelligent, cunning, and ruthless.

2. **Antonio**: The wealthy merchant who borrows money from Shylock to finance his voyage. He is a complex character, showing both generosity and cowardice.

3. **Portia**: The wealthy heiress","assistant

Here are some key character notes on the main characters in William Shakespeare's ""The Merchant of Venice"":

1. **Shylock**: The main antagonist, a Jewish moneylender who seeks revenge against Antonio for a past debt. He is intelligent, cunning, and ruthless.

2. **Antonio**: The wealthy merchant who borrows money from Shylock to finance his voyage. He is a complex character, showing both generosity and cowardice.

3. **Portia**: The wealthy heiress",100.00000000000004,0.9999998807907104,1.0009765625,-0.0,0.0,0,0.0,0.0,0.0,0.0,0
L3.2-3B,7,suffix,0,natural_questions,did the movie rocky win any academy awards,did the movie rocky win any academy awards,0.9999998211860656,"awardsassistant

Yes, the movie ""Rocky"" (1976) won several Academy Awards. At the 49th Academy Awards in 1977, ""Rocky"" won three Oscars:

1. Best Picture: John G. Avildsen, Robert Chartoff, and Irwin Winkler
2. Best Director: John G. Avildsen
3. Best Film Editing: Richard Halsey and Scott Conrad

Additionally, the film was nominated for seven other categories, including Best Actor","awardsassistant

Yes, the movie ""Rocky"" (1976) won several Academy Awards. At the 49th Academy Awards in 1977, ""Rocky"" won three Oscars:

1. Best Picture: John G. Avildsen, Robert Chartoff, and Irwin Winkler
2. Best Director: John G. Avildsen
3. Best Film Editing: Richard Halsey and Scott Conrad

Additionally, the film was nominated for seven other categories, including Best Actor",100.00000000000004,1.0,0.99951171875,-0.0,0.0,0,0.0,0.0,0.0,0.0,0
L3.2-3B,8,suffix,0,natural_questions,where does the show the path take place,where does the show the path take place,0.9999998807907104,"placeassistant

The TV series ""The Path"" is set in the fictional town of Meyerism, which is modeled after the real-life town of New York City, but is actually filmed in various locations in New York and New Jersey.","placeassistant

The TV series ""The Path"" is set in the fictional town of Meyerism, which is modeled after the real-life town of New York City, but is actually filmed in various locations in New York and New Jersey.",100.00000000000004,0.9999998211860656,1.0009765625,-0.0,0.0,0,0.0,0.0,0.0,0.0,0
L3.2-3B,9,suffix,0,natural_questions,when did michigan last win a national championship,when did michigan last win a national championship,1.0,"assistant

The University of Michigan Wolverines have won several national championships in various sports. Here are some of their recent national championships:

* Football: The University of Michigan Wolverines last won a national championship in football in 1997, when they finished the season with a 12-0 record and won the AP Poll national championship.

* Basketball: The University of Michigan Wolverines men's basketball team last won a national championship in 1989, when they won the NCAA Tournament under coach Steve Fisher.

*","assistant

The University of Michigan Wolverines have won several national championships in various sports. Here are some of their recent national championships:

* Football: The University of Michigan Wolverines last won a national championship in football in 1997, when they finished the season with a 12-0 record and won the AP Poll national championship.

* Basketball: The University of Michigan Wolverines men's basketball team last won a national championship in 1989, when they won the NCAA Tournament under coach Steve Fisher.

*",100.00000000000004,1.0,0.99951171875,-0.0,0.0,0,0.0,0.0,0.0,0.0,0
L3.2-3B,10,suffix,0,natural_questions,sweet leavened bread prepared for easter in romania,sweet leavened bread prepared for easter in romania,0.9999999403953552,"You're referring to ""Pâine cu smântână"" or ""Pâine cu smântână"" in Romanian, which is a traditional sweet bread prepared for Easter in Romania.

Pâine cu smântână is a sweet bread made with yeast, flour, sugar, eggs, and sour cream (or sometimes milk), which gives it a rich and creamy texture. The dough is typically shaped into a round or oblong loaf and decorated with a cross on","You're referring to ""Pâine cu smântână"" or ""Pâine cu smântână"" in Romanian, which is a traditional sweet bread prepared for Easter in Romania.

Pâine cu smântână is a sweet bread made with yeast, flour, sugar, eggs, and sour cream (or sometimes milk), which gives it a rich and creamy texture. The dough is typically shaped into a round or oblong loaf and decorated with a cross on",100.00000000000004,1.0,0.99951171875,-0.0,0.0,0,0.0,0.0,0.0,0.0,0
L3.2-3B,11,suffix,0,natural_questions,when did united states enter world war i,when did united states enter world war i,1.0,"iassistant

The United States entered World War I on April 6, 1917, when Congress declared war on Germany. This decision was made after a series of events, including:

1. Germany's resumption of unrestricted submarine warfare, which led to the sinking of several American ships, including the passenger ship Lusitania in May 1915.
2. The Zimmermann Telegram, sent by Germany to Mexico in January 1917, which proposed an alliance between Germany and Mexico in the event of","iassistant

The United States entered World War I on April 6, 1917, when Congress declared war on Germany. This decision was made after a series of events, including:

1. Germany's resumption of unrestricted submarine warfare, which led to the sinking of several American ships, including the passenger ship Lusitania in May 1915.
2. The Zimmermann Telegram, sent by Germany to Mexico in January 1917, which proposed an alliance between Germany and Mexico in the event of",100.00000000000004,0.9999998807907104,0.99951171875,-0.0,0.0,0,0.0,0.0,0.0,0.0,0
L3.2-3B,12,suffix,0,natural_questions,where do secondary xylem and phloem cells arise from,where do secondary xylem and phloem cells arise from,1.0000001192092896,"Secondary xylem and phloem cells arise from the vascular cambium, a type of meristematic tissue found in plants. The vascular cambium is a layer of undifferentiated cells that lies between the primary xylem and phloem tissues in the stem and roots of woody plants.

The vascular cambium is responsible for producing new xylem and phloem cells through a process called secondary growth. This process involves the differentiation of the cambial cells into xylem","Secondary xylem and phloem cells arise from the vascular cambium, a type of meristematic tissue found in plants. The vascular cambium is a layer of undifferentiated cells that lies between the primary xylem and phloem tissues in the stem and roots of woody plants.

The vascular cambium is responsible for producing new xylem and phloem cells through a process called secondary growth. This process involves the differentiation of the cambial cells into xylem",100.00000000000004,0.9999999403953552,1.0,-0.0,0.0,0,0.0,0.0,0.0,0.0,0
L3.2-3B,13,suffix,0,natural_questions,when was modem invented and in which country,when was modem invented and in which country,1.0000001192092896,"countryassistant

The modem (modulator-demodulator) was invented in the 1950s. The first modem was developed in the United States in 1958 by Dennis Hayes and Dale Heatherington, who founded Hayes Microcomputer Products. However, the concept of modems dates back to the early 20th century.

The first commercial modem was the Bell 101, developed by AT&T in 1958. It was a dial-up modem that used a 110-baud (bits per second)","countryassistant

The modem (modulator-demodulator) was invented in the 1950s. The first modem was developed in the United States in 1958 by Dennis Hayes and Dale Heatherington, who founded Hayes Microcomputer Products. However, the concept of modems dates back to the early 20th century.

The first commercial modem was the Bell 101, developed by AT&T in 1958. It was a dial-up modem that used a 110-baud (bits per second)",100.00000000000004,1.0,1.0,-0.0,0.0,0,0.0,0.0,0.0,0.0,0
L3.2-3B,14,suffix,0,natural_questions,who sings the song one thing leads to another,who sings the song one thing leads to another,1.0,"assistant

The song ""One Thing Leads to Another"" is performed by the British band The Fixx. It was released in 1983 and became one of the band's most popular singles, reaching the top 10 in several countries, including the US, UK, and Australia.","assistant

The song ""One Thing Leads to Another"" is performed by the British band The Fixx. It was released in 1983 and became one of the band's most popular singles, reaching the top 10 in several countries, including the US, UK, and Australia.",100.00000000000004,1.0,1.0,-0.0,0.0,0,0.0,0.0,0.0,0.0,0
L3.2-3B,15,suffix,0,natural_questions,where did the term 'robot' come from,where did the term 'robot' come from,1.0,"assistant

The term ""robot"" has a fascinating history. It was coined by the Czech playwright Karel Čapek in his 1920 play ""R.U.R."" (Rossum's Universal Robots). Čapek, a science fiction writer, derived the word ""robot"" from the Czech word ""robota,"" which means ""forced labor"" or ""drudgery."" He combined it with the suffix ""-ot,"" which is a diminutive form, to create the word ""robot.""

Čape","assistant

The term ""robot"" has a fascinating history. It was coined by the Czech playwright Karel Čapek in his 1920 play ""R.U.R."" (Rossum's Universal Robots). Čapek, a science fiction writer, derived the word ""robot"" from the Czech word ""robota,"" which means ""forced labor"" or ""drudgery."" He combined it with the suffix ""-ot,"" which is a diminutive form, to create the word ""robot.""

Čape",100.00000000000004,1.0,1.0009765625,-0.0,0.0,0,0.0,0.0,0.0,0.0,0
L3.2-3B,0,suffix,1,natural_questions,who did deion sanders go in the hall of fame as,who did deion sanders go in the hall of fame as ,1.0,Deion Sanders was inducted into the Pro Football Hall of Fame in 2011. He was inducted as a member of the Atlanta Falcons and the Dallas Cowboys.,Deion Sanders was inducted into the Pro Football Hall of Fame in 2011. He was inducted as a member of the Atlanta Falcons and the Dallas Cowboys.,100.00000000000004,0.9999998807907104,1.0009765625,-0.0,0.0,0,0.0,0.0,0.0,0.0,0
L3.2-3B,1,suffix,1,natural_questions,what is the title of the person who runs the house of representatives,what is the title of the person who runs the house of representatives ,0.9999999403953552,The title of the person who runs the House of Representatives is the Speaker of the House.,The title of the person who runs the House of Representatives is the Speaker of the House.,100.00000000000004,1.0,1.0,-0.0,0.0,0,0.0,-5.960464477539063e-08,0.0,0.0,0
L3.2-3B,2,suffix,1,natural_questions,why did france decide to aid the united states in its war for independence,why did france decide to aid the united states in its war for independence ,1.0,"France decided to aid the United States in its war for independence from Great Britain in 1778, after several factors contributed to this decision. Here are some key reasons:

1. **Enmity with Great Britain**: France and Great Britain had a long-standing rivalry, dating back to the Seven Years' War (1756-1763). France was dissatisfied with the Treaty of Paris, which ended the war and ceded Canada to Britain. France also felt that Britain was trying to limit its","France decided to aid the United States in its war for independence from Great Britain in 1778, after several factors contributed to this decision. Here are some key reasons:

1. **Enmity with Great Britain**: France and Great Britain had a long-standing rivalry, dating back to the Seven Years' War (1756-1763). France was dissatisfied with the Treaty of Paris, which ended the war and ceded Canada to Britain. France also felt that Britain was trying to limit its",100.00000000000004,1.0,0.99951171875,-0.0,0.0,0,0.0,0.0,0.0,0.0,0
L3.2-3B,3,suffix,1,natural_questions,yo la tengo theres a riot going on release date,yo la tengo theres a riot going on release date ,1.0000001192092896,"assistant

""Yo La Tengo"" is a band known for their eclectic and experimental sound. ""There's a Riot Going On"" is indeed a song by the band, and it was released in 1990 on their album ""Pain and Suffering"".","assistant

""Yo La Tengo"" is a band known for their eclectic and experimental sound. ""There's a Riot Going On"" is indeed a song by the band, and it was released in 1990 on their album ""Pain and Suffering"".",100.00000000000004,1.0,1.0,-0.0,0.0,0,0.0,1.1920928955078125e-07,0.0,0.0,0
L3.2-3B,4,suffix,1,natural_questions,who played the hobbits in the lord of the rings,who played the hobbits in the lord of the rings ,0.9999998807907104,"assistant

Here's a list of the main hobbits in J.R.R. Tolkien's ""The Lord of the Rings"" and the actors who played them in the 2001-2003 film trilogy:

1. Frodo Baggins (played by Elijah Wood)
2. Samwise Gamgee (played by Sean Astin)
3. Meriadoc Brandybuck (played by Dominic Monaghan)
4. Peregrin Took (played by Billy Boyd)
5. Bilbo Bagg","assistant

Here's a list of the main hobbits in J.R.R. Tolkien's ""The Lord of the Rings"" and the actors who played them in the 2001-2003 film trilogy:

1. Frodo Baggins (played by Elijah Wood)
2. Samwise Gamgee (played by Sean Astin)
3. Meriadoc Brandybuck (played by Dominic Monaghan)
4. Peregrin Took (played by Billy Boyd)
5. Bilbo Bagg",100.00000000000004,0.9999999403953552,1.0,-0.0,0.0,0,0.0,0.0,0.0,0.0,0
L3.2-3B,5,suffix,1,natural_questions,who played the doctor in band of brothers,who played the doctor in band of brothers ,1.0,"brothersassistant

The character of Captain Richard Winters, the leader of Easy Company, 2nd Battalion, 506th Parachute Infantry Regiment, 101st Airborne Division, in the HBO miniseries ""Band of Brothers"" was played by actor Damian Lewis.

However, the character of the doctor in the show was actually Dr. John ""Doc"" Deering, played by actor Donnie Wahlberg's friend, actor Donnie Wahlberg's friend,  actor  Donnie's friend,","brothersassistant

The character of Captain Richard Winters, the leader of Easy Company, 2nd Battalion, 506th Parachute Infantry Regiment, 101st Airborne Division, in the HBO miniseries ""Band of Brothers"" was played by actor Damian Lewis.

However, the character of the doctor in the show was actually Dr. John ""Doc"" Deering, played by actor Donnie Wahlberg's friend, actor Donnie Wahlberg's friend,  actor  Donnie's friend,",100.00000000000004,0.9999998807907104,1.0,-0.0,0.0,0,0.0,0.0,0.0,0.0,0
L3.2-3B,6,suffix,1,natural_questions,short notes on characters of merchant of venice,short notes on characters of merchant of venice ,1.000000238418579,"assistant

Here are some key character notes on the main characters in William Shakespeare's ""The Merchant of Venice"":

1. **Shylock**: The main antagonist, a Jewish moneylender who seeks revenge against Antonio for a past debt. He is intelligent, cunning, and ruthless.

2. **Antonio**: The wealthy merchant who borrows money from Shylock to finance his voyage. He is a complex character, showing both generosity and cowardice.

3. **Portia**: The wealthy heiress","assistant

Here are some key character notes on the main characters in William Shakespeare's ""The Merchant of Venice"":

1. **Shylock**: The main antagonist, a Jewish moneylender who seeks revenge against Antonio for a past debt. He is intelligent, cunning, and ruthless.

2. **Antonio**: The wealthy merchant who borrows money from Shylock to finance his voyage. He is a complex character, showing both generosity and cowardice.

3. **Portia**: The wealthy heiress",100.00000000000004,0.9999998807907104,1.0009765625,-0.0,0.0,0,0.0,0.0,0.0,0.0,0
L3.2-3B,7,suffix,1,natural_questions,did the movie rocky win any academy awards,did the movie rocky win any academy awards ,0.9999998211860656,"awardsassistant

Yes, the movie ""Rocky"" (1976) won several Academy Awards. At the 49th Academy Awards in 1977, ""Rocky"" won three Oscars:

1. Best Picture: John G. Avildsen, Robert Chartoff, and Irwin Winkler
2. Best Director: John G. Avildsen
3. Best Film Editing: Richard Halsey and Scott Conrad

Additionally, the film was nominated for seven other categories, including Best Actor","awardsassistant

Yes, the movie ""Rocky"" (1976) won several Academy Awards. At the 49th Academy Awards in 1977, ""Rocky"" won three Oscars:

1. Best Picture: John G. Avildsen, Robert Chartoff, and Irwin Winkler
2. Best Director: John G. Avildsen
3. Best Film Editing: Richard Halsey and Scott Conrad

Additionally, the film was nominated for seven other categories, including Best Actor",100.00000000000004,1.0,0.99951171875,-0.0,0.0,0,0.0,0.0,0.0,0.0,0
L3.2-3B,8,suffix,1,natural_questions,where does the show the path take place,where does the show the path take place ,0.9999998807907104,"placeassistant

The TV series ""The Path"" is set in the fictional town of Meyerism, which is modeled after the real-life town of New York City, but is actually filmed in various locations in New York and New Jersey.","placeassistant

The TV series ""The Path"" is set in the fictional town of Meyerism, which is modeled after the real-life town of New York City, but is actually filmed in various locations in New York and New Jersey.",100.00000000000004,0.9999998211860656,1.0009765625,-0.0,0.0,0,0.0,0.0,0.0,0.0,0
L3.2-3B,9,suffix,1,natural_questions,when did michigan last win a national championship,when did michigan last win a national championship ,0.9999998807907104,"assistant

The University of Michigan Wolverines have won several national championships in various sports. Here are some of their recent national championships:

* Football: The University of Michigan Wolverines last won a national championship in football in 1997, when they finished the season with a 12-0 record and won the AP Poll national championship.

* Basketball: The University of Michigan Wolverines men's basketball team last won a national championship in 1989, when they won the NCAA Tournament under coach Steve Fisher.

*","assistant

The University of Michigan Wolverines have won several national championships in various sports. Here are some of their recent national championships:

* Football: The University of Michigan Wolverines last won a national championship in football in 1997, when they finished the season with a 12-0 record and won the AP Poll national championship.

* Basketball: The University of Michigan Wolverines men's basketball team last won a national championship in 1989, when they won the NCAA Tournament under coach Steve Fisher.

*",100.00000000000004,1.0,0.99951171875,-0.0,0.0,0,0.0,-1.1920928955078125e-07,0.0,0.0,0
L3.2-3B,10,suffix,1,natural_questions,sweet leavened bread prepared for easter in romania,sweet leavened bread prepared for easter in romania ,1.0,"You're referring to ""Pâine cu smântână"" or ""Pâine cu smântână"" in Romanian, which is a traditional sweet bread prepared for Easter in Romania.

Pâine cu smântână is a sweet bread made with yeast, flour, sugar, eggs, and sour cream (or sometimes milk), which gives it a rich and creamy texture. The dough is typically shaped into a round or oblong loaf and decorated with a cross on","You're referring to ""Pâine cu smântână"" or ""Pâine cu smântână"" in Romanian, which is a traditional sweet bread prepared for Easter in Romania.

Pâine cu smântână is a sweet bread made with yeast, flour, sugar, eggs, and sour cream (or sometimes milk), which gives it a rich and creamy texture. The dough is typically shaped into a round or oblong loaf and decorated with a cross on",100.00000000000004,1.0,0.99951171875,-0.0,0.0,0,0.0,5.960464477539063e-08,0.0,0.0,0
L3.2-3B,11,suffix,1,natural_questions,when did united states enter world war i,when did united states enter world war i ,1.0,"iassistant

The United States entered World War I on April 6, 1917, when Congress declared war on Germany. This decision was made after a series of events, including:

1. Germany's resumption of unrestricted submarine warfare, which led to the sinking of several American ships, including the passenger ship Lusitania in May 1915.
2. The Zimmermann Telegram, sent by Germany to Mexico in January 1917, which proposed an alliance between Germany and Mexico in the event of","iassistant

The United States entered World War I on April 6, 1917, when Congress declared war on Germany. This decision was made after a series of events, including:

1. Germany's resumption of unrestricted submarine warfare, which led to the sinking of several American ships, including the passenger ship Lusitania in May 1915.
2. The Zimmermann Telegram, sent by Germany to Mexico in January 1917, which proposed an alliance between Germany and Mexico in the event of",100.00000000000004,0.9999998807907104,0.99951171875,-0.0,0.0,0,0.0,0.0,0.0,0.0,0
L3.2-3B,12,suffix,1,natural_questions,where do secondary xylem and phloem cells arise from,where do secondary xylem and phloem cells arise from ,1.0000001192092896,"Secondary xylem and phloem cells arise from the vascular cambium, a type of meristematic tissue found in plants. The vascular cambium is a layer of undifferentiated cells that lies between the primary xylem and phloem tissues in the stem and roots of woody plants.

The vascular cambium is responsible for producing new xylem and phloem cells through a process called secondary growth. This process involves the differentiation of the cambial cells into xylem","Secondary xylem and phloem cells arise from the vascular cambium, a type of meristematic tissue found in plants. The vascular cambium is a layer of undifferentiated cells that lies between the primary xylem and phloem tissues in the stem and roots of woody plants.

The vascular cambium is responsible for producing new xylem and phloem cells through a process called secondary growth. This process involves the differentiation of the cambial cells into xylem",100.00000000000004,0.9999999403953552,1.0,-0.0,0.0,0,0.0,0.0,0.0,0.0,0
L3.2-3B,13,suffix,1,natural_questions,when was modem invented and in which country,when was modem invented and in which country ,1.0,"countryassistant

The modem (modulator-demodulator) was invented in the 1950s. The first modem was developed in the United States in 1958 by Dennis Hayes and Dale Heatherington, who founded Hayes Microcomputer Products. However, the concept of modems dates back to the early 20th century.

The first commercial modem was the Bell 101, developed by AT&T in 1958. It was a dial-up modem that used a 110-baud (bits per second)","countryassistant

The modem (modulator-demodulator) was invented in the 1950s. The first modem was developed in the United States in 1958 by Dennis Hayes and Dale Heatherington, who founded Hayes Microcomputer Products. However, the concept of modems dates back to the early 20th century.

The first commercial modem was the Bell 101, developed by AT&T in 1958. It was a dial-up modem that used a 110-baud (bits per second)",100.00000000000004,1.0,1.0,-0.0,0.0,0,0.0,-1.1920928955078125e-07,0.0,0.0,0
L3.2-3B,14,suffix,1,natural_questions,who sings the song one thing leads to another,who sings the song one thing leads to another ,0.9999999403953552,"assistant

The song ""One Thing Leads to Another"" is performed by the British band The Fixx. It was released in 1983 and became one of the band's most popular singles, reaching the top 10 in several countries, including the US, UK, and Australia.","assistant

The song ""One Thing Leads to Another"" is performed by the British band The Fixx. It was released in 1983 and became one of the band's most popular singles, reaching the top 10 in several countries, including the US, UK, and Australia.",100.00000000000004,1.0,1.0,-0.0,0.0,0,0.0,-5.960464477539063e-08,0.0,0.0,0
L3.2-3B,15,suffix,1,natural_questions,where did the term 'robot' come from,where did the term 'robot' come from ,0.9999999403953552,"assistant

The term ""robot"" has a fascinating history. It was coined by the Czech playwright Karel Čapek in his 1920 play ""R.U.R."" (Rossum's Universal Robots). Čapek, a science fiction writer, derived the word ""robot"" from the Czech word ""robota,"" which means ""forced labor"" or ""drudgery."" He combined it with the suffix ""-ot,"" which is a diminutive form, to create the word ""robot.""

Čape","assistant

The term ""robot"" has a fascinating history. It was coined by the Czech playwright Karel Čapek in his 1920 play ""R.U.R."" (Rossum's Universal Robots). Čapek, a science fiction writer, derived the word ""robot"" from the Czech word ""robota,"" which means ""forced labor"" or ""drudgery."" He combined it with the suffix ""-ot,"" which is a diminutive form, to create the word ""robot.""

Čape",100.00000000000004,1.0,1.0009765625,-0.0,0.0,0,0.0,-5.960464477539063e-08,0.0,0.0,0
L3.2-3B,0,suffix,5,natural_questions,who did deion sanders go in the hall of fame as,who did deion sanders go in the hall of fame as     ,1.0,Deion Sanders was inducted into the Pro Football Hall of Fame in 2011. He was inducted as a member of the Atlanta Falcons and the Dallas Cowboys.,Deion Sanders was inducted into the Pro Football Hall of Fame in 2011. He was inducted as a member of the Atlanta Falcons and the Dallas Cowboys.,100.00000000000004,0.9999998807907104,1.0009765625,-0.0,0.0,0,0.0,0.0,0.0,0.0,0
L3.2-3B,1,suffix,5,natural_questions,what is the title of the person who runs the house of representatives,what is the title of the person who runs the house of representatives     ,0.9999999403953552,The title of the person who runs the House of Representatives is the Speaker of the House.,The title of the person who runs the House of Representatives is the Speaker of the House.,100.00000000000004,1.0,1.0,-0.0,0.0,0,0.0,-5.960464477539063e-08,0.0,0.0,0
L3.2-3B,2,suffix,5,natural_questions,why did france decide to aid the united states in its war for independence,why did france decide to aid the united states in its war for independence     ,1.0,"France decided to aid the United States in its war for independence from Great Britain in 1778, after several factors contributed to this decision. Here are some key reasons:

1. **Enmity with Great Britain**: France and Great Britain had a long-standing rivalry, dating back to the Seven Years' War (1756-1763). France was dissatisfied with the Treaty of Paris, which ended the war and ceded Canada to Britain. France also felt that Britain was trying to limit its","France decided to aid the United States in its war for independence from Great Britain in 1778, after several factors contributed to this decision. Here are some key reasons:

1. **Enmity with Great Britain**: France and Great Britain had a long-standing rivalry, dating back to the Seven Years' War (1756-1763). France was dissatisfied with the Treaty of Paris, which ended the war and ceded Canada to Britain. France also felt that Britain was trying to limit its",100.00000000000004,1.0,0.99951171875,-0.0,0.0,0,0.0,0.0,0.0,0.0,0
L3.2-3B,3,suffix,5,natural_questions,yo la tengo theres a riot going on release date,yo la tengo theres a riot going on release date     ,1.0000001192092896,"assistant

""Yo La Tengo"" is a band known for their eclectic and experimental sound. ""There's a Riot Going On"" is indeed a song by the band, and it was released in 1990 on their album ""Pain and Suffering"".","assistant

""Yo La Tengo"" is a band known for their eclectic and experimental sound. ""There's a Riot Going On"" is indeed a song by the band, and it was released in 1990 on their album ""Pain and Suffering"".",100.00000000000004,1.0,1.0,-0.0,0.0,0,0.0,1.1920928955078125e-07,0.0,0.0,0
L3.2-3B,4,suffix,5,natural_questions,who played the hobbits in the lord of the rings,who played the hobbits in the lord of the rings     ,0.9999998807907104,"assistant

Here's a list of the main hobbits in J.R.R. Tolkien's ""The Lord of the Rings"" and the actors who played them in the 2001-2003 film trilogy:

1. Frodo Baggins (played by Elijah Wood)
2. Samwise Gamgee (played by Sean Astin)
3. Meriadoc Brandybuck (played by Dominic Monaghan)
4. Peregrin Took (played by Billy Boyd)
5. Bilbo Bagg","assistant

Here's a list of the main hobbits in J.R.R. Tolkien's ""The Lord of the Rings"" and the actors who played them in the 2001-2003 film trilogy:

1. Frodo Baggins (played by Elijah Wood)
2. Samwise Gamgee (played by Sean Astin)
3. Meriadoc Brandybuck (played by Dominic Monaghan)
4. Peregrin Took (played by Billy Boyd)
5. Bilbo Bagg",100.00000000000004,0.9999999403953552,1.0,-0.0,0.0,0,0.0,0.0,0.0,0.0,0
L3.2-3B,5,suffix,5,natural_questions,who played the doctor in band of brothers,who played the doctor in band of brothers     ,1.0,"brothersassistant

The character of Captain Richard Winters, the leader of Easy Company, 2nd Battalion, 506th Parachute Infantry Regiment, 101st Airborne Division, in the HBO miniseries ""Band of Brothers"" was played by actor Damian Lewis.

However, the character of the doctor in the show was actually Dr. John ""Doc"" Deering, played by actor Donnie Wahlberg's friend, actor Donnie Wahlberg's friend,  actor  Donnie's friend,","brothersassistant

The character of Captain Richard Winters, the leader of Easy Company, 2nd Battalion, 506th Parachute Infantry Regiment, 101st Airborne Division, in the HBO miniseries ""Band of Brothers"" was played by actor Damian Lewis.

However, the character of the doctor in the show was actually Dr. John ""Doc"" Deering, played by actor Donnie Wahlberg's friend, actor Donnie Wahlberg's friend,  actor  Donnie's friend,",100.00000000000004,0.9999998807907104,1.0,-0.0,0.0,0,0.0,0.0,0.0,0.0,0
L3.2-3B,6,suffix,5,natural_questions,short notes on characters of merchant of venice,short notes on characters of merchant of venice     ,1.000000238418579,"assistant

Here are some key character notes on the main characters in William Shakespeare's ""The Merchant of Venice"":

1. **Shylock**: The main antagonist, a Jewish moneylender who seeks revenge against Antonio for a past debt. He is intelligent, cunning, and ruthless.

2. **Antonio**: The wealthy merchant who borrows money from Shylock to finance his voyage. He is a complex character, showing both generosity and cowardice.

3. **Portia**: The wealthy heiress","assistant

Here are some key character notes on the main characters in William Shakespeare's ""The Merchant of Venice"":

1. **Shylock**: The main antagonist, a Jewish moneylender who seeks revenge against Antonio for a past debt. He is intelligent, cunning, and ruthless.

2. **Antonio**: The wealthy merchant who borrows money from Shylock to finance his voyage. He is a complex character, showing both generosity and cowardice.

3. **Portia**: The wealthy heiress",100.00000000000004,0.9999998807907104,1.0009765625,-0.0,0.0,0,0.0,0.0,0.0,0.0,0
L3.2-3B,7,suffix,5,natural_questions,did the movie rocky win any academy awards,did the movie rocky win any academy awards     ,0.9999998211860656,"awardsassistant

Yes, the movie ""Rocky"" (1976) won several Academy Awards. At the 49th Academy Awards in 1977, ""Rocky"" won three Oscars:

1. Best Picture: John G. Avildsen, Robert Chartoff, and Irwin Winkler
2. Best Director: John G. Avildsen
3. Best Film Editing: Richard Halsey and Scott Conrad

Additionally, the film was nominated for seven other categories, including Best Actor","awardsassistant

Yes, the movie ""Rocky"" (1976) won several Academy Awards. At the 49th Academy Awards in 1977, ""Rocky"" won three Oscars:

1. Best Picture: John G. Avildsen, Robert Chartoff, and Irwin Winkler
2. Best Director: John G. Avildsen
3. Best Film Editing: Richard Halsey and Scott Conrad

Additionally, the film was nominated for seven other categories, including Best Actor",100.00000000000004,1.0,0.99951171875,-0.0,0.0,0,0.0,0.0,0.0,0.0,0
L3.2-3B,8,suffix,5,natural_questions,where does the show the path take place,where does the show the path take place     ,0.9999998807907104,"placeassistant

The TV series ""The Path"" is set in the fictional town of Meyerism, which is modeled after the real-life town of New York City, but is actually filmed in various locations in New York and New Jersey.","placeassistant

The TV series ""The Path"" is set in the fictional town of Meyerism, which is modeled after the real-life town of New York City, but is actually filmed in various locations in New York and New Jersey.",100.00000000000004,0.9999998211860656,1.0009765625,-0.0,0.0,0,0.0,0.0,0.0,0.0,0
L3.2-3B,9,suffix,5,natural_questions,when did michigan last win a national championship,when did michigan last win a national championship     ,0.9999998807907104,"assistant

The University of Michigan Wolverines have won several national championships in various sports. Here are some of their recent national championships:

* Football: The University of Michigan Wolverines last won a national championship in football in 1997, when they finished the season with a 12-0 record and won the AP Poll national championship.

* Basketball: The University of Michigan Wolverines men's basketball team last won a national championship in 1989, when they won the NCAA Tournament under coach Steve Fisher.

*","assistant

The University of Michigan Wolverines have won several national championships in various sports. Here are some of their recent national championships:

* Football: The University of Michigan Wolverines last won a national championship in football in 1997, when they finished the season with a 12-0 record and won the AP Poll national championship.

* Basketball: The University of Michigan Wolverines men's basketball team last won a national championship in 1989, when they won the NCAA Tournament under coach Steve Fisher.

*",100.00000000000004,1.0,0.99951171875,-0.0,0.0,0,0.0,-1.1920928955078125e-07,0.0,0.0,0
L3.2-3B,10,suffix,5,natural_questions,sweet leavened bread prepared for easter in romania,sweet leavened bread prepared for easter in romania     ,1.0,"You're referring to ""Pâine cu smântână"" or ""Pâine cu smântână"" in Romanian, which is a traditional sweet bread prepared for Easter in Romania.

Pâine cu smântână is a sweet bread made with yeast, flour, sugar, eggs, and sour cream (or sometimes milk), which gives it a rich and creamy texture. The dough is typically shaped into a round or oblong loaf and decorated with a cross on","You're referring to ""Pâine cu smântână"" or ""Pâine cu smântână"" in Romanian, which is a traditional sweet bread prepared for Easter in Romania.

Pâine cu smântână is a sweet bread made with yeast, flour, sugar, eggs, and sour cream (or sometimes milk), which gives it a rich and creamy texture. The dough is typically shaped into a round or oblong loaf and decorated with a cross on",100.00000000000004,1.0,0.99951171875,-0.0,0.0,0,0.0,5.960464477539063e-08,0.0,0.0,0
L3.2-3B,11,suffix,5,natural_questions,when did united states enter world war i,when did united states enter world war i     ,1.0,"iassistant

The United States entered World War I on April 6, 1917, when Congress declared war on Germany. This decision was made after a series of events, including:

1. Germany's resumption of unrestricted submarine warfare, which led to the sinking of several American ships, including the passenger ship Lusitania in May 1915.
2. The Zimmermann Telegram, sent by Germany to Mexico in January 1917, which proposed an alliance between Germany and Mexico in the event of","iassistant

The United States entered World War I on April 6, 1917, when Congress declared war on Germany. This decision was made after a series of events, including:

1. Germany's resumption of unrestricted submarine warfare, which led to the sinking of several American ships, including the passenger ship Lusitania in May 1915.
2. The Zimmermann Telegram, sent by Germany to Mexico in January 1917, which proposed an alliance between Germany and Mexico in the event of",100.00000000000004,0.9999998807907104,0.99951171875,-0.0,0.0,0,0.0,0.0,0.0,0.0,0
L3.2-3B,12,suffix,5,natural_questions,where do secondary xylem and phloem cells arise from,where do secondary xylem and phloem cells arise from     ,1.0000001192092896,"Secondary xylem and phloem cells arise from the vascular cambium, a type of meristematic tissue found in plants. The vascular cambium is a layer of undifferentiated cells that lies between the primary xylem and phloem tissues in the stem and roots of woody plants.

The vascular cambium is responsible for producing new xylem and phloem cells through a process called secondary growth. This process involves the differentiation of the cambial cells into xylem","Secondary xylem and phloem cells arise from the vascular cambium, a type of meristematic tissue found in plants. The vascular cambium is a layer of undifferentiated cells that lies between the primary xylem and phloem tissues in the stem and roots of woody plants.

The vascular cambium is responsible for producing new xylem and phloem cells through a process called secondary growth. This process involves the differentiation of the cambial cells into xylem",100.00000000000004,0.9999999403953552,1.0,-0.0,0.0,0,0.0,0.0,0.0,0.0,0
L3.2-3B,13,suffix,5,natural_questions,when was modem invented and in which country,when was modem invented and in which country     ,1.0,"countryassistant

The modem (modulator-demodulator) was invented in the 1950s. The first modem was developed in the United States in 1958 by Dennis Hayes and Dale Heatherington, who founded Hayes Microcomputer Products. However, the concept of modems dates back to the early 20th century.

The first commercial modem was the Bell 101, developed by AT&T in 1958. It was a dial-up modem that used a 110-baud (bits per second)","countryassistant

The modem (modulator-demodulator) was invented in the 1950s. The first modem was developed in the United States in 1958 by Dennis Hayes and Dale Heatherington, who founded Hayes Microcomputer Products. However, the concept of modems dates back to the early 20th century.

The first commercial modem was the Bell 101, developed by AT&T in 1958. It was a dial-up modem that used a 110-baud (bits per second)",100.00000000000004,1.0,1.0,-0.0,0.0,0,0.0,-1.1920928955078125e-07,0.0,0.0,0
L3.2-3B,14,suffix,5,natural_questions,who sings the song one thing leads to another,who sings the song one thing leads to another     ,0.9999999403953552,"assistant

The song ""One Thing Leads to Another"" is performed by the British band The Fixx. It was released in 1983 and became one of the band's most popular singles, reaching the top 10 in several countries, including the US, UK, and Australia.","assistant

The song ""One Thing Leads to Another"" is performed by the British band The Fixx. It was released in 1983 and became one of the band's most popular singles, reaching the top 10 in several countries, including the US, UK, and Australia.",100.00000000000004,1.0,1.0,-0.0,0.0,0,0.0,-5.960464477539063e-08,0.0,0.0,0
L3.2-3B,15,suffix,5,natural_questions,where did the term 'robot' come from,where did the term 'robot' come from     ,0.9999999403953552,"assistant

The term ""robot"" has a fascinating history. It was coined by the Czech playwright Karel Čapek in his 1920 play ""R.U.R."" (Rossum's Universal Robots). Čapek, a science fiction writer, derived the word ""robot"" from the Czech word ""robota,"" which means ""forced labor"" or ""drudgery."" He combined it with the suffix ""-ot,"" which is a diminutive form, to create the word ""robot.""

Čape","assistant

The term ""robot"" has a fascinating history. It was coined by the Czech playwright Karel Čapek in his 1920 play ""R.U.R."" (Rossum's Universal Robots). Čapek, a science fiction writer, derived the word ""robot"" from the Czech word ""robota,"" which means ""forced labor"" or ""drudgery."" He combined it with the suffix ""-ot,"" which is a diminutive form, to create the word ""robot.""

Čape",100.00000000000004,1.0,1.0009765625,-0.0,0.0,0,0.0,-5.960464477539063e-08,0.0,0.0,0
L3.2-3B,0,suffix,20,natural_questions,who did deion sanders go in the hall of fame as,who did deion sanders go in the hall of fame as                    ,1.0,Deion Sanders was inducted into the Pro Football Hall of Fame in 2011. He was inducted as a member of the Atlanta Falcons and the Dallas Cowboys.,Deion Sanders was inducted into the Pro Football Hall of Fame in 2011. He was inducted as a member of the Atlanta Falcons and the Dallas Cowboys.,100.00000000000004,0.9999998807907104,1.0009765625,-0.0,0.0,0,0.0,0.0,0.0,0.0,0
L3.2-3B,1,suffix,20,natural_questions,what is the title of the person who runs the house of representatives,what is the title of the person who runs the house of representatives                    ,0.9999999403953552,The title of the person who runs the House of Representatives is the Speaker of the House.,The title of the person who runs the House of Representatives is the Speaker of the House.,100.00000000000004,1.0,1.0,-0.0,0.0,0,0.0,-5.960464477539063e-08,0.0,0.0,0
L3.2-3B,2,suffix,20,natural_questions,why did france decide to aid the united states in its war for independence,why did france decide to aid the united states in its war for independence                    ,1.0,"France decided to aid the United States in its war for independence from Great Britain in 1778, after several factors contributed to this decision. Here are some key reasons:

1. **Enmity with Great Britain**: France and Great Britain had a long-standing rivalry, dating back to the Seven Years' War (1756-1763). France was dissatisfied with the Treaty of Paris, which ended the war and ceded Canada to Britain. France also felt that Britain was trying to limit its","France decided to aid the United States in its war for independence from Great Britain in 1778, after several factors contributed to this decision. Here are some key reasons:

1. **Enmity with Great Britain**: France and Great Britain had a long-standing rivalry, dating back to the Seven Years' War (1756-1763). France was dissatisfied with the Treaty of Paris, which ended the war and ceded Canada to Britain. France also felt that Britain was trying to limit its",100.00000000000004,1.0,0.99951171875,-0.0,0.0,0,0.0,0.0,0.0,0.0,0
L3.2-3B,3,suffix,20,natural_questions,yo la tengo theres a riot going on release date,yo la tengo theres a riot going on release date                    ,1.0000001192092896,"assistant

""Yo La Tengo"" is a band known for their eclectic and experimental sound. ""There's a Riot Going On"" is indeed a song by the band, and it was released in 1990 on their album ""Pain and Suffering"".","assistant

""Yo La Tengo"" is a band known for their eclectic and experimental sound. ""There's a Riot Going On"" is indeed a song by the band, and it was released in 1990 on their album ""Pain and Suffering"".",100.00000000000004,1.0,1.0,-0.0,0.0,0,0.0,1.1920928955078125e-07,0.0,0.0,0
L3.2-3B,4,suffix,20,natural_questions,who played the hobbits in the lord of the rings,who played the hobbits in the lord of the rings                    ,0.9999998807907104,"assistant

Here's a list of the main hobbits in J.R.R. Tolkien's ""The Lord of the Rings"" and the actors who played them in the 2001-2003 film trilogy:

1. Frodo Baggins (played by Elijah Wood)
2. Samwise Gamgee (played by Sean Astin)
3. Meriadoc Brandybuck (played by Dominic Monaghan)
4. Peregrin Took (played by Billy Boyd)
5. Bilbo Bagg","assistant

Here's a list of the main hobbits in J.R.R. Tolkien's ""The Lord of the Rings"" and the actors who played them in the 2001-2003 film trilogy:

1. Frodo Baggins (played by Elijah Wood)
2. Samwise Gamgee (played by Sean Astin)
3. Meriadoc Brandybuck (played by Dominic Monaghan)
4. Peregrin Took (played by Billy Boyd)
5. Bilbo Bagg",100.00000000000004,0.9999999403953552,1.0,-0.0,0.0,0,0.0,0.0,0.0,0.0,0
L3.2-3B,5,suffix,20,natural_questions,who played the doctor in band of brothers,who played the doctor in band of brothers                    ,1.0,"brothersassistant

The character of Captain Richard Winters, the leader of Easy Company, 2nd Battalion, 506th Parachute Infantry Regiment, 101st Airborne Division, in the HBO miniseries ""Band of Brothers"" was played by actor Damian Lewis.

However, the character of the doctor in the show was actually Dr. John ""Doc"" Deering, played by actor Donnie Wahlberg's friend, actor Donnie Wahlberg's friend,  actor  Donnie's friend,","brothersassistant

The character of Captain Richard Winters, the leader of Easy Company, 2nd Battalion, 506th Parachute Infantry Regiment, 101st Airborne Division, in the HBO miniseries ""Band of Brothers"" was played by actor Damian Lewis.

However, the character of the doctor in the show was actually Dr. John ""Doc"" Deering, played by actor Donnie Wahlberg's friend, actor Donnie Wahlberg's friend,  actor  Donnie's friend,",100.00000000000004,0.9999998807907104,1.0,-0.0,0.0,0,0.0,0.0,0.0,0.0,0
L3.2-3B,6,suffix,20,natural_questions,short notes on characters of merchant of venice,short notes on characters of merchant of venice                    ,1.000000238418579,"assistant

Here are some key character notes on the main characters in William Shakespeare's ""The Merchant of Venice"":

1. **Shylock**: The main antagonist, a Jewish moneylender who seeks revenge against Antonio for a past debt. He is intelligent, cunning, and ruthless.

2. **Antonio**: The wealthy merchant who borrows money from Shylock to finance his voyage. He is a complex character, showing both generosity and cowardice.

3. **Portia**: The wealthy heiress","assistant

Here are some key character notes on the main characters in William Shakespeare's ""The Merchant of Venice"":

1. **Shylock**: The main antagonist, a Jewish moneylender who seeks revenge against Antonio for a past debt. He is intelligent, cunning, and ruthless.

2. **Antonio**: The wealthy merchant who borrows money from Shylock to finance his voyage. He is a complex character, showing both generosity and cowardice.

3. **Portia**: The wealthy heiress",100.00000000000004,0.9999998807907104,1.0009765625,-0.0,0.0,0,0.0,0.0,0.0,0.0,0
L3.2-3B,7,suffix,20,natural_questions,did the movie rocky win any academy awards,did the movie rocky win any academy awards                    ,0.9999998211860656,"awardsassistant

Yes, the movie ""Rocky"" (1976) won several Academy Awards. At the 49th Academy Awards in 1977, ""Rocky"" won three Oscars:

1. Best Picture: John G. Avildsen, Robert Chartoff, and Irwin Winkler
2. Best Director: John G. Avildsen
3. Best Film Editing: Richard Halsey and Scott Conrad

Additionally, the film was nominated for seven other categories, including Best Actor","awardsassistant

Yes, the movie ""Rocky"" (1976) won several Academy Awards. At the 49th Academy Awards in 1977, ""Rocky"" won three Oscars:

1. Best Picture: John G. Avildsen, Robert Chartoff, and Irwin Winkler
2. Best Director: John G. Avildsen
3. Best Film Editing: Richard Halsey and Scott Conrad

Additionally, the film was nominated for seven other categories, including Best Actor",100.00000000000004,1.0,0.99951171875,-0.0,0.0,0,0.0,0.0,0.0,0.0,0
L3.2-3B,8,suffix,20,natural_questions,where does the show the path take place,where does the show the path take place                    ,0.9999998807907104,"placeassistant

The TV series ""The Path"" is set in the fictional town of Meyerism, which is modeled after the real-life town of New York City, but is actually filmed in various locations in New York and New Jersey.","placeassistant

The TV series ""The Path"" is set in the fictional town of Meyerism, which is modeled after the real-life town of New York City, but is actually filmed in various locations in New York and New Jersey.",100.00000000000004,0.9999998211860656,1.0009765625,-0.0,0.0,0,0.0,0.0,0.0,0.0,0
L3.2-3B,9,suffix,20,natural_questions,when did michigan last win a national championship,when did michigan last win a national championship                    ,0.9999998807907104,"assistant

The University of Michigan Wolverines have won several national championships in various sports. Here are some of their recent national championships:

* Football: The University of Michigan Wolverines last won a national championship in football in 1997, when they finished the season with a 12-0 record and won the AP Poll national championship.

* Basketball: The University of Michigan Wolverines men's basketball team last won a national championship in 1989, when they won the NCAA Tournament under coach Steve Fisher.

*","assistant

The University of Michigan Wolverines have won several national championships in various sports. Here are some of their recent national championships:

* Football: The University of Michigan Wolverines last won a national championship in football in 1997, when they finished the season with a 12-0 record and won the AP Poll national championship.

* Basketball: The University of Michigan Wolverines men's basketball team last won a national championship in 1989, when they won the NCAA Tournament under coach Steve Fisher.

*",100.00000000000004,1.0,0.99951171875,-0.0,0.0,0,0.0,-1.1920928955078125e-07,0.0,0.0,0
L3.2-3B,10,suffix,20,natural_questions,sweet leavened bread prepared for easter in romania,sweet leavened bread prepared for easter in romania                    ,1.0,"You're referring to ""Pâine cu smântână"" or ""Pâine cu smântână"" in Romanian, which is a traditional sweet bread prepared for Easter in Romania.

Pâine cu smântână is a sweet bread made with yeast, flour, sugar, eggs, and sour cream (or sometimes milk), which gives it a rich and creamy texture. The dough is typically shaped into a round or oblong loaf and decorated with a cross on","You're referring to ""Pâine cu smântână"" or ""Pâine cu smântână"" in Romanian, which is a traditional sweet bread prepared for Easter in Romania.

Pâine cu smântână is a sweet bread made with yeast, flour, sugar, eggs, and sour cream (or sometimes milk), which gives it a rich and creamy texture. The dough is typically shaped into a round or oblong loaf and decorated with a cross on",100.00000000000004,1.0,0.99951171875,-0.0,0.0,0,0.0,5.960464477539063e-08,0.0,0.0,0
L3.2-3B,11,suffix,20,natural_questions,when did united states enter world war i,when did united states enter world war i                    ,1.0,"iassistant

The United States entered World War I on April 6, 1917, when Congress declared war on Germany. This decision was made after a series of events, including:

1. Germany's resumption of unrestricted submarine warfare, which led to the sinking of several American ships, including the passenger ship Lusitania in May 1915.
2. The Zimmermann Telegram, sent by Germany to Mexico in January 1917, which proposed an alliance between Germany and Mexico in the event of","iassistant

The United States entered World War I on April 6, 1917, when Congress declared war on Germany. This decision was made after a series of events, including:

1. Germany's resumption of unrestricted submarine warfare, which led to the sinking of several American ships, including the passenger ship Lusitania in May 1915.
2. The Zimmermann Telegram, sent by Germany to Mexico in January 1917, which proposed an alliance between Germany and Mexico in the event of",100.00000000000004,0.9999998807907104,0.99951171875,-0.0,0.0,0,0.0,0.0,0.0,0.0,0
L3.2-3B,12,suffix,20,natural_questions,where do secondary xylem and phloem cells arise from,where do secondary xylem and phloem cells arise from                    ,1.0000001192092896,"Secondary xylem and phloem cells arise from the vascular cambium, a type of meristematic tissue found in plants. The vascular cambium is a layer of undifferentiated cells that lies between the primary xylem and phloem tissues in the stem and roots of woody plants.

The vascular cambium is responsible for producing new xylem and phloem cells through a process called secondary growth. This process involves the differentiation of the cambial cells into xylem","Secondary xylem and phloem cells arise from the vascular cambium, a type of meristematic tissue found in plants. The vascular cambium is a layer of undifferentiated cells that lies between the primary xylem and phloem tissues in the stem and roots of woody plants.

The vascular cambium is responsible for producing new xylem and phloem cells through a process called secondary growth. This process involves the differentiation of the cambial cells into xylem",100.00000000000004,0.9999999403953552,1.0,-0.0,0.0,0,0.0,0.0,0.0,0.0,0
L3.2-3B,13,suffix,20,natural_questions,when was modem invented and in which country,when was modem invented and in which country                    ,1.0,"countryassistant

The modem (modulator-demodulator) was invented in the 1950s. The first modem was developed in the United States in 1958 by Dennis Hayes and Dale Heatherington, who founded Hayes Microcomputer Products. However, the concept of modems dates back to the early 20th century.

The first commercial modem was the Bell 101, developed by AT&T in 1958. It was a dial-up modem that used a 110-baud (bits per second)","countryassistant

The modem (modulator-demodulator) was invented in the 1950s. The first modem was developed in the United States in 1958 by Dennis Hayes and Dale Heatherington, who founded Hayes Microcomputer Products. However, the concept of modems dates back to the early 20th century.

The first commercial modem was the Bell 101, developed by AT&T in 1958. It was a dial-up modem that used a 110-baud (bits per second)",100.00000000000004,1.0,1.0,-0.0,0.0,0,0.0,-1.1920928955078125e-07,0.0,0.0,0
L3.2-3B,14,suffix,20,natural_questions,who sings the song one thing leads to another,who sings the song one thing leads to another                    ,0.9999999403953552,"assistant

The song ""One Thing Leads to Another"" is performed by the British band The Fixx. It was released in 1983 and became one of the band's most popular singles, reaching the top 10 in several countries, including the US, UK, and Australia.","assistant

The song ""One Thing Leads to Another"" is performed by the British band The Fixx. It was released in 1983 and became one of the band's most popular singles, reaching the top 10 in several countries, including the US, UK, and Australia.",100.00000000000004,1.0,1.0,-0.0,0.0,0,0.0,-5.960464477539063e-08,0.0,0.0,0
L3.2-3B,15,suffix,20,natural_questions,where did the term 'robot' come from,where did the term 'robot' come from                    ,0.9999999403953552,"assistant

The term ""robot"" has a fascinating history. It was coined by the Czech playwright Karel Čapek in his 1920 play ""R.U.R."" (Rossum's Universal Robots). Čapek, a science fiction writer, derived the word ""robot"" from the Czech word ""robota,"" which means ""forced labor"" or ""drudgery."" He combined it with the suffix ""-ot,"" which is a diminutive form, to create the word ""robot.""

Čape","assistant

The term ""robot"" has a fascinating history. It was coined by the Czech playwright Karel Čapek in his 1920 play ""R.U.R."" (Rossum's Universal Robots). Čapek, a science fiction writer, derived the word ""robot"" from the Czech word ""robota,"" which means ""forced labor"" or ""drudgery."" He combined it with the suffix ""-ot,"" which is a diminutive form, to create the word ""robot.""

Čape",100.00000000000004,1.0,1.0009765625,-0.0,0.0,0,0.0,-5.960464477539063e-08,0.0,0.0,0
L3.2-3B,0,suffix,50,natural_questions,who did deion sanders go in the hall of fame as,who did deion sanders go in the hall of fame as                                                  ,1.0,Deion Sanders was inducted into the Pro Football Hall of Fame in 2011. He was inducted as a member of the Atlanta Falcons and the Dallas Cowboys.,Deion Sanders was inducted into the Pro Football Hall of Fame in 2011. He was inducted as a member of the Atlanta Falcons and the Dallas Cowboys.,100.00000000000004,0.9999998807907104,1.0009765625,-0.0,0.0,0,0.0,0.0,0.0,0.0,0
L3.2-3B,1,suffix,50,natural_questions,what is the title of the person who runs the house of representatives,what is the title of the person who runs the house of representatives                                                  ,0.9999999403953552,The title of the person who runs the House of Representatives is the Speaker of the House.,The title of the person who runs the House of Representatives is the Speaker of the House.,100.00000000000004,1.0,1.0,-0.0,0.0,0,0.0,-5.960464477539063e-08,0.0,0.0,0
L3.2-3B,2,suffix,50,natural_questions,why did france decide to aid the united states in its war for independence,why did france decide to aid the united states in its war for independence                                                  ,1.0,"France decided to aid the United States in its war for independence from Great Britain in 1778, after several factors contributed to this decision. Here are some key reasons:

1. **Enmity with Great Britain**: France and Great Britain had a long-standing rivalry, dating back to the Seven Years' War (1756-1763). France was dissatisfied with the Treaty of Paris, which ended the war and ceded Canada to Britain. France also felt that Britain was trying to limit its","France decided to aid the United States in its war for independence from Great Britain in 1778, after several factors contributed to this decision. Here are some key reasons:

1. **Enmity with Great Britain**: France and Great Britain had a long-standing rivalry, dating back to the Seven Years' War (1756-1763). France was dissatisfied with the Treaty of Paris, which ended the war and ceded Canada to Britain. France also felt that Britain was trying to limit its",100.00000000000004,1.0,0.99951171875,-0.0,0.0,0,0.0,0.0,0.0,0.0,0
L3.2-3B,3,suffix,50,natural_questions,yo la tengo theres a riot going on release date,yo la tengo theres a riot going on release date                                                  ,1.0000001192092896,"assistant

""Yo La Tengo"" is a band known for their eclectic and experimental sound. ""There's a Riot Going On"" is indeed a song by the band, and it was released in 1990 on their album ""Pain and Suffering"".","assistant

""Yo La Tengo"" is a band known for their eclectic and experimental sound. ""There's a Riot Going On"" is indeed a song by the band, and it was released in 1990 on their album ""Pain and Suffering"".",100.00000000000004,1.0,1.0,-0.0,0.0,0,0.0,1.1920928955078125e-07,0.0,0.0,0
L3.2-3B,4,suffix,50,natural_questions,who played the hobbits in the lord of the rings,who played the hobbits in the lord of the rings                                                  ,0.9999998807907104,"assistant

Here's a list of the main hobbits in J.R.R. Tolkien's ""The Lord of the Rings"" and the actors who played them in the 2001-2003 film trilogy:

1. Frodo Baggins (played by Elijah Wood)
2. Samwise Gamgee (played by Sean Astin)
3. Meriadoc Brandybuck (played by Dominic Monaghan)
4. Peregrin Took (played by Billy Boyd)
5. Bilbo Bagg","assistant

Here's a list of the main hobbits in J.R.R. Tolkien's ""The Lord of the Rings"" and the actors who played them in the 2001-2003 film trilogy:

1. Frodo Baggins (played by Elijah Wood)
2. Samwise Gamgee (played by Sean Astin)
3. Meriadoc Brandybuck (played by Dominic Monaghan)
4. Peregrin Took (played by Billy Boyd)
5. Bilbo Bagg",100.00000000000004,0.9999999403953552,1.0,-0.0,0.0,0,0.0,0.0,0.0,0.0,0
L3.2-3B,5,suffix,50,natural_questions,who played the doctor in band of brothers,who played the doctor in band of brothers                                                  ,1.0,"brothersassistant

The character of Captain Richard Winters, the leader of Easy Company, 2nd Battalion, 506th Parachute Infantry Regiment, 101st Airborne Division, in the HBO miniseries ""Band of Brothers"" was played by actor Damian Lewis.

However, the character of the doctor in the show was actually Dr. John ""Doc"" Deering, played by actor Donnie Wahlberg's friend, actor Donnie Wahlberg's friend,  actor  Donnie's friend,","brothersassistant

The character of Captain Richard Winters, the leader of Easy Company, 2nd Battalion, 506th Parachute Infantry Regiment, 101st Airborne Division, in the HBO miniseries ""Band of Brothers"" was played by actor Damian Lewis.

However, the character of the doctor in the show was actually Dr. John ""Doc"" Deering, played by actor Donnie Wahlberg's friend, actor Donnie Wahlberg's friend,  actor  Donnie's friend,",100.00000000000004,0.9999998807907104,1.0,-0.0,0.0,0,0.0,0.0,0.0,0.0,0
L3.2-3B,6,suffix,50,natural_questions,short notes on characters of merchant of venice,short notes on characters of merchant of venice                                                  ,1.000000238418579,"assistant

Here are some key character notes on the main characters in William Shakespeare's ""The Merchant of Venice"":

1. **Shylock**: The main antagonist, a Jewish moneylender who seeks revenge against Antonio for a past debt. He is intelligent, cunning, and ruthless.

2. **Antonio**: The wealthy merchant who borrows money from Shylock to finance his voyage. He is a complex character, showing both generosity and cowardice.

3. **Portia**: The wealthy heiress","assistant

Here are some key character notes on the main characters in William Shakespeare's ""The Merchant of Venice"":

1. **Shylock**: The main antagonist, a Jewish moneylender who seeks revenge against Antonio for a past debt. He is intelligent, cunning, and ruthless.

2. **Antonio**: The wealthy merchant who borrows money from Shylock to finance his voyage. He is a complex character, showing both generosity and cowardice.

3. **Portia**: The wealthy heiress",100.00000000000004,0.9999998807907104,1.0009765625,-0.0,0.0,0,0.0,0.0,0.0,0.0,0
L3.2-3B,7,suffix,50,natural_questions,did the movie rocky win any academy awards,did the movie rocky win any academy awards                                                  ,0.9999998211860656,"awardsassistant

Yes, the movie ""Rocky"" (1976) won several Academy Awards. At the 49th Academy Awards in 1977, ""Rocky"" won three Oscars:

1. Best Picture: John G. Avildsen, Robert Chartoff, and Irwin Winkler
2. Best Director: John G. Avildsen
3. Best Film Editing: Richard Halsey and Scott Conrad

Additionally, the film was nominated for seven other categories, including Best Actor","awardsassistant

Yes, the movie ""Rocky"" (1976) won several Academy Awards. At the 49th Academy Awards in 1977, ""Rocky"" won three Oscars:

1. Best Picture: John G. Avildsen, Robert Chartoff, and Irwin Winkler
2. Best Director: John G. Avildsen
3. Best Film Editing: Richard Halsey and Scott Conrad

Additionally, the film was nominated for seven other categories, including Best Actor",100.00000000000004,1.0,0.99951171875,-0.0,0.0,0,0.0,0.0,0.0,0.0,0
L3.2-3B,8,suffix,50,natural_questions,where does the show the path take place,where does the show the path take place                                                  ,0.9999998807907104,"placeassistant

The TV series ""The Path"" is set in the fictional town of Meyerism, which is modeled after the real-life town of New York City, but is actually filmed in various locations in New York and New Jersey.","placeassistant

The TV series ""The Path"" is set in the fictional town of Meyerism, which is modeled after the real-life town of New York City, but is actually filmed in various locations in New York and New Jersey.",100.00000000000004,0.9999998211860656,1.0009765625,-0.0,0.0,0,0.0,0.0,0.0,0.0,0
L3.2-3B,9,suffix,50,natural_questions,when did michigan last win a national championship,when did michigan last win a national championship                                                  ,0.9999998807907104,"assistant

The University of Michigan Wolverines have won several national championships in various sports. Here are some of their recent national championships:

* Football: The University of Michigan Wolverines last won a national championship in football in 1997, when they finished the season with a 12-0 record and won the AP Poll national championship.

* Basketball: The University of Michigan Wolverines men's basketball team last won a national championship in 1989, when they won the NCAA Tournament under coach Steve Fisher.

*","assistant

The University of Michigan Wolverines have won several national championships in various sports. Here are some of their recent national championships:

* Football: The University of Michigan Wolverines last won a national championship in football in 1997, when they finished the season with a 12-0 record and won the AP Poll national championship.

* Basketball: The University of Michigan Wolverines men's basketball team last won a national championship in 1989, when they won the NCAA Tournament under coach Steve Fisher.

*",100.00000000000004,1.0,0.99951171875,-0.0,0.0,0,0.0,-1.1920928955078125e-07,0.0,0.0,0
L3.2-3B,10,suffix,50,natural_questions,sweet leavened bread prepared for easter in romania,sweet leavened bread prepared for easter in romania                                                  ,1.0,"You're referring to ""Pâine cu smântână"" or ""Pâine cu smântână"" in Romanian, which is a traditional sweet bread prepared for Easter in Romania.

Pâine cu smântână is a sweet bread made with yeast, flour, sugar, eggs, and sour cream (or sometimes milk), which gives it a rich and creamy texture. The dough is typically shaped into a round or oblong loaf and decorated with a cross on","You're referring to ""Pâine cu smântână"" or ""Pâine cu smântână"" in Romanian, which is a traditional sweet bread prepared for Easter in Romania.

Pâine cu smântână is a sweet bread made with yeast, flour, sugar, eggs, and sour cream (or sometimes milk), which gives it a rich and creamy texture. The dough is typically shaped into a round or oblong loaf and decorated with a cross on",100.00000000000004,1.0,0.99951171875,-0.0,0.0,0,0.0,5.960464477539063e-08,0.0,0.0,0
L3.2-3B,11,suffix,50,natural_questions,when did united states enter world war i,when did united states enter world war i                                                  ,1.0,"iassistant

The United States entered World War I on April 6, 1917, when Congress declared war on Germany. This decision was made after a series of events, including:

1. Germany's resumption of unrestricted submarine warfare, which led to the sinking of several American ships, including the passenger ship Lusitania in May 1915.
2. The Zimmermann Telegram, sent by Germany to Mexico in January 1917, which proposed an alliance between Germany and Mexico in the event of","iassistant

The United States entered World War I on April 6, 1917, when Congress declared war on Germany. This decision was made after a series of events, including:

1. Germany's resumption of unrestricted submarine warfare, which led to the sinking of several American ships, including the passenger ship Lusitania in May 1915.
2. The Zimmermann Telegram, sent by Germany to Mexico in January 1917, which proposed an alliance between Germany and Mexico in the event of",100.00000000000004,0.9999998807907104,0.99951171875,-0.0,0.0,0,0.0,0.0,0.0,0.0,0
L3.2-3B,12,suffix,50,natural_questions,where do secondary xylem and phloem cells arise from,where do secondary xylem and phloem cells arise from                                                  ,1.0000001192092896,"Secondary xylem and phloem cells arise from the vascular cambium, a type of meristematic tissue found in plants. The vascular cambium is a layer of undifferentiated cells that lies between the primary xylem and phloem tissues in the stem and roots of woody plants.

The vascular cambium is responsible for producing new xylem and phloem cells through a process called secondary growth. This process involves the differentiation of the cambial cells into xylem","Secondary xylem and phloem cells arise from the vascular cambium, a type of meristematic tissue found in plants. The vascular cambium is a layer of undifferentiated cells that lies between the primary xylem and phloem tissues in the stem and roots of woody plants.

The vascular cambium is responsible for producing new xylem and phloem cells through a process called secondary growth. This process involves the differentiation of the cambial cells into xylem",100.00000000000004,0.9999999403953552,1.0,-0.0,0.0,0,0.0,0.0,0.0,0.0,0
L3.2-3B,13,suffix,50,natural_questions,when was modem invented and in which country,when was modem invented and in which country                                                  ,1.0,"countryassistant

The modem (modulator-demodulator) was invented in the 1950s. The first modem was developed in the United States in 1958 by Dennis Hayes and Dale Heatherington, who founded Hayes Microcomputer Products. However, the concept of modems dates back to the early 20th century.

The first commercial modem was the Bell 101, developed by AT&T in 1958. It was a dial-up modem that used a 110-baud (bits per second)","countryassistant

The modem (modulator-demodulator) was invented in the 1950s. The first modem was developed in the United States in 1958 by Dennis Hayes and Dale Heatherington, who founded Hayes Microcomputer Products. However, the concept of modems dates back to the early 20th century.

The first commercial modem was the Bell 101, developed by AT&T in 1958. It was a dial-up modem that used a 110-baud (bits per second)",100.00000000000004,1.0,1.0,-0.0,0.0,0,0.0,-1.1920928955078125e-07,0.0,0.0,0
L3.2-3B,14,suffix,50,natural_questions,who sings the song one thing leads to another,who sings the song one thing leads to another                                                  ,0.9999999403953552,"assistant

The song ""One Thing Leads to Another"" is performed by the British band The Fixx. It was released in 1983 and became one of the band's most popular singles, reaching the top 10 in several countries, including the US, UK, and Australia.","assistant

The song ""One Thing Leads to Another"" is performed by the British band The Fixx. It was released in 1983 and became one of the band's most popular singles, reaching the top 10 in several countries, including the US, UK, and Australia.",100.00000000000004,1.0,1.0,-0.0,0.0,0,0.0,-5.960464477539063e-08,0.0,0.0,0
L3.2-3B,15,suffix,50,natural_questions,where did the term 'robot' come from,where did the term 'robot' come from                                                  ,0.9999999403953552,"assistant

The term ""robot"" has a fascinating history. It was coined by the Czech playwright Karel Čapek in his 1920 play ""R.U.R."" (Rossum's Universal Robots). Čapek, a science fiction writer, derived the word ""robot"" from the Czech word ""robota,"" which means ""forced labor"" or ""drudgery."" He combined it with the suffix ""-ot,"" which is a diminutive form, to create the word ""robot.""

Čape","assistant

The term ""robot"" has a fascinating history. It was coined by the Czech playwright Karel Čapek in his 1920 play ""R.U.R."" (Rossum's Universal Robots). Čapek, a science fiction writer, derived the word ""robot"" from the Czech word ""robota,"" which means ""forced labor"" or ""drudgery."" He combined it with the suffix ""-ot,"" which is a diminutive form, to create the word ""robot.""

Čape",100.00000000000004,1.0,1.0009765625,-0.0,0.0,0,0.0,-5.960464477539063e-08,0.0,0.0,0
L3.2-3B,0,suffix,100,natural_questions,who did deion sanders go in the hall of fame as,who did deion sanders go in the hall of fame as                                                                                                    ,1.0,Deion Sanders was inducted into the Pro Football Hall of Fame in 2011. He was inducted as a member of the Atlanta Falcons and the Dallas Cowboys.,Deion Sanders was inducted into the Pro Football Hall of Fame in 2011. He was inducted as a member of the Atlanta Falcons and the Dallas Cowboys.,100.00000000000004,0.9999998807907104,1.0009765625,-0.0,0.0,0,0.0,0.0,0.0,0.0,0
L3.2-3B,1,suffix,100,natural_questions,what is the title of the person who runs the house of representatives,what is the title of the person who runs the house of representatives                                                                                                    ,0.9999999403953552,The title of the person who runs the House of Representatives is the Speaker of the House.,The title of the person who runs the House of Representatives is the Speaker of the House.,100.00000000000004,1.0,1.0,-0.0,0.0,0,0.0,-5.960464477539063e-08,0.0,0.0,0
L3.2-3B,2,suffix,100,natural_questions,why did france decide to aid the united states in its war for independence,why did france decide to aid the united states in its war for independence                                                                                                    ,1.0,"France decided to aid the United States in its war for independence from Great Britain in 1778, after several factors contributed to this decision. Here are some key reasons:

1. **Enmity with Great Britain**: France and Great Britain had a long-standing rivalry, dating back to the Seven Years' War (1756-1763). France was dissatisfied with the Treaty of Paris, which ended the war and ceded Canada to Britain. France also felt that Britain was trying to limit its","France decided to aid the United States in its war for independence from Great Britain in 1778, after several factors contributed to this decision. Here are some key reasons:

1. **Enmity with Great Britain**: France and Great Britain had a long-standing rivalry, dating back to the Seven Years' War (1756-1763). France was dissatisfied with the Treaty of Paris, which ended the war and ceded Canada to Britain. France also felt that Britain was trying to limit its",100.00000000000004,1.0,0.99951171875,-0.0,0.0,0,0.0,0.0,0.0,0.0,0
L3.2-3B,3,suffix,100,natural_questions,yo la tengo theres a riot going on release date,yo la tengo theres a riot going on release date                                                                                                    ,1.0000001192092896,"assistant

""Yo La Tengo"" is a band known for their eclectic and experimental sound. ""There's a Riot Going On"" is indeed a song by the band, and it was released in 1990 on their album ""Pain and Suffering"".","assistant

""Yo La Tengo"" is a band known for their eclectic and experimental sound. ""There's a Riot Going On"" is indeed a song by the band, and it was released in 1990 on their album ""Pain and Suffering"".",100.00000000000004,1.0,1.0,-0.0,0.0,0,0.0,1.1920928955078125e-07,0.0,0.0,0
L3.2-3B,4,suffix,100,natural_questions,who played the hobbits in the lord of the rings,who played the hobbits in the lord of the rings                                                                                                    ,0.9999998807907104,"assistant

Here's a list of the main hobbits in J.R.R. Tolkien's ""The Lord of the Rings"" and the actors who played them in the 2001-2003 film trilogy:

1. Frodo Baggins (played by Elijah Wood)
2. Samwise Gamgee (played by Sean Astin)
3. Meriadoc Brandybuck (played by Dominic Monaghan)
4. Peregrin Took (played by Billy Boyd)
5. Bilbo Bagg","assistant

Here's a list of the main hobbits in J.R.R. Tolkien's ""The Lord of the Rings"" and the actors who played them in the 2001-2003 film trilogy:

1. Frodo Baggins (played by Elijah Wood)
2. Samwise Gamgee (played by Sean Astin)
3. Meriadoc Brandybuck (played by Dominic Monaghan)
4. Peregrin Took (played by Billy Boyd)
5. Bilbo Bagg",100.00000000000004,0.9999999403953552,1.0,-0.0,0.0,0,0.0,0.0,0.0,0.0,0
L3.2-3B,5,suffix,100,natural_questions,who played the doctor in band of brothers,who played the doctor in band of brothers                                                                                                    ,1.0,"brothersassistant

The character of Captain Richard Winters, the leader of Easy Company, 2nd Battalion, 506th Parachute Infantry Regiment, 101st Airborne Division, in the HBO miniseries ""Band of Brothers"" was played by actor Damian Lewis.

However, the character of the doctor in the show was actually Dr. John ""Doc"" Deering, played by actor Donnie Wahlberg's friend, actor Donnie Wahlberg's friend,  actor  Donnie's friend,","brothersassistant

The character of Captain Richard Winters, the leader of Easy Company, 2nd Battalion, 506th Parachute Infantry Regiment, 101st Airborne Division, in the HBO miniseries ""Band of Brothers"" was played by actor Damian Lewis.

However, the character of the doctor in the show was actually Dr. John ""Doc"" Deering, played by actor Donnie Wahlberg's friend, actor Donnie Wahlberg's friend,  actor  Donnie's friend,",100.00000000000004,0.9999998807907104,1.0,-0.0,0.0,0,0.0,0.0,0.0,0.0,0
L3.2-3B,6,suffix,100,natural_questions,short notes on characters of merchant of venice,short notes on characters of merchant of venice                                                                                                    ,1.000000238418579,"assistant

Here are some key character notes on the main characters in William Shakespeare's ""The Merchant of Venice"":

1. **Shylock**: The main antagonist, a Jewish moneylender who seeks revenge against Antonio for a past debt. He is intelligent, cunning, and ruthless.

2. **Antonio**: The wealthy merchant who borrows money from Shylock to finance his voyage. He is a complex character, showing both generosity and cowardice.

3. **Portia**: The wealthy heiress","assistant

Here are some key character notes on the main characters in William Shakespeare's ""The Merchant of Venice"":

1. **Shylock**: The main antagonist, a Jewish moneylender who seeks revenge against Antonio for a past debt. He is intelligent, cunning, and ruthless.

2. **Antonio**: The wealthy merchant who borrows money from Shylock to finance his voyage. He is a complex character, showing both generosity and cowardice.

3. **Portia**: The wealthy heiress",100.00000000000004,0.9999998807907104,1.0009765625,-0.0,0.0,0,0.0,0.0,0.0,0.0,0
L3.2-3B,7,suffix,100,natural_questions,did the movie rocky win any academy awards,did the movie rocky win any academy awards                                                                                                    ,0.9999998211860656,"awardsassistant

Yes, the movie ""Rocky"" (1976) won several Academy Awards. At the 49th Academy Awards in 1977, ""Rocky"" won three Oscars:

1. Best Picture: John G. Avildsen, Robert Chartoff, and Irwin Winkler
2. Best Director: John G. Avildsen
3. Best Film Editing: Richard Halsey and Scott Conrad

Additionally, the film was nominated for seven other categories, including Best Actor","awardsassistant

Yes, the movie ""Rocky"" (1976) won several Academy Awards. At the 49th Academy Awards in 1977, ""Rocky"" won three Oscars:

1. Best Picture: John G. Avildsen, Robert Chartoff, and Irwin Winkler
2. Best Director: John G. Avildsen
3. Best Film Editing: Richard Halsey and Scott Conrad

Additionally, the film was nominated for seven other categories, including Best Actor",100.00000000000004,1.0,0.99951171875,-0.0,0.0,0,0.0,0.0,0.0,0.0,0
L3.2-3B,8,suffix,100,natural_questions,where does the show the path take place,where does the show the path take place                                                                                                    ,0.9999998807907104,"placeassistant

The TV series ""The Path"" is set in the fictional town of Meyerism, which is modeled after the real-life town of New York City, but is actually filmed in various locations in New York and New Jersey.","placeassistant

The TV series ""The Path"" is set in the fictional town of Meyerism, which is modeled after the real-life town of New York City, but is actually filmed in various locations in New York and New Jersey.",100.00000000000004,0.9999998211860656,1.0009765625,-0.0,0.0,0,0.0,0.0,0.0,0.0,0
L3.2-3B,9,suffix,100,natural_questions,when did michigan last win a national championship,when did michigan last win a national championship                                                                                                    ,0.9999998807907104,"assistant

The University of Michigan Wolverines have won several national championships in various sports. Here are some of their recent national championships:

* Football: The University of Michigan Wolverines last won a national championship in football in 1997, when they finished the season with a 12-0 record and won the AP Poll national championship.

* Basketball: The University of Michigan Wolverines men's basketball team last won a national championship in 1989, when they won the NCAA Tournament under coach Steve Fisher.

*","assistant

The University of Michigan Wolverines have won several national championships in various sports. Here are some of their recent national championships:

* Football: The University of Michigan Wolverines last won a national championship in football in 1997, when they finished the season with a 12-0 record and won the AP Poll national championship.

* Basketball: The University of Michigan Wolverines men's basketball team last won a national championship in 1989, when they won the NCAA Tournament under coach Steve Fisher.

*",100.00000000000004,1.0,0.99951171875,-0.0,0.0,0,0.0,-1.1920928955078125e-07,0.0,0.0,0
L3.2-3B,10,suffix,100,natural_questions,sweet leavened bread prepared for easter in romania,sweet leavened bread prepared for easter in romania                                                                                                    ,1.0,"You're referring to ""Pâine cu smântână"" or ""Pâine cu smântână"" in Romanian, which is a traditional sweet bread prepared for Easter in Romania.

Pâine cu smântână is a sweet bread made with yeast, flour, sugar, eggs, and sour cream (or sometimes milk), which gives it a rich and creamy texture. The dough is typically shaped into a round or oblong loaf and decorated with a cross on","You're referring to ""Pâine cu smântână"" or ""Pâine cu smântână"" in Romanian, which is a traditional sweet bread prepared for Easter in Romania.

Pâine cu smântână is a sweet bread made with yeast, flour, sugar, eggs, and sour cream (or sometimes milk), which gives it a rich and creamy texture. The dough is typically shaped into a round or oblong loaf and decorated with a cross on",100.00000000000004,1.0,0.99951171875,-0.0,0.0,0,0.0,5.960464477539063e-08,0.0,0.0,0
L3.2-3B,11,suffix,100,natural_questions,when did united states enter world war i,when did united states enter world war i                                                                                                    ,1.0,"iassistant

The United States entered World War I on April 6, 1917, when Congress declared war on Germany. This decision was made after a series of events, including:

1. Germany's resumption of unrestricted submarine warfare, which led to the sinking of several American ships, including the passenger ship Lusitania in May 1915.
2. The Zimmermann Telegram, sent by Germany to Mexico in January 1917, which proposed an alliance between Germany and Mexico in the event of","iassistant

The United States entered World War I on April 6, 1917, when Congress declared war on Germany. This decision was made after a series of events, including:

1. Germany's resumption of unrestricted submarine warfare, which led to the sinking of several American ships, including the passenger ship Lusitania in May 1915.
2. The Zimmermann Telegram, sent by Germany to Mexico in January 1917, which proposed an alliance between Germany and Mexico in the event of",100.00000000000004,0.9999998807907104,0.99951171875,-0.0,0.0,0,0.0,0.0,0.0,0.0,0
L3.2-3B,12,suffix,100,natural_questions,where do secondary xylem and phloem cells arise from,where do secondary xylem and phloem cells arise from                                                                                                    ,1.0000001192092896,"Secondary xylem and phloem cells arise from the vascular cambium, a type of meristematic tissue found in plants. The vascular cambium is a layer of undifferentiated cells that lies between the primary xylem and phloem tissues in the stem and roots of woody plants.

The vascular cambium is responsible for producing new xylem and phloem cells through a process called secondary growth. This process involves the differentiation of the cambial cells into xylem","Secondary xylem and phloem cells arise from the vascular cambium, a type of meristematic tissue found in plants. The vascular cambium is a layer of undifferentiated cells that lies between the primary xylem and phloem tissues in the stem and roots of woody plants.

The vascular cambium is responsible for producing new xylem and phloem cells through a process called secondary growth. This process involves the differentiation of the cambial cells into xylem",100.00000000000004,0.9999999403953552,1.0,-0.0,0.0,0,0.0,0.0,0.0,0.0,0
L3.2-3B,13,suffix,100,natural_questions,when was modem invented and in which country,when was modem invented and in which country                                                                                                    ,1.0,"countryassistant

The modem (modulator-demodulator) was invented in the 1950s. The first modem was developed in the United States in 1958 by Dennis Hayes and Dale Heatherington, who founded Hayes Microcomputer Products. However, the concept of modems dates back to the early 20th century.

The first commercial modem was the Bell 101, developed by AT&T in 1958. It was a dial-up modem that used a 110-baud (bits per second)","countryassistant

The modem (modulator-demodulator) was invented in the 1950s. The first modem was developed in the United States in 1958 by Dennis Hayes and Dale Heatherington, who founded Hayes Microcomputer Products. However, the concept of modems dates back to the early 20th century.

The first commercial modem was the Bell 101, developed by AT&T in 1958. It was a dial-up modem that used a 110-baud (bits per second)",100.00000000000004,1.0,1.0,-0.0,0.0,0,0.0,-1.1920928955078125e-07,0.0,0.0,0
L3.2-3B,14,suffix,100,natural_questions,who sings the song one thing leads to another,who sings the song one thing leads to another                                                                                                    ,0.9999999403953552,"assistant

The song ""One Thing Leads to Another"" is performed by the British band The Fixx. It was released in 1983 and became one of the band's most popular singles, reaching the top 10 in several countries, including the US, UK, and Australia.","assistant

The song ""One Thing Leads to Another"" is performed by the British band The Fixx. It was released in 1983 and became one of the band's most popular singles, reaching the top 10 in several countries, including the US, UK, and Australia.",100.00000000000004,1.0,1.0,-0.0,0.0,0,0.0,-5.960464477539063e-08,0.0,0.0,0
L3.2-3B,15,suffix,100,natural_questions,where did the term 'robot' come from,where did the term 'robot' come from                                                                                                    ,0.9999999403953552,"assistant

The term ""robot"" has a fascinating history. It was coined by the Czech playwright Karel Čapek in his 1920 play ""R.U.R."" (Rossum's Universal Robots). Čapek, a science fiction writer, derived the word ""robot"" from the Czech word ""robota,"" which means ""forced labor"" or ""drudgery."" He combined it with the suffix ""-ot,"" which is a diminutive form, to create the word ""robot.""

Čape","assistant

The term ""robot"" has a fascinating history. It was coined by the Czech playwright Karel Čapek in his 1920 play ""R.U.R."" (Rossum's Universal Robots). Čapek, a science fiction writer, derived the word ""robot"" from the Czech word ""robota,"" which means ""forced labor"" or ""drudgery."" He combined it with the suffix ""-ot,"" which is a diminutive form, to create the word ""robot.""

Čape",100.00000000000004,1.0,1.0009765625,-0.0,0.0,0,0.0,-5.960464477539063e-08,0.0,0.0,0
L3.2-3B,0,global,0,natural_questions,who did deion sanders go in the hall of fame as,who did deion sanders go in the hall of fame as,1.0,Deion Sanders was inducted into the Pro Football Hall of Fame in 2011. He was inducted as a member of the Atlanta Falcons and the Dallas Cowboys.,Deion Sanders was inducted into the Pro Football Hall of Fame in 2011. He was inducted as a member of the Atlanta Falcons and the Dallas Cowboys.,100.00000000000004,0.9999998807907104,1.0009765625,-0.0,0.0,0,0.0,0.0,0.0,0.0,0
L3.2-3B,1,global,0,natural_questions,what is the title of the person who runs the house of representatives,what is the title of the person who runs the house of representatives,1.0,The title of the person who runs the House of Representatives is the Speaker of the House.,The title of the person who runs the House of Representatives is the Speaker of the House.,100.00000000000004,1.0,1.0,-0.0,0.0,0,0.0,0.0,0.0,0.0,0
L3.2-3B,2,global,0,natural_questions,why did france decide to aid the united states in its war for independence,why did france decide to aid the united states in its war for independence,1.0,"France decided to aid the United States in its war for independence from Great Britain in 1778, after several factors contributed to this decision. Here are some key reasons:

1. **Enmity with Great Britain**: France and Great Britain had a long-standing rivalry, dating back to the Seven Years' War (1756-1763). France was dissatisfied with the Treaty of Paris, which ended the war and ceded Canada to Britain. France also felt that Britain was trying to limit its","France decided to aid the United States in its war for independence from Great Britain in 1778, after several factors contributed to this decision. Here are some key reasons:

1. **Enmity with Great Britain**: France and Great Britain had a long-standing rivalry, dating back to the Seven Years' War (1756-1763). France was dissatisfied with the Treaty of Paris, which ended the war and ceded Canada to Britain. France also felt that Britain was trying to limit its",100.00000000000004,1.0,0.99951171875,-0.0,0.0,0,0.0,0.0,0.0,0.0,0
L3.2-3B,3,global,0,natural_questions,yo la tengo theres a riot going on release date,yo la tengo theres a riot going on release date,1.0,"assistant

""Yo La Tengo"" is a band known for their eclectic and experimental sound. ""There's a Riot Going On"" is indeed a song by the band, and it was released in 1990 on their album ""Pain and Suffering"".","assistant

""Yo La Tengo"" is a band known for their eclectic and experimental sound. ""There's a Riot Going On"" is indeed a song by the band, and it was released in 1990 on their album ""Pain and Suffering"".",100.00000000000004,1.0,1.0,-0.0,0.0,0,0.0,0.0,0.0,0.0,0
L3.2-3B,4,global,0,natural_questions,who played the hobbits in the lord of the rings,who played the hobbits in the lord of the rings,0.9999998807907104,"assistant

Here's a list of the main hobbits in J.R.R. Tolkien's ""The Lord of the Rings"" and the actors who played them in the 2001-2003 film trilogy:

1. Frodo Baggins (played by Elijah Wood)
2. Samwise Gamgee (played by Sean Astin)
3. Meriadoc Brandybuck (played by Dominic Monaghan)
4. Peregrin Took (played by Billy Boyd)
5. Bilbo Bagg","assistant

Here's a list of the main hobbits in J.R.R. Tolkien's ""The Lord of the Rings"" and the actors who played them in the 2001-2003 film trilogy:

1. Frodo Baggins (played by Elijah Wood)
2. Samwise Gamgee (played by Sean Astin)
3. Meriadoc Brandybuck (played by Dominic Monaghan)
4. Peregrin Took (played by Billy Boyd)
5. Bilbo Bagg",100.00000000000004,0.9999999403953552,1.0,-0.0,0.0,0,0.0,0.0,0.0,0.0,0
L3.2-3B,5,global,0,natural_questions,who played the doctor in band of brothers,who played the doctor in band of brothers,1.0,"brothersassistant

The character of Captain Richard Winters, the leader of Easy Company, 2nd Battalion, 506th Parachute Infantry Regiment, 101st Airborne Division, in the HBO miniseries ""Band of Brothers"" was played by actor Damian Lewis.

However, the character of the doctor in the show was actually Dr. John ""Doc"" Deering, played by actor Donnie Wahlberg's friend, actor Donnie Wahlberg's friend,  actor  Donnie's friend,","brothersassistant

The character of Captain Richard Winters, the leader of Easy Company, 2nd Battalion, 506th Parachute Infantry Regiment, 101st Airborne Division, in the HBO miniseries ""Band of Brothers"" was played by actor Damian Lewis.

However, the character of the doctor in the show was actually Dr. John ""Doc"" Deering, played by actor Donnie Wahlberg's friend, actor Donnie Wahlberg's friend,  actor  Donnie's friend,",100.00000000000004,0.9999998807907104,1.0,-0.0,0.0,0,0.0,0.0,0.0,0.0,0
L3.2-3B,6,global,0,natural_questions,short notes on characters of merchant of venice,short notes on characters of merchant of venice,1.000000238418579,"assistant

Here are some key character notes on the main characters in William Shakespeare's ""The Merchant of Venice"":

1. **Shylock**: The main antagonist, a Jewish moneylender who seeks revenge against Antonio for a past debt. He is intelligent, cunning, and ruthless.

2. **Antonio**: The wealthy merchant who borrows money from Shylock to finance his voyage. He is a complex character, showing both generosity and cowardice.

3. **Portia**: The wealthy heiress","assistant

Here are some key character notes on the main characters in William Shakespeare's ""The Merchant of Venice"":

1. **Shylock**: The main antagonist, a Jewish moneylender who seeks revenge against Antonio for a past debt. He is intelligent, cunning, and ruthless.

2. **Antonio**: The wealthy merchant who borrows money from Shylock to finance his voyage. He is a complex character, showing both generosity and cowardice.

3. **Portia**: The wealthy heiress",100.00000000000004,0.9999998807907104,1.0009765625,-0.0,0.0,0,0.0,0.0,0.0,0.0,0
L3.2-3B,7,global,0,natural_questions,did the movie rocky win any academy awards,did the movie rocky win any academy awards,0.9999998211860656,"awardsassistant

Yes, the movie ""Rocky"" (1976) won several Academy Awards. At the 49th Academy Awards in 1977, ""Rocky"" won three Oscars:

1. Best Picture: John G. Avildsen, Robert Chartoff, and Irwin Winkler
2. Best Director: John G. Avildsen
3. Best Film Editing: Richard Halsey and Scott Conrad

Additionally, the film was nominated for seven other categories, including Best Actor","awardsassistant

Yes, the movie ""Rocky"" (1976) won several Academy Awards. At the 49th Academy Awards in 1977, ""Rocky"" won three Oscars:

1. Best Picture: John G. Avildsen, Robert Chartoff, and Irwin Winkler
2. Best Director: John G. Avildsen
3. Best Film Editing: Richard Halsey and Scott Conrad

Additionally, the film was nominated for seven other categories, including Best Actor",100.00000000000004,1.0,0.99951171875,-0.0,0.0,0,0.0,0.0,0.0,0.0,0
L3.2-3B,8,global,0,natural_questions,where does the show the path take place,where does the show the path take place,0.9999998807907104,"placeassistant

The TV series ""The Path"" is set in the fictional town of Meyerism, which is modeled after the real-life town of New York City, but is actually filmed in various locations in New York and New Jersey.","placeassistant

The TV series ""The Path"" is set in the fictional town of Meyerism, which is modeled after the real-life town of New York City, but is actually filmed in various locations in New York and New Jersey.",100.00000000000004,0.9999998211860656,1.0009765625,-0.0,0.0,0,0.0,0.0,0.0,0.0,0
L3.2-3B,9,global,0,natural_questions,when did michigan last win a national championship,when did michigan last win a national championship,1.0,"assistant

The University of Michigan Wolverines have won several national championships in various sports. Here are some of their recent national championships:

* Football: The University of Michigan Wolverines last won a national championship in football in 1997, when they finished the season with a 12-0 record and won the AP Poll national championship.

* Basketball: The University of Michigan Wolverines men's basketball team last won a national championship in 1989, when they won the NCAA Tournament under coach Steve Fisher.

*","assistant

The University of Michigan Wolverines have won several national championships in various sports. Here are some of their recent national championships:

* Football: The University of Michigan Wolverines last won a national championship in football in 1997, when they finished the season with a 12-0 record and won the AP Poll national championship.

* Basketball: The University of Michigan Wolverines men's basketball team last won a national championship in 1989, when they won the NCAA Tournament under coach Steve Fisher.

*",100.00000000000004,1.0,0.99951171875,-0.0,0.0,0,0.0,0.0,0.0,0.0,0
L3.2-3B,10,global,0,natural_questions,sweet leavened bread prepared for easter in romania,sweet leavened bread prepared for easter in romania,0.9999999403953552,"You're referring to ""Pâine cu smântână"" or ""Pâine cu smântână"" in Romanian, which is a traditional sweet bread prepared for Easter in Romania.

Pâine cu smântână is a sweet bread made with yeast, flour, sugar, eggs, and sour cream (or sometimes milk), which gives it a rich and creamy texture. The dough is typically shaped into a round or oblong loaf and decorated with a cross on","You're referring to ""Pâine cu smântână"" or ""Pâine cu smântână"" in Romanian, which is a traditional sweet bread prepared for Easter in Romania.

Pâine cu smântână is a sweet bread made with yeast, flour, sugar, eggs, and sour cream (or sometimes milk), which gives it a rich and creamy texture. The dough is typically shaped into a round or oblong loaf and decorated with a cross on",100.00000000000004,1.0,0.99951171875,-0.0,0.0,0,0.0,0.0,0.0,0.0,0
L3.2-3B,11,global,0,natural_questions,when did united states enter world war i,when did united states enter world war i,1.0,"iassistant

The United States entered World War I on April 6, 1917, when Congress declared war on Germany. This decision was made after a series of events, including:

1. Germany's resumption of unrestricted submarine warfare, which led to the sinking of several American ships, including the passenger ship Lusitania in May 1915.
2. The Zimmermann Telegram, sent by Germany to Mexico in January 1917, which proposed an alliance between Germany and Mexico in the event of","iassistant

The United States entered World War I on April 6, 1917, when Congress declared war on Germany. This decision was made after a series of events, including:

1. Germany's resumption of unrestricted submarine warfare, which led to the sinking of several American ships, including the passenger ship Lusitania in May 1915.
2. The Zimmermann Telegram, sent by Germany to Mexico in January 1917, which proposed an alliance between Germany and Mexico in the event of",100.00000000000004,0.9999998807907104,0.99951171875,-0.0,0.0,0,0.0,0.0,0.0,0.0,0
L3.2-3B,12,global,0,natural_questions,where do secondary xylem and phloem cells arise from,where do secondary xylem and phloem cells arise from,1.0000001192092896,"Secondary xylem and phloem cells arise from the vascular cambium, a type of meristematic tissue found in plants. The vascular cambium is a layer of undifferentiated cells that lies between the primary xylem and phloem tissues in the stem and roots of woody plants.

The vascular cambium is responsible for producing new xylem and phloem cells through a process called secondary growth. This process involves the differentiation of the cambial cells into xylem","Secondary xylem and phloem cells arise from the vascular cambium, a type of meristematic tissue found in plants. The vascular cambium is a layer of undifferentiated cells that lies between the primary xylem and phloem tissues in the stem and roots of woody plants.

The vascular cambium is responsible for producing new xylem and phloem cells through a process called secondary growth. This process involves the differentiation of the cambial cells into xylem",100.00000000000004,0.9999999403953552,1.0,-0.0,0.0,0,0.0,0.0,0.0,0.0,0
L3.2-3B,13,global,0,natural_questions,when was modem invented and in which country,when was modem invented and in which country,1.0000001192092896,"countryassistant

The modem (modulator-demodulator) was invented in the 1950s. The first modem was developed in the United States in 1958 by Dennis Hayes and Dale Heatherington, who founded Hayes Microcomputer Products. However, the concept of modems dates back to the early 20th century.

The first commercial modem was the Bell 101, developed by AT&T in 1958. It was a dial-up modem that used a 110-baud (bits per second)","countryassistant

The modem (modulator-demodulator) was invented in the 1950s. The first modem was developed in the United States in 1958 by Dennis Hayes and Dale Heatherington, who founded Hayes Microcomputer Products. However, the concept of modems dates back to the early 20th century.

The first commercial modem was the Bell 101, developed by AT&T in 1958. It was a dial-up modem that used a 110-baud (bits per second)",100.00000000000004,1.0,1.0,-0.0,0.0,0,0.0,0.0,0.0,0.0,0
L3.2-3B,14,global,0,natural_questions,who sings the song one thing leads to another,who sings the song one thing leads to another,1.0,"assistant

The song ""One Thing Leads to Another"" is performed by the British band The Fixx. It was released in 1983 and became one of the band's most popular singles, reaching the top 10 in several countries, including the US, UK, and Australia.","assistant

The song ""One Thing Leads to Another"" is performed by the British band The Fixx. It was released in 1983 and became one of the band's most popular singles, reaching the top 10 in several countries, including the US, UK, and Australia.",100.00000000000004,1.0,1.0,-0.0,0.0,0,0.0,0.0,0.0,0.0,0
L3.2-3B,15,global,0,natural_questions,where did the term 'robot' come from,where did the term 'robot' come from,1.0,"assistant

The term ""robot"" has a fascinating history. It was coined by the Czech playwright Karel Čapek in his 1920 play ""R.U.R."" (Rossum's Universal Robots). Čapek, a science fiction writer, derived the word ""robot"" from the Czech word ""robota,"" which means ""forced labor"" or ""drudgery."" He combined it with the suffix ""-ot,"" which is a diminutive form, to create the word ""robot.""

Čape","assistant

The term ""robot"" has a fascinating history. It was coined by the Czech playwright Karel Čapek in his 1920 play ""R.U.R."" (Rossum's Universal Robots). Čapek, a science fiction writer, derived the word ""robot"" from the Czech word ""robota,"" which means ""forced labor"" or ""drudgery."" He combined it with the suffix ""-ot,"" which is a diminutive form, to create the word ""robot.""

Čape",100.00000000000004,1.0,1.0009765625,-0.0,0.0,0,0.0,0.0,0.0,0.0,0
L3.2-3B,0,global,1,natural_questions,who did deion sanders go in the hall of fame as,who did deion sanders go in  the hall of fame as,0.9747897386550904,Deion Sanders was inducted into the Pro Football Hall of Fame in 2011. He was inducted as a member of the Atlanta Falcons and the Dallas Cowboys.,Deion Sanders was inducted into the Pro Football Hall of Fame in 2011. He was inducted as a member of the Atlanta Falcons and the Dallas Cowboys.,100.00000000000004,0.9999998807907104,0.99951171875,0.0625,-0.004638671875,0,0.0,-0.025210261344909557,0.0,-0.00146484375,0
L3.2-3B,1,global,1,natural_questions,what is the title of the person who runs the house of representatives,what is the title of the person who runs the house of  representatives,0.964989185333252,The title of the person who runs the House of Representatives is the Speaker of the House.,The title of the person who runs the House of Representatives is the Speaker of the House.,100.00000000000004,1.0,0.998046875,-0.0390625,-0.0064697265625,0,0.0,-0.03501081466674805,0.0,-0.001953125,0
L3.2-3B,2,global,1,natural_questions,why did france decide to aid the united states in its war for independence,why did france decide to aid the united states in  its war for independence,0.975907564163208,"France decided to aid the United States in its war for independence from Great Britain in 1778, after several factors contributed to this decision. Here are some key reasons:

1. **Enmity with Great Britain**: France and Great Britain had a long-standing rivalry, dating back to the Seven Years' War (1756-1763). France was dissatisfied with the Treaty of Paris, which ended the war and ceded Canada to Britain. France also felt that Britain was trying to limit its","France decided to aid the United States in its war for independence from Great Britain in 1778 for several strategic and ideological reasons. Here are some of the key factors that influenced France's decision:

1. **Diplomatic and Economic Interests**: France had long-standing trade and diplomatic relations with the American colonies, and they saw an opportunity to weaken their long-time rival, Great Britain. France had been trying to expand its influence in North America, and an alliance with the Americans would give them a",31.41716178228323,0.9079672694206238,0.99755859375,0.6875,-0.00244140625,0,-68.58283821771681,-0.024092435836791992,-0.09203273057937622,-0.001953125,0
L3.2-3B,3,global,1,natural_questions,yo la tengo theres a riot going on release date,yo la  tengo theres a riot going on release date,0.9771088361740112,"assistant

""Yo La Tengo"" is a band known for their eclectic and experimental sound. ""There's a Riot Going On"" is indeed a song by the band, and it was released in 1990 on their album ""Pain and Suffering"".","assistant

""Yo La Tengo"" is a band known for their unique blend of indie rock and dream pop. ""There's a Riot Going On"" is indeed one of their albums, released in 2013. The album received positive reviews from critics, praising the band's atmospheric soundscapes and introspective lyrics.

If you're a fan of Yo La Tengo, you might also want to check out some of their other notable albums, such as ""And Then Nothing Turned Itself Inside-Out",24.437209112511457,0.8994303345680237,0.96826171875,3.28125,-0.083984375,0,-75.56279088748859,-0.02289116382598877,-0.10056966543197632,-0.03173828125,0
L3.2-3B,4,global,1,natural_questions,who played the hobbits in the lord of the rings,who played the hobbits in  the lord of the rings,0.966856837272644,"assistant

Here's a list of the main hobbits in J.R.R. Tolkien's ""The Lord of the Rings"" and the actors who played them in the 2001-2003 film trilogy:

1. Frodo Baggins (played by Elijah Wood)
2. Samwise Gamgee (played by Sean Astin)
3. Meriadoc Brandybuck (played by Dominic Monaghan)
4. Peregrin Took (played by Billy Boyd)
5. Bilbo Bagg","assistant

Here's a list of the main hobbits from J.R.R. Tolkien's ""The Lord of the Rings"" and the actors who played them in the 2001-2003 film trilogy directed by Peter Jackson:

1. Frodo Baggins (played by Elijah Wood)
2. Samwise Gamgee (played by Sean Astin)
3. Meriadoc Brandybuck (played by Dominic Monaghan)
4. Peregrin Took (played by Billy Boyd)
5.",90.0985134732491,0.9866331815719604,0.99755859375,0.8125,0.003662109375,0,-9.901486526750944,-0.033143043518066406,-0.013366758823394775,-0.00244140625,0
L3.2-3B,5,global,1,natural_questions,who played the doctor in band of brothers,who played  the doctor in band of brothers,0.9807671308517456,"brothersassistant

The character of Captain Richard Winters, the leader of Easy Company, 2nd Battalion, 506th Parachute Infantry Regiment, 101st Airborne Division, in the HBO miniseries ""Band of Brothers"" was played by actor Damian Lewis.

However, the character of the doctor in the show was actually Dr. John ""Doc"" Deering, played by actor Donnie Wahlberg's friend, actor Donnie Wahlberg's friend,  actor  Donnie's friend,","brothersassistant

The character of the doctor in the HBO miniseries ""Band of Brothers"" was played by actor Donnie Wahlberg.",6.94226054589284,0.9059324860572816,0.99755859375,-0.4375,-0.0078125,0,-93.0577394541072,-0.019232869148254395,-0.09406739473342884,-0.00244140625,0
L3.2-3B,6,global,1,natural_questions,short notes on characters of merchant of venice, short  notes on characters of merchant of venice,0.9795018434524536,"assistant

Here are some key character notes on the main characters in William Shakespeare's ""The Merchant of Venice"":

1. **Shylock**: The main antagonist, a Jewish moneylender who seeks revenge against Antonio for a past debt. He is intelligent, cunning, and ruthless.

2. **Antonio**: The wealthy merchant who borrows money from Shylock to finance his voyage. He is a complex character, showing both generosity and cowardice.

3. **Portia**: The wealthy heiress","assistant

Here are some brief notes on the main characters of ""The Merchant of Venice"" by William Shakespeare:

**1. Shylock:**
- A Jewish moneylender who lends money at exorbitant interest rates.
- His character is often seen as a symbol of the Jewish community in Elizabethan England.
- He is intelligent, cunning, and calculating, but also has a deep sense of hurt and resentment towards Christians.

**2. Bassanio:**
- A young nobleman from Venice who",22.645843224345253,0.8970965147018433,0.9990234375,-0.8125,0.0048828125,0,-77.35415677565479,-0.02049839496612549,-0.10290336608886719,-0.001953125,0
L3.2-3B,7,global,1,natural_questions,did the movie rocky win any academy awards,did the movie rocky win any  academy awards,0.9763067960739136,"awardsassistant

Yes, the movie ""Rocky"" (1976) won several Academy Awards. At the 49th Academy Awards in 1977, ""Rocky"" won three Oscars:

1. Best Picture: John G. Avildsen, Robert Chartoff, and Irwin Winkler
2. Best Director: John G. Avildsen
3. Best Film Editing: Richard Halsey and Scott Conrad

Additionally, the film was nominated for seven other categories, including Best Actor","awardsassistant

Yes, the movie ""Rocky"" (1976) won several Academy Awards. At the 49th Academy Awards in 1977, ""Rocky"" won three Oscars:

1. Best Picture: John G. Avildsen, Robert Chartoff, and Irwin Winkler
2. Best Director: John G. Avildsen
3. Best Film Editing: Richard Halsey and Scott Conrad

Additionally, the film was nominated for seven other categories, including Best Actor",100.00000000000004,1.0,0.99853515625,0.5,0.0,0,0.0,-0.02369302511215199,0.0,-0.0009765625,0
L3.2-3B,8,global,1,natural_questions,where does the show the path take place,where  does the show the path take place,0.9555495977401732,"placeassistant

The TV series ""The Path"" is set in the fictional town of Meyerism, which is modeled after the real-life town of New York City, but is actually filmed in various locations in New York and New Jersey.","placeassistant

The TV series ""The Path"" is set in the fictional town of Meyerism, which is modeled after the real-life town of New York City, but is actually filmed in various locations in New York and New Jersey.",100.00000000000004,0.9999998807907104,0.998046875,-0.46875,-0.021484375,0,0.0,-0.04445028305053722,5.960464488641293e-08,-0.0029296875,0
L3.2-3B,9,global,1,natural_questions,when did michigan last win a national championship,when  did michigan last win a national championship,0.9836599826812744,"assistant

The University of Michigan Wolverines have won several national championships in various sports. Here are some of their recent national championships:

* Football: The University of Michigan Wolverines last won a national championship in football in 1997, when they finished the season with a 12-0 record and won the AP Poll national championship.

* Basketball: The University of Michigan Wolverines men's basketball team last won a national championship in 1989, when they won the NCAA Tournament under coach Steve Fisher.

*","assistant

The University of Michigan Wolverines have won several national championships in various sports. Here are some of their recent national championships:

* Football: The University of Michigan Wolverines last won a national championship in football in 1997, when they finished the season with a 12-0 record and won the AP Poll national championship.

* Basketball: The University of Michigan Wolverines men's basketball team last won a national championship in 1989, when they won the NCAA Tournament under coach Steve Fisher.

*",100.00000000000004,0.9999999403953552,0.9990234375,-0.40625,0.00634765625,0,0.0,-0.016340017318725586,-5.960464477539063e-08,-0.00048828125,0
L3.2-3B,10,global,1,natural_questions,sweet leavened bread prepared for easter in romania,sweet leavened bread prepared for easter  in romania,0.979952335357666,"You're referring to ""Pâine cu smântână"" or ""Pâine cu smântână"" in Romanian, which is a traditional sweet bread prepared for Easter in Romania.

Pâine cu smântână is a sweet bread made with yeast, flour, sugar, eggs, and sour cream (or sometimes milk), which gives it a rich and creamy texture. The dough is typically shaped into a round or oblong loaf and decorated with a cross on","You're referring to ""Pâine cu smântână"" or ""Pâine cu smântână"" in Romanian, which is a traditional sweet bread prepared for Easter in Romania.

Pâine cu smântână is a sweet bread made with yeast, flour, sugar, eggs, and smântână (a type of sour cream or crème fraîche), which gives it a rich and creamy flavor. The dough is typically shaped into a",76.34440634219062,0.9693772196769714,0.99853515625,-0.15625,0.00439453125,0,-23.65559365780942,-0.02004760503768921,-0.030622780323028564,-0.0009765625,0
L3.2-3B,11,global,1,natural_questions,when did united states enter world war i,when did united states enter world war i ,1.0,"iassistant

The United States entered World War I on April 6, 1917, when Congress declared war on Germany. This decision was made after a series of events, including:

1. Germany's resumption of unrestricted submarine warfare, which led to the sinking of several American ships, including the passenger ship Lusitania in May 1915.
2. The Zimmermann Telegram, sent by Germany to Mexico in January 1917, which proposed an alliance between Germany and Mexico in the event of","war iassistant

The United States entered World War I on April 6, 1917, when Congress declared war on Germany. This decision was made after a series of events, including:

1. Germany's resumption of unrestricted submarine warfare, which led to the sinking of several American ships, including the passenger ship Lusitania in May 1915.
2. The Zimmermann Telegram, sent by Germany to Mexico in January 1917, which proposed an alliance between Germany and Mexico in the event of",98.85695513900303,0.9940287470817566,0.99951171875,-0.0,0.0,0,-1.1430448609970085,0.0,-0.005971133708953857,0.0,0
L3.2-3B,12,global,1,natural_questions,where do secondary xylem and phloem cells arise from,where do secondary xylem and phloem  cells arise from,0.9754834175109864,"Secondary xylem and phloem cells arise from the vascular cambium, a type of meristematic tissue found in plants. The vascular cambium is a layer of undifferentiated cells that lies between the primary xylem and phloem tissues in the stem and roots of woody plants.

The vascular cambium is responsible for producing new xylem and phloem cells through a process called secondary growth. This process involves the differentiation of the cambial cells into xylem","Secondary xylem and phloem cells arise from the vascular cambium, a type of meristematic tissue found in plants. The vascular cambium is a layer of undifferentiated cells that lies between the primary xylem and phloem tissues in the stem and roots of woody plants.

The vascular cambium is responsible for producing new xylem and phloem cells through a process called secondary growth. This process involves the differentiation of the cambial cells into xylem",100.00000000000004,1.0,0.99755859375,0.203125,-0.0029296875,0,0.0,-0.02451670169830311,5.960464477539063e-08,-0.00244140625,0
L3.2-3B,13,global,1,natural_questions,when was modem invented and in which country,when was modem invented and in which country ,1.0,"countryassistant

The modem (modulator-demodulator) was invented in the 1950s. The first modem was developed in the United States in 1958 by Dennis Hayes and Dale Heatherington, who founded Hayes Microcomputer Products. However, the concept of modems dates back to the early 20th century.

The first commercial modem was the Bell 101, developed by AT&T in 1958. It was a dial-up modem that used a 110-baud (bits per second)","which countryassistant

The modem (modulator-demodulator) was invented in the 1950s. The first modem was developed in the United States in 1958 by Dennis Hayes and Dale Heatherington, who founded Hayes Microcomputer Products. However, the concept of modems dates back to the early 20th century.

The first commercial modem was the Bell 101, developed by AT&T in 1958. It was a dial-up modem that used a 110-baud (bits per second)",98.78765474230744,0.9967056512832642,1.0,-0.0,0.0,0,-1.2123452576926042,-1.1920928955078125e-07,-0.00329434871673584,0.0,0
L3.2-3B,14,global,1,natural_questions,who sings the song one thing leads to another,who sings the song one thing leads  to another,0.9667105674743652,"assistant

The song ""One Thing Leads to Another"" is performed by the British band The Fixx. It was released in 1983 and became one of the band's most popular singles, reaching the top 10 in several countries, including the US, UK, and Australia.","assistant

The song ""One Thing Leads to Another"" is performed by the British band The Fixx. It was released in 1983 and became one of the band's most popular singles, reaching the top 10 in several countries, including the US, UK, and Australia.",100.00000000000004,1.0,0.99365234375,-0.046875,-0.00634765625,0,0.0,-0.033289432525634766,0.0,-0.00634765625,0
L3.2-3B,15,global,1,natural_questions,where did the term 'robot' come from,where did the term 'robot'  come from,0.9701064825057985,"assistant

The term ""robot"" has a fascinating history. It was coined by the Czech playwright Karel Čapek in his 1920 play ""R.U.R."" (Rossum's Universal Robots). Čapek, a science fiction writer, derived the word ""robot"" from the Czech word ""robota,"" which means ""forced labor"" or ""drudgery."" He combined it with the suffix ""-ot,"" which is a diminutive form, to create the word ""robot.""

Čape","assistant

The term ""robot"" has a fascinating history. It was coined by the Czech playwright Karel Čapek in his 1920 play ""R.U.R."" (Rossum's Universal Robots). Čapek, a science fiction writer, derived the word ""robot"" from the Czech word ""robota,"" which means ""forced labor"" or ""drudgery."" He combined it with the suffix ""-ot,"" which is a diminutive form, to create the word ""robot.""

Čape",100.00000000000004,1.0,0.99951171875,0.40625,0.000732421875,0,0.0,-0.02989351749420155,0.0,-0.00146484375,0
L3.2-3B,0,global,5,natural_questions,who did deion sanders go in the hall of fame as, who  did deion  sanders go in  the hall of  fame  as,0.9199212193489076,Deion Sanders was inducted into the Pro Football Hall of Fame in 2011. He was inducted as a member of the Atlanta Falcons and the Dallas Cowboys.,Deion Sanders was inducted into the Pro Football Hall of Fame in 2011. He was inducted as a member of the Atlanta Falcons and the Dallas Cowboys.,100.00000000000004,0.9999998807907104,0.99365234375,-0.0546875,-0.01416015625,0,0.0,-0.08007878065109242,0.0,-0.00732421875,0
L3.2-3B,1,global,5,natural_questions,what is the title of the person who runs the house of representatives,what  is  the title of the  person who runs the  house of representatives ,0.9357664585113524,The title of the person who runs the House of Representatives is the Speaker of the House.,"The title of the person who runs the House of Representatives is the ""Speaker of the House.""",80.3154665668484,0.9743174910545348,0.99658203125,0.041015625,-0.0125732421875,0,-19.684533433151643,-0.06423354148864757,-0.0256825089454652,-0.00341796875,0
L3.2-3B,2,global,5,natural_questions,why did france decide to aid the united states in its war for independence,why  did france decide   to aid the united states  in its war for independence ,0.9491121768951416,"France decided to aid the United States in its war for independence from Great Britain in 1778, after several factors contributed to this decision. Here are some key reasons:

1. **Enmity with Great Britain**: France and Great Britain had a long-standing rivalry, dating back to the Seven Years' War (1756-1763). France was dissatisfied with the Treaty of Paris, which ended the war and ceded Canada to Britain. France also felt that Britain was trying to limit its","France decided to aid the United States in its war for independence from Great Britain in 1778, after several factors contributed to this decision. Here are some key reasons:

1. **Enmity with Great Britain**: France and Great Britain had a long-standing rivalry, dating back to the Seven Years' War (1756-1763). France was dissatisfied with the Treaty of Paris, which ended the war and ceded Canada to Britain. France also felt that Britain was trying to limit its",100.00000000000004,1.0,0.99755859375,1.21875,-0.01025390625,0,0.0,-0.0508878231048584,0.0,-0.001953125,0
L3.2-3B,3,global,5,natural_questions,yo la tengo theres a riot going on release date,  yo   la tengo theres a  riot going  on  release date,0.910396933555603,"assistant

""Yo La Tengo"" is a band known for their eclectic and experimental sound. ""There's a Riot Going On"" is indeed a song by the band, and it was released in 1990 on their album ""Pain and Suffering"".","assistant

""Yo La Tengo"" is a great band.  ""There's a Riot Going On"" is indeed one of their albums, released in 2013. It's the 11th studio album by the American indie rock band, and it features a more experimental and atmospheric sound compared to their previous work. The album received positive reviews from critics, with many praising the band's ability to blend different styles and create a unique sound.

The album includes tracks like ""Sundogs"", ""I",22.818035841311595,0.8996196389198303,0.95751953125,3.1875,-0.09619140625,0,-77.18196415868844,-0.08960306644439697,-0.10038036108016968,-0.04248046875,0
L3.2-3B,4,global,5,natural_questions,who played the hobbits in the lord of the rings,who  played the hobbits in  the   lord of the  rings,0.9037094712257384,"assistant

Here's a list of the main hobbits in J.R.R. Tolkien's ""The Lord of the Rings"" and the actors who played them in the 2001-2003 film trilogy:

1. Frodo Baggins (played by Elijah Wood)
2. Samwise Gamgee (played by Sean Astin)
3. Meriadoc Brandybuck (played by Dominic Monaghan)
4. Peregrin Took (played by Billy Boyd)
5. Bilbo Bagg","assistant

Here's a list of the main hobbits from J.R.R. Tolkien's ""The Lord of the Rings"" and the actors who played them in the 2001-2003 film trilogy:

1. Frodo Baggins (played by Elijah Wood)
2. Samwise Gamgee (played by Sean Astin)
3. Meriadoc Brandybuck (played by Dominic Monaghan)
4. Peregrin Took (played by Billy Boyd)
5. Bilbo Bagg",96.82406246501176,0.999322772026062,0.994140625,0.8125,0.005859375,0,-3.175937534988279,-0.09629040956497203,-0.0006771683692932129,-0.005859375,0
L3.2-3B,5,global,5,natural_questions,who played the doctor in band of brothers,who played    the doctor  in  band of brothers,0.9099140167236328,"brothersassistant

The character of Captain Richard Winters, the leader of Easy Company, 2nd Battalion, 506th Parachute Infantry Regiment, 101st Airborne Division, in the HBO miniseries ""Band of Brothers"" was played by actor Damian Lewis.

However, the character of the doctor in the show was actually Dr. John ""Doc"" Deering, played by actor Donnie Wahlberg's friend, actor Donnie Wahlberg's friend,  actor  Donnie's friend,","of brothersassistant

The character of the doctor in the HBO miniseries ""Band of Brothers"" was played by actor Donnie Wahlberg.",7.811865852606095,0.8927577137947083,0.98193359375,-2.6875,0.01953125,0,-92.18813414739395,-0.09008598327636719,-0.1072421669960022,-0.01806640625,0
L3.2-3B,6,global,5,natural_questions,short notes on characters of merchant of venice, short  notes on characters   of  merchant of  venice,0.8870396018028259,"assistant

Here are some key character notes on the main characters in William Shakespeare's ""The Merchant of Venice"":

1. **Shylock**: The main antagonist, a Jewish moneylender who seeks revenge against Antonio for a past debt. He is intelligent, cunning, and ruthless.

2. **Antonio**: The wealthy merchant who borrows money from Shylock to finance his voyage. He is a complex character, showing both generosity and cowardice.

3. **Portia**: The wealthy heiress","assistant

Here are some brief notes on the main characters of ""The Merchant of Venice"" by William Shakespeare:

**1. Shylock:**
- A Jewish moneylender who lends money at exorbitant interest rates.
- His character is often seen as a symbol of the Jewish community in Elizabethan England.
- He is intelligent, cunning, and calculating, but also has a deep sense of hurt and resentment towards Christians.

**2. Bassanio:**
- A young nobleman from Venice who",22.645843224345253,0.8970964550971985,0.9951171875,-3.5,-0.021484375,0,-77.35415677565479,-0.11296063661575317,-0.10290342569351196,-0.005859375,0
L3.2-3B,7,global,5,natural_questions,did the movie rocky win any academy awards,did the  movie  rocky win  any academy  awards ,0.8987978100776672,"awardsassistant

Yes, the movie ""Rocky"" (1976) won several Academy Awards. At the 49th Academy Awards in 1977, ""Rocky"" won three Oscars:

1. Best Picture: John G. Avildsen, Robert Chartoff, and Irwin Winkler
2. Best Director: John G. Avildsen
3. Best Film Editing: Richard Halsey and Scott Conrad

Additionally, the film was nominated for seven other categories, including Best Actor","awardsassistant

Yes, the movie ""Rocky"" (1976) won several Academy Awards. At the 49th Academy Awards in 1977, ""Rocky"" won three Oscars:

1. Best Picture: John G. Avildsen, Robert Chartoff, and Irwin Winkler
2. Best Director: John G. Avildsen
3. Best Film Editing: Richard Halsey and Scott Conrad

Additionally, the film was also nominated for seven other categories, including Best",96.82406246501176,0.995470643043518,0.99267578125,0.9375,-0.008056640625,0,-3.175937534988279,-0.10120201110839833,-0.004529356956482045,-0.0068359375,0
L3.2-3B,8,global,5,natural_questions,where does the show the path take place, where  does  the show  the path  take  place,0.8787708878517151,"placeassistant

The TV series ""The Path"" is set in the fictional town of Meyerism, which is modeled after the real-life town of New York City, but is actually filmed in various locations in New York and New Jersey.","assistant

The TV series ""The Path"" is set in the fictional town of Meyerism, which is modeled after the real-life town of New York City, but is actually filmed in various locations in New York and New Jersey.

However, the show's creator, Jessica Goldberg, has stated that the fictional town of Meyerism is inspired by the spiritual communities and cults that exist in the United States, particularly in the 1970s and 1980s.

Some specific locations that were used as filming",45.74891790065499,0.9307594299316406,0.990234375,-0.0625,0.00390625,0,-54.251082099345055,-0.12122899293899536,-0.06924039125442494,-0.0107421875,0
L3.2-3B,9,global,5,natural_questions,when did michigan last win a national championship,when  did   michigan last win  a national  championship,0.897143542766571,"assistant

The University of Michigan Wolverines have won several national championships in various sports. Here are some of their recent national championships:

* Football: The University of Michigan Wolverines last won a national championship in football in 1997, when they finished the season with a 12-0 record and won the AP Poll national championship.

* Basketball: The University of Michigan Wolverines men's basketball team last won a national championship in 1989, when they won the NCAA Tournament under coach Steve Fisher.

*","assistant

The University of Michigan Wolverines have won several national championships in various sports. Here are some of their recent national championships:

* Football: The University of Michigan Wolverines last won a national championship in football in 1997, when they finished the season with a 12-0 record and won the AP Poll national championship.

* Basketball: The University of Michigan Wolverines men's basketball team last won a national championship in 1989, when they won the NCAA Tournament under coach Steve Fisher.

*",100.00000000000004,1.0,0.9951171875,-0.71875,0.013916015625,0,0.0,-0.10285645723342896,0.0,-0.00439453125,0
L3.2-3B,10,global,5,natural_questions,sweet leavened bread prepared for easter in romania, sweet    leavened bread prepared   for easter in romania,0.9185003042221068,"You're referring to ""Pâine cu smântână"" or ""Pâine cu smântână"" in Romanian, which is a traditional sweet bread prepared for Easter in Romania.

Pâine cu smântână is a sweet bread made with yeast, flour, sugar, eggs, and sour cream (or sometimes milk), which gives it a rich and creamy texture. The dough is typically shaped into a round or oblong loaf and decorated with a cross on","assistant

You're referring to ""Pască"" or ""Pască de Paște"" in Romanian, which is a traditional sweet bread prepared for Easter in Romania. It's a sweet, dense, and rich bread made with yeast, flour, sugar, eggs, and butter, often flavored with vanilla or raisins.

Pască is typically baked on Holy Saturday, the day before Easter Sunday, and is a staple in Romanian Easter traditions. The bread is often decorated with intricate designs and patterns",36.92601646878624,0.906652569770813,0.98388671875,-0.375,0.01123046875,0,-63.073983531213806,-0.0814996361732484,-0.09334743022918701,-0.015625,0
L3.2-3B,11,global,5,natural_questions,when did united states enter world war i, when  did united states enter  world war    i,0.9178197383880616,"iassistant

The United States entered World War I on April 6, 1917, when Congress declared war on Germany. This decision was made after a series of events, including:

1. Germany's resumption of unrestricted submarine warfare, which led to the sinking of several American ships, including the passenger ship Lusitania in May 1915.
2. The Zimmermann Telegram, sent by Germany to Mexico in January 1917, which proposed an alliance between Germany and Mexico in the event of","iassistant

The United States entered World War I on April 6, 1917, when Congress declared war on Germany. This decision was made after a series of events, including:

1. The sinking of the passenger ship Lusitania by a German U-boat on May 7, 1915, which killed over 1,000 civilians, including 128 Americans.
2. Germany's resumption of unrestricted submarine warfare in February 1917, which allowed German U-boats to attack",54.7072949716403,0.95385479927063,0.98974609375,0.65625,-0.035400390625,0,-45.29270502835974,-0.08218026161193837,-0.046145081520080455,-0.009765625,0
L3.2-3B,12,global,5,natural_questions,where do secondary xylem and phloem cells arise from,where  do secondary  xylem   and  phloem cells arise from,0.9201725125312804,"Secondary xylem and phloem cells arise from the vascular cambium, a type of meristematic tissue found in plants. The vascular cambium is a layer of undifferentiated cells that lies between the primary xylem and phloem tissues in the stem and roots of woody plants.

The vascular cambium is responsible for producing new xylem and phloem cells through a process called secondary growth. This process involves the differentiation of the cambial cells into xylem","Secondary xylem and phloem cells arise from the vascular cambium, which is a type of meristematic tissue found in plants. The vascular cambium is a layer of undifferentiated cells that lies between the primary xylem and phloem tissues in the stem and roots of woody plants.

The vascular cambium is responsible for producing new xylem and phloem cells through a process called secondary growth. This process involves the differentiation of the cambial cells into x",94.15913480077502,0.9910362362861632,0.99267578125,0.9375,-0.02001953125,0,-5.840865199225021,-0.07982760667800914,-0.008963704109192006,-0.00732421875,0
L3.2-3B,13,global,5,natural_questions,when was modem invented and in which country,when was  modem  invented  and  in which country ,0.9283515810966492,"countryassistant

The modem (modulator-demodulator) was invented in the 1950s. The first modem was developed in the United States in 1958 by Dennis Hayes and Dale Heatherington, who founded Hayes Microcomputer Products. However, the concept of modems dates back to the early 20th century.

The first commercial modem was the Bell 101, developed by AT&T in 1958. It was a dial-up modem that used a 110-baud (bits per second)","countryassistant

The modem (modulator-demodulator) was invented in the 1920s by a British engineer named John Logie Baird. However, the first practical modem was developed in the United States in the 1950s.

The first commercial modem was invented by a team of engineers at AT&T's Bell Labs in the United States in 1958. They developed the first commercial modem, called the Bell 101, which was capable of transmitting data at a rate of 110 bits per",37.61642741557012,0.9286739826202391,0.986328125,0.03125,-0.0107421875,0,-62.38357258442992,-0.07164853811264038,-0.07132601737976085,-0.013671875,0
L3.2-3B,14,global,5,natural_questions,who sings the song one thing leads to another,  who   sings the song one thing leads to another   ,0.9512882232666016,"assistant

The song ""One Thing Leads to Another"" is performed by the British band The Fixx. It was released in 1983 and became one of the band's most popular singles, reaching the top 10 in several countries, including the US, UK, and Australia.","leads to anotherassistant

The song ""One Thing Leads to Another"" is performed by the British band The Fixx. It was released in 1983 and became one of the band's most popular singles, reaching the top 10 in several countries, including the US, UK, and Australia.",94.17192465989338,0.9678223729133606,0.99560546875,-0.65625,-0.014892578125,0,-5.828075340106665,-0.04871177673339844,-0.032177627086639404,-0.00439453125,0
L3.2-3B,15,global,5,natural_questions,where did the term 'robot' come from,where  did  the term 'robot'  come from  ,0.9456165432929992,"assistant

The term ""robot"" has a fascinating history. It was coined by the Czech playwright Karel Čapek in his 1920 play ""R.U.R."" (Rossum's Universal Robots). Čapek, a science fiction writer, derived the word ""robot"" from the Czech word ""robota,"" which means ""forced labor"" or ""drudgery."" He combined it with the suffix ""-ot,"" which is a diminutive form, to create the word ""robot.""

Čape","fromassistant

The term ""robot"" has a fascinating history. It was coined by the Czech playwright Karel Čapek in his 1920 play ""R.U.R."" (Rossum's Universal Robots). Čapek, a science fiction writer, derived the word ""robot"" from the Czech word ""robota,"" which means ""forced labor"" or ""drudgery."" He combined it with the suffix ""-ot,"" which is a diminutive form, to create the word ""robot.""

Čape",98.930327496637,0.988769233226776,0.99560546875,0.3125,-0.00244140625,0,-1.0696725033630372,-0.05438345670700084,-0.011230766773223988,-0.00537109375,0
L3.2-3B,0,global,20,natural_questions,who did deion sanders go in the hall of fame as, who    did  deion   sanders  go  in   the  hall of     fame   as   ,0.8210058808326721,Deion Sanders was inducted into the Pro Football Hall of Fame in 2011. He was inducted as a member of the Atlanta Falcons and the Dallas Cowboys.,Deion Sanders was inducted into the Pro Football Hall of Fame in 2011.,34.251885509304564,0.9576327800750732,0.9677734375,-0.7578125,-0.017822265625,0,-65.74811449069549,-0.17899411916732788,-0.04236710071563721,-0.033203125,0
L3.2-3B,1,global,20,natural_questions,what is the title of the person who runs the house of representatives,  what      is the   title of  the     person who  runs   the  house     of representatives,0.8248214721679688,The title of the person who runs the House of Representatives is the Speaker of the House.,"assistant

The title of the person who runs the House of Representatives is the ""Speaker of the House.""",76.1827408333416,0.9520558714866638,0.9814453125,0.228515625,-0.06982421875,0,-23.817259166658445,-0.17517852783203125,-0.04794412851333618,-0.0185546875,0
L3.2-3B,2,global,20,natural_questions,why did france decide to aid the united states in its war for independence, why   did     france  decide  to  aid  the united  states in  its   war for      independence ,0.8558298349380493,"France decided to aid the United States in its war for independence from Great Britain in 1778, after several factors contributed to this decision. Here are some key reasons:

1. **Enmity with Great Britain**: France and Great Britain had a long-standing rivalry, dating back to the Seven Years' War (1756-1763). France was dissatisfied with the Treaty of Paris, which ended the war and ceded Canada to Britain. France also felt that Britain was trying to limit its","France decided to aid the United States in its war for independence from Great Britain in 1778 for several strategic and ideological reasons. Here are some of the key factors that influenced France's decision:

1. **Distrust of Great Britain**: France had a long-standing rivalry with Great Britain, which dated back to the 17th century. France saw Britain as a threat to its power and influence in Europe, and it was eager to weaken its rival.
2. **Economic interests**: France",35.97212960558728,0.9235678911209106,0.9921875,1.875,-0.015625,0,-64.02787039441276,-0.14417016506195068,-0.07643210887908936,-0.00732421875,0
L3.2-3B,3,global,20,natural_questions,yo la tengo theres a riot going on release date, yo    la   tengo  theres    a   riot    going  on     release date ,0.8124728798866272,"assistant

""Yo La Tengo"" is a band known for their eclectic and experimental sound. ""There's a Riot Going On"" is indeed a song by the band, and it was released in 1990 on their album ""Pain and Suffering"".","dateassistant

I couldn't find any information on a song or album called ""Yo La Tengo"" with the release date ""There's a riot going on"". However, I did find a band called Yo La Tengo, which is an American indie rock band from New Jersey. They have released many albums, but I couldn't find any specific information on a release date that matches the title you provided.

Could you please provide more context or clarify which album or song you are referring to? I'll do my",6.676323684755373,0.8549792766571045,0.8876953125,5.71875,-0.126953125,0,-93.32367631524467,-0.1875271201133728,-0.1450207233428955,-0.1123046875,0
L3.2-3B,4,global,20,natural_questions,who played the hobbits in the lord of the rings,  who    played   the  hobbits    in the  lord   of  the   rings     ,0.8069741129875183,"assistant

Here's a list of the main hobbits in J.R.R. Tolkien's ""The Lord of the Rings"" and the actors who played them in the 2001-2003 film trilogy:

1. Frodo Baggins (played by Elijah Wood)
2. Samwise Gamgee (played by Sean Astin)
3. Meriadoc Brandybuck (played by Dominic Monaghan)
4. Peregrin Took (played by Billy Boyd)
5. Bilbo Bagg","assistant

Here are the main hobbits from the Lord of the Rings trilogy, played by the talented actors:

1. Frodo Baggins (played by Elijah Wood) - The main protagonist of the story, tasked with destroying the One Ring.
2. Samwise Gamgee (played by Sean Astin) - Frodo's loyal friend and companion on his perilous journey.
3. Meriadoc Brandybuck (played by Dominic Monaghan) - A hobbit and cousin of Frodo",40.180402628882845,0.9249715209007264,0.98388671875,0.625,-0.004638671875,0,-59.8195973711172,-0.19302576780319214,-0.0750284194946288,-0.01611328125,0
L3.2-3B,5,global,20,natural_questions,who played the doctor in band of brothers,  who     played  the doctor    in      band     of   brothers ,0.7799989581108093,"brothersassistant

The character of Captain Richard Winters, the leader of Easy Company, 2nd Battalion, 506th Parachute Infantry Regiment, 101st Airborne Division, in the HBO miniseries ""Band of Brothers"" was played by actor Damian Lewis.

However, the character of the doctor in the show was actually Dr. John ""Doc"" Deering, played by actor Donnie Wahlberg's friend, actor Donnie Wahlberg's friend,  actor  Donnie's friend,","band     of   brothersassistant

The character of the doctor in the TV series ""Band of Brothers"" was played by actor Donnie Wahlberg.",6.988111521881703,0.8643922209739685,0.9462890625,-2.5625,0.05078125,0,-93.01188847811834,-0.22000104188919067,-0.13560765981674194,-0.0537109375,0
L3.2-3B,6,global,20,natural_questions,short notes on characters of merchant of venice,   short     notes   on      characters   of   merchant    of  venice ,0.7925944328308105,"assistant

Here are some key character notes on the main characters in William Shakespeare's ""The Merchant of Venice"":

1. **Shylock**: The main antagonist, a Jewish moneylender who seeks revenge against Antonio for a past debt. He is intelligent, cunning, and ruthless.

2. **Antonio**: The wealthy merchant who borrows money from Shylock to finance his voyage. He is a complex character, showing both generosity and cowardice.

3. **Portia**: The wealthy heiress","veniceassistant

Here are some brief notes on the main characters of ""The Merchant of Venice"" by William Shakespeare:

1. **Shylock**: The main antagonist, a Jewish moneylender who seeks revenge against Antonio for a past debt. He is intelligent, cunning, and ruthless.

2. **Antonio**: The wealthy merchant who borrows money from Shylock to finance his voyage. He is a complex character, both confident and vulnerable.

3. **Portia**: The wealthy heiress who disgu",82.21971853939156,0.9730051755905152,0.95654296875,-0.0625,-0.05029296875,0,-17.780281460608478,-0.20740580558776855,-0.0269947052001952,-0.04443359375,0
L3.2-3B,7,global,20,natural_questions,did the movie rocky win any academy awards,    did      the    movie  rocky    win    any     academy  awards,0.7738927006721497,"awardsassistant

Yes, the movie ""Rocky"" (1976) won several Academy Awards. At the 49th Academy Awards in 1977, ""Rocky"" won three Oscars:

1. Best Picture: John G. Avildsen, Robert Chartoff, and Irwin Winkler
2. Best Director: John G. Avildsen
3. Best Film Editing: Richard Halsey and Scott Conrad

Additionally, the film was nominated for seven other categories, including Best Actor","academy  awardsassistant

Yes, the movie ""Rocky"" (1976) won several Academy Awards. At the 49th Academy Awards in 1977, ""Rocky"" won three Oscars:

1. Best Picture: John G. Avildsen, Robert Chartoff, and Irwin Winkler
2. Best Director: John G. Avildsen
3. Best Film Editing: Richard Halsey and Scott Conrad

Additionally, Sylvester Stallone, who wrote and starred in the film",86.13820130349072,0.964908480644226,0.9775390625,1.53125,-0.005859375,0,-13.861798696509325,-0.2261071205139159,-0.03509151935577404,-0.02197265625,0
L3.2-3B,8,global,20,natural_questions,where does the show the path take place,   where    does   the  show  the  path     take     place    ,0.8074869513511658,"placeassistant

The TV series ""The Path"" is set in the fictional town of Meyerism, which is modeled after the real-life town of New York City, but is actually filmed in various locations in New York and New Jersey.","take     placeassistant

I don't have enough information to determine which show you are referring to. Could you please provide more context or clarify which show you are asking about?",1.0717946447280176,0.8136811256408691,0.8564453125,0.71875,-0.029296875,0,-98.92820535527203,-0.19251292943954468,-0.18631869554519642,-0.14453125,0
L3.2-3B,9,global,20,natural_questions,when did michigan last win a national championship,  when    did    michigan     last  win   a   national  championship    ,0.8090693354606628,"assistant

The University of Michigan Wolverines have won several national championships in various sports. Here are some of their recent national championships:

* Football: The University of Michigan Wolverines last won a national championship in football in 1997, when they finished the season with a 12-0 record and won the AP Poll national championship.

* Basketball: The University of Michigan Wolverines men's basketball team last won a national championship in 1989, when they won the NCAA Tournament under coach Steve Fisher.

*","national  championshipassistant

The University of Michigan Wolverines have won several national championships in various sports. Here are some of their recent national championships:

* Football: The University of Michigan Wolverines last won a national championship in football in 1997, when they finished the season with a 12-0 record and won the AP Poll national championship.

* Basketball: The University of Michigan Wolverines last won a national championship in basketball in 1989, when they won the NCAA Men's Division I Basketball Championship.

* Hockey",85.40587804253131,0.968735694885254,0.98876953125,-2.53125,0.01904296875,0,-14.59412195746873,-0.19093066453933716,-0.03126430511474598,-0.0107421875,0
L3.2-3B,10,global,20,natural_questions,sweet leavened bread prepared for easter in romania,  sweet      leavened bread   prepared   for    easter    in    romania  ,0.8392910361289978,"You're referring to ""Pâine cu smântână"" or ""Pâine cu smântână"" in Romanian, which is a traditional sweet bread prepared for Easter in Romania.

Pâine cu smântână is a sweet bread made with yeast, flour, sugar, eggs, and sour cream (or sometimes milk), which gives it a rich and creamy texture. The dough is typically shaped into a round or oblong loaf and decorated with a cross on","aniaassistant

You're referring to ""Pască"" or ""Pască de Paște"" in Romanian, a traditional sweet bread prepared for Easter in Romania. It's a sweet, dense, and rich bread made with yeast, flour, sugar, eggs, and butter, often flavored with vanilla or raisins.

Pască is a beloved Easter tradition in Romania, where it's typically baked on Holy Saturday, the day before Easter Sunday. The bread is often decorated with intricate designs and patterns,",32.44247690948547,0.9042899012565612,0.9482421875,2.9375,-0.05078125,0,-67.55752309051456,-0.16070890426635742,-0.09571009874343883,-0.05126953125,0
L3.2-3B,11,global,20,natural_questions,when did united states enter world war i, when    did  united        states    enter  world   war  i  ,0.8003958463668823,"iassistant

The United States entered World War I on April 6, 1917, when Congress declared war on Germany. This decision was made after a series of events, including:

1. Germany's resumption of unrestricted submarine warfare, which led to the sinking of several American ships, including the passenger ship Lusitania in May 1915.
2. The Zimmermann Telegram, sent by Germany to Mexico in January 1917, which proposed an alliance between Germany and Mexico in the event of","war  iassistant

The United States entered World War I on April 6, 1917.",0.678834405593592,0.8901776075363159,0.95166015625,1.96875,-0.046630859375,0,-99.32116559440645,-0.19960415363311768,-0.10982227325439453,-0.0478515625,0
L3.2-3B,12,global,20,natural_questions,where do secondary xylem and phloem cells arise from, where     do  secondary    xylem    and     phloem  cells   arise   from,0.8176339268684387,"Secondary xylem and phloem cells arise from the vascular cambium, a type of meristematic tissue found in plants. The vascular cambium is a layer of undifferentiated cells that lies between the primary xylem and phloem tissues in the stem and roots of woody plants.

The vascular cambium is responsible for producing new xylem and phloem cells through a process called secondary growth. This process involves the differentiation of the cambial cells into xylem","assistant

Secondary xylem and phloem cells arise from the vascular cambium, which is a type of meristematic tissue found in plants. The vascular cambium is a layer of undifferentiated cells that lies between the primary xylem and phloem tissues in the stem and roots of woody plants.

The vascular cambium has two types of cells: fusiform initials and ray initials. Fusiform initials are elongated cells that divide to form the xylem and phloem",64.97227767662811,0.9425507187843324,0.9873046875,1.5,-0.039306640625,0,-35.02772232337193,-0.18236619234085083,-0.05744922161102284,-0.0126953125,0
L3.2-3B,13,global,20,natural_questions,when was modem invented and in which country,   when      was  modem    invented  and  in      which   country  ,0.7942053079605103,"countryassistant

The modem (modulator-demodulator) was invented in the 1950s. The first modem was developed in the United States in 1958 by Dennis Hayes and Dale Heatherington, who founded Hayes Microcomputer Products. However, the concept of modems dates back to the early 20th century.

The first commercial modem was the Bell 101, developed by AT&T in 1958. It was a dial-up modem that used a 110-baud (bits per second)","which   countryassistant

The modem (modulator-demodulator) was invented in 1958 by Dennis Hayes and Dale Heatherington in the United States.",4.930654012230504,0.9098441004753112,0.9775390625,2.25,-0.05517578125,0,-95.06934598776954,-0.2057948112487793,-0.09015589952468883,-0.0224609375,0
L3.2-3B,14,global,20,natural_questions,who sings the song one thing leads to another,       who        sings the  song   one  thing    leads    to   another ,0.8169072866439819,"assistant

The song ""One Thing Leads to Another"" is performed by the British band The Fixx. It was released in 1983 and became one of the band's most popular singles, reaching the top 10 in several countries, including the US, UK, and Australia.","to   anotherassistant

I couldn't find a well-known song with the exact title ""One Thing Leads to Another."" However, I think you might be thinking of the song ""One Thing Leads to Another"" by The Fixx. It was released in 1983 and became a hit single from their album ""Reach the Beach.""",27.47794692234749,0.8834293484687805,0.82421875,3.203125,0.0166015625,0,-72.52205307765256,-0.18309271335601807,-0.11657065153121948,-0.17578125,0
L3.2-3B,15,global,20,natural_questions,where did the term 'robot' come from,  where       did    the     term 'robot'  come   from    ,0.8331326842308044,"assistant

The term ""robot"" has a fascinating history. It was coined by the Czech playwright Karel Čapek in his 1920 play ""R.U.R."" (Rossum's Universal Robots). Čapek, a science fiction writer, derived the word ""robot"" from the Czech word ""robota,"" which means ""forced labor"" or ""drudgery."" He combined it with the suffix ""-ot,"" which is a diminutive form, to create the word ""robot.""

Čape","'  come   fromassistant

The term ""robot"" has a fascinating history. It was coined by the Czech playwright Karel Čapek in his 1920 play ""R.U.R."" (Rossum's Universal Robots). Čapek, a science fiction writer, derived the word ""robot"" from the Czech word ""robota,"" which means ""forced labor"" or ""drudgery."" He combined it with the suffix ""-ot,"" which is a diminutive form, to create the word ""robot.""

Čape",96.85820111339862,0.9774800539016724,0.9833984375,0.96875,-0.00048828125,0,-3.1417988866014213,-0.16686731576919556,-0.022519946098327637,-0.017578125,0
L3.2-3B,0,global,50,natural_questions,who did deion sanders go in the hall of fame as,      who          did     deion  sanders       go    in       the  hall      of         fame     as   ,0.7203697562217712,Deion Sanders was inducted into the Pro Football Hall of Fame in 2011. He was inducted as a member of the Atlanta Falcons and the Dallas Cowboys.,"assistant

Deion Sanders was inducted into the Pro Football Hall of Fame in 2011.",36.39014952516981,0.92327219247818,0.91650390625,-2.12890625,-0.026611328125,0,-63.60985047483023,-0.27963024377822876,-0.0767276883125304,-0.08447265625,0
L3.2-3B,1,global,50,natural_questions,what is the title of the person who runs the house of representatives,    what           is    the        title    of  the   person    who     runs      the        house of    representatives  ,0.7532328367233276,The title of the person who runs the House of Representatives is the Speaker of the House.,"assistant

The title of the person who runs the House of Representatives is the ""Speaker of the House.""",76.1827408333416,0.9520558714866638,0.9755859375,-0.314453125,-0.1053466796875,0,-23.817259166658445,-0.24676716327667236,-0.04794412851333618,-0.0244140625,0
L3.2-3B,2,global,50,natural_questions,why did france decide to aid the united states in its war for independence,     why         did    france   decide   to   aid      the       united     states     in   its    war      for    independence ,0.7751551270484924,"France decided to aid the United States in its war for independence from Great Britain in 1778, after several factors contributed to this decision. Here are some key reasons:

1. **Enmity with Great Britain**: France and Great Britain had a long-standing rivalry, dating back to the Seven Years' War (1756-1763). France was dissatisfied with the Treaty of Paris, which ended the war and ceded Canada to Britain. France also felt that Britain was trying to limit its","France's decision to aid the United States in its war for independence was a complex and multifaceted one, driven by a combination of strategic, economic, and ideological factors. Here are some key reasons:

1. **Enmity with Britain**: France and Britain had a long-standing rivalry, dating back to the 18th century. The two powers had clashed over trade, territory, and influence in North America, the Caribbean, and other parts of the world. France saw the American Revolution as",37.842277569895614,0.9156681299209596,0.982421875,1.703125,-0.01904296875,0,-62.15772243010443,-0.22484487295150757,-0.08433187007904042,-0.01708984375,0
L3.2-3B,3,global,50,natural_questions,yo la tengo theres a riot going on release date,    yo        la        tengo      theres       a       riot   going    on       release    date     ,0.7205730080604553,"assistant

""Yo La Tengo"" is a band known for their eclectic and experimental sound. ""There's a Riot Going On"" is indeed a song by the band, and it was released in 1990 on their album ""Pain and Suffering"".","release    dateassistant

It seems like you're referencing the song ""Riot!"" by The Pretty Reckless. The song was released on April 16, 2010.",2.120626575879525,0.8535094857215881,0.71044921875,-3.8125,0.021484375,0,-97.87937342412052,-0.2794269919395447,-0.14649051427841187,-0.28955078125,0
L3.2-3B,4,global,50,natural_questions,who played the hobbits in the lord of the rings,    who         played      the       hobbits     in     the       lord     of      the     rings    ,0.7264073491096497,"assistant

Here's a list of the main hobbits in J.R.R. Tolkien's ""The Lord of the Rings"" and the actors who played them in the 2001-2003 film trilogy:

1. Frodo Baggins (played by Elijah Wood)
2. Samwise Gamgee (played by Sean Astin)
3. Meriadoc Brandybuck (played by Dominic Monaghan)
4. Peregrin Took (played by Billy Boyd)
5. Bilbo Bagg","ringsassistant

Here's a list of the main hobbits from J.R.R. Tolkien's ""The Lord of the Rings"" and the actors who played them in the 2001-2003 film trilogy:

1. Frodo Baggins (played by Elijah Wood)
2. Samwise Gamgee (played by Sean Astin)
3. Meriadoc Brandybuck (played by Dominic Monaghan)
4. Peregrin Took (played by Billy Boyd)
5. Bilbo Bagg",95.56553821185534,0.9830458760261536,0.9775390625,0.5,0.000732421875,0,-4.434461788144702,-0.2735925316810608,-0.01695406436920166,-0.0224609375,0
L3.2-3B,5,global,50,natural_questions,who played the doctor in band of brothers,       who           played         the     doctor         in    band        of      brothers     ,0.7005647420883179,"brothersassistant

The character of Captain Richard Winters, the leader of Easy Company, 2nd Battalion, 506th Parachute Infantry Regiment, 101st Airborne Division, in the HBO miniseries ""Band of Brothers"" was played by actor Damian Lewis.

However, the character of the doctor in the show was actually Dr. John ""Doc"" Deering, played by actor Donnie Wahlberg's friend, actor Donnie Wahlberg's friend,  actor  Donnie's friend,","in    band        of      brothersassistant

The character of the doctor in the TV series ""Band of Brothers"" was played by actor Donnie Wahlberg.",7.712323819396786,0.8314559459686279,0.880859375,0.1875,0.0380859375,1,-92.28767618060326,-0.29943525791168213,-0.16854393482208252,-0.119140625,1
L3.2-3B,6,global,50,natural_questions,short notes on characters of merchant of venice,   short          notes      on        characters     of        merchant         of      venice     ,0.7249913811683655,"assistant

Here are some key character notes on the main characters in William Shakespeare's ""The Merchant of Venice"":

1. **Shylock**: The main antagonist, a Jewish moneylender who seeks revenge against Antonio for a past debt. He is intelligent, cunning, and ruthless.

2. **Antonio**: The wealthy merchant who borrows money from Shylock to finance his voyage. He is a complex character, showing both generosity and cowardice.

3. **Portia**: The wealthy heiress","merchant         of      veniceassistant

Here are some key notes on the characters of ""The Merchant of Venice"" by William Shakespeare:

**1. Shylock:**

* A Jewish moneylender who lends money at exorbitant interest rates
* A complex character with a mix of Jewish and Christian traits
* His desire for revenge against Antonio and the Christian community
* His famous speech in Act 3, Scene 1, where he demands a pound of flesh as collateral

**2. Antonio:**

* A wealthy",15.048317607844588,0.864704966545105,0.873046875,1.3125,-0.05517578125,0,-84.95168239215545,-0.2750088572502136,-0.13529491424560547,-0.1279296875,0
L3.2-3B,7,global,50,natural_questions,did the movie rocky win any academy awards,         did               the          movie        rocky    win     any      academy    awards     ,0.7058428525924683,"awardsassistant

Yes, the movie ""Rocky"" (1976) won several Academy Awards. At the 49th Academy Awards in 1977, ""Rocky"" won three Oscars:

1. Best Picture: John G. Avildsen, Robert Chartoff, and Irwin Winkler
2. Best Director: John G. Avildsen
3. Best Film Editing: Richard Halsey and Scott Conrad

Additionally, the film was nominated for seven other categories, including Best Actor","win     any      academy    awardsassistant

Yes, the movie ""Rocky"" (1976) won several Academy Awards. Here are some of the notable ones:

1. Best Picture: ""Rocky"" won the Academy Award for Best Picture in 1977.
2. Best Director: John G. Avildsen won the Academy Award for Best Director for his work on ""Rocky"".
3. Best Actor: Sylvester Stallone won the Academy Award for Best Actor in a Leading Role for his portrayal of Rocky Balboa.",34.86894293820221,0.8824895620346069,0.94775390625,1.03125,0.0087890625,0,-65.13105706179783,-0.2941569685935973,-0.11751043796539307,-0.0517578125,0
L3.2-3B,8,global,50,natural_questions,where does the show the path take place,     where           does      the              show         the   path  take          place  ,0.7204717397689819,"placeassistant

The TV series ""The Path"" is set in the fictional town of Meyerism, which is modeled after the real-life town of New York City, but is actually filmed in various locations in New York and New Jersey.","the   path  take          placeassistant

The phrase ""where does the show take place"" is a common idiomatic expression that can be interpreted in different ways, depending on the context. Here are a few possible answers:

1. **In a theater or performance**: In this context, ""the show"" refers to a theatrical performance, and the question is asking where the play or musical takes place.
2. **In a movie or film**: Similarly, ""the show"" might refer to a movie or film, and the question is asking",1.2724245419535518,0.8156536221504211,0.76806640625,-8.34375,0.103515625,0,-98.72757545804649,-0.2795281410217285,-0.18434619903564442,-0.23291015625,0
L3.2-3B,9,global,50,natural_questions,when did michigan last win a national championship,      when         did     michigan       last           win    a      national        championship       ,0.7343548536300659,"assistant

The University of Michigan Wolverines have won several national championships in various sports. Here are some of their recent national championships:

* Football: The University of Michigan Wolverines last won a national championship in football in 1997, when they finished the season with a 12-0 record and won the AP Poll national championship.

* Basketball: The University of Michigan Wolverines men's basketball team last won a national championship in 1989, when they won the NCAA Tournament under coach Steve Fisher.

*","a      national        championshipassistant

The University of Michigan Wolverines last won a national championship in the following sports:

1. Football: 1997 (AP Poll) and 1998 (AP Poll) 
2. Basketball: 1989 (NCAA Tournament)
3. Hockey: 1998 (NCAA Frozen Four)",12.313419433242435,0.8709421157836914,0.97265625,-5.6875,0.016845703125,0,-87.68658056675761,-0.2656451463699341,-0.1290578842163086,-0.02685546875,0
L3.2-3B,10,global,50,natural_questions,sweet leavened bread prepared for easter in romania,       sweet               leavened           bread   prepared       for  easter     in        romania      ,0.7504801750183105,"You're referring to ""Pâine cu smântână"" or ""Pâine cu smântână"" in Romanian, which is a traditional sweet bread prepared for Easter in Romania.

Pâine cu smântână is a sweet bread made with yeast, flour, sugar, eggs, and sour cream (or sometimes milk), which gives it a rich and creamy texture. The dough is typically shaped into a round or oblong loaf and decorated with a cross on","romaniaassistant

It sounds like you're referring to a traditional Romanian Easter bread!

In Romania, a sweet, leavened bread is a staple during Easter celebrations, often prepared in advance to be served on Easter Sunday. This bread is typically made with yeast, flour, sugar, eggs, and butter, and is often flavored with vanilla or other sweet spices.

The bread is usually shaped into a round or oval form and decorated with a cross or other Easter-themed designs. It's a symbol of new life and renewal",22.699617887647083,0.8802303075790405,0.8798828125,-6.96875,-0.00390625,0,-77.30038211235296,-0.24951976537704468,-0.11976969242095947,-0.11962890625,0
L3.2-3B,11,global,50,natural_questions,when did united states enter world war i,     when         did      united     states            enter         world       war    i     ,0.7283654808998108,"iassistant

The United States entered World War I on April 6, 1917, when Congress declared war on Germany. This decision was made after a series of events, including:

1. Germany's resumption of unrestricted submarine warfare, which led to the sinking of several American ships, including the passenger ship Lusitania in May 1915.
2. The Zimmermann Telegram, sent by Germany to Mexico in January 1917, which proposed an alliance between Germany and Mexico in the event of","enter         world       war    iassistant

The United States entered World War I on April 6, 1917.",1.1780158058511718,0.8087294101715088,0.908203125,2.3125,-0.0576171875,1,-98.82198419414887,-0.2716345191001892,-0.19127047061920166,-0.09130859375,1
L3.2-3B,12,global,50,natural_questions,where do secondary xylem and phloem cells arise from,      where          do      secondary   xylem     and        phloem         cells      arise         from  ,0.7333301901817322,"Secondary xylem and phloem cells arise from the vascular cambium, a type of meristematic tissue found in plants. The vascular cambium is a layer of undifferentiated cells that lies between the primary xylem and phloem tissues in the stem and roots of woody plants.

The vascular cambium is responsible for producing new xylem and phloem cells through a process called secondary growth. This process involves the differentiation of the cambial cells into xylem","fromassistant

Secondary xylem and phloem cells arise from the vascular cambium, which is a type of meristematic tissue found in plants. The vascular cambium is a layer of undifferentiated cells that lies between the primary xylem and phloem tissues in the stem and roots of woody plants.

The vascular cambium has two types of cells: fusiform initials and ray initials. Fusiform initials are elongated cells that divide to form the xylem and phloem",64.97227767662811,0.9392014741897584,0.982421875,1.5625,-0.042236328125,0,-35.02772232337193,-0.2666699290275574,-0.06079846620559681,-0.017578125,0
L3.2-3B,13,global,50,natural_questions,when was modem invented and in which country,      when             was     modem          invented       and    in        which      country    ,0.6997496485710144,"countryassistant

The modem (modulator-demodulator) was invented in the 1950s. The first modem was developed in the United States in 1958 by Dennis Hayes and Dale Heatherington, who founded Hayes Microcomputer Products. However, the concept of modems dates back to the early 20th century.

The first commercial modem was the Bell 101, developed by AT&T in 1958. It was a dial-up modem that used a 110-baud (bits per second)","and    in        which      countryassistant

The modem was invented in 1958 by Dennis Hayes and Dale Heatherington in the United States.",3.067096372827079,0.8316522836685181,0.9365234375,1.15625,-0.0673828125,1,-96.93290362717296,-0.30025047063827515,-0.16834771633148193,-0.0634765625,1
L3.2-3B,14,global,50,natural_questions,who sings the song one thing leads to another,       who              sings     the       song      one    thing         leads       to     another ,0.7384485602378845,"assistant

The song ""One Thing Leads to Another"" is performed by the British band The Fixx. It was released in 1983 and became one of the band's most popular singles, reaching the top 10 in several countries, including the US, UK, and Australia.","leads       to     anotherassistant

I couldn't find a well-known song with the exact title ""One Thing Leads to Another."" However, I think you might be thinking of the song ""One Thing Leads to Another"" by The Fixx.",17.576802366475228,0.8442432284355164,0.77294921875,1.671875,-0.004150390625,0,-82.42319763352481,-0.2615514397621155,-0.15575677156448364,-0.22705078125,0
L3.2-3B,15,global,50,natural_questions,where did the term 'robot' come from,      where              did       the       term    'robot'      come        from          ,0.7344897389411926,"assistant

The term ""robot"" has a fascinating history. It was coined by the Czech playwright Karel Čapek in his 1920 play ""R.U.R."" (Rossum's Universal Robots). Čapek, a science fiction writer, derived the word ""robot"" from the Czech word ""robota,"" which means ""forced labor"" or ""drudgery."" He combined it with the suffix ""-ot,"" which is a diminutive form, to create the word ""robot.""

Čape","'robot'      come        fromassistant

The term ""robot"" has a fascinating history. It was coined by the Czech playwright Karel Čapek in his 1920 play ""R.U.R."" (Rossum's Universal Robots). Čapek, a science fiction writer, derived the word ""robot"" from the Czech word ""robota,"" which means ""forced labor"" or ""drudgery."" He combined it with the suffix ""-ot,"" which is a diminutive form, to create the word ""robot.""

Čape",96.85820111339862,0.9637209177017212,0.97314453125,1.25,0.006103515625,0,-3.1417988866014213,-0.2655102610588074,-0.03627908229827881,-0.02783203125,0
L3.2-3B,0,global,100,natural_questions,who did deion sanders go in the hall of fame as,      who                   did               deion         sanders        go           in     the     hall         of           fame             as     ,0.7144979238510132,Deion Sanders was inducted into the Pro Football Hall of Fame in 2011. He was inducted as a member of the Atlanta Falcons and the Dallas Cowboys.,"assistant

Deion Sanders was inducted into the Pro Football Hall of Fame in 2011.",36.39014952516981,0.9232721328735352,0.78564453125,-5.2734375,0.034423828125,0,-63.60985047483023,-0.2855020761489868,-0.07672774791717529,-0.21533203125,0
L3.2-3B,1,global,100,natural_questions,what is the title of the person who runs the house of representatives,         what                is        the           title     of           the          person       who    runs       the     house          of     representatives             ,0.7105181217193604,The title of the person who runs the House of Representatives is the Speaker of the House.,"The title of the person who runs the House of Representatives is the ""Speaker of the House.""",80.3154665668484,0.9743176102638244,0.9326171875,0.13671875,-0.14862060546875,0,-19.684533433151643,-0.28948187828063965,-0.025682389736175648,-0.0673828125,0
L3.2-3B,2,global,100,natural_questions,why did france decide to aid the united states in its war for independence,    why            did           france        decide      to         aid       the         united         states             in    its   war       for          independence     ,0.7052853107452393,"France decided to aid the United States in its war for independence from Great Britain in 1778, after several factors contributed to this decision. Here are some key reasons:

1. **Enmity with Great Britain**: France and Great Britain had a long-standing rivalry, dating back to the Seven Years' War (1756-1763). France was dissatisfied with the Treaty of Paris, which ended the war and ceded Canada to Britain. France also felt that Britain was trying to limit its","France decided to aid the United States in its war for independence from Great Britain in several key ways:

1. **Enlightenment Ideals**: France was influenced by the Enlightenment, a philosophical movement that emphasized reason, individual rights, and democracy. The French Revolution had just begun in 1789, and the French people were sympathetic to the American cause, seeing parallels between the two revolutions.
2. **Economic Interests**: France had significant economic interests in the American colonies, including trade and commerce",24.41508924183397,0.8898758888244629,0.97021484375,1.640625,-0.0224609375,0,-75.58491075816607,-0.29471468925476074,-0.11012411117553711,-0.029296875,0
L3.2-3B,3,global,100,natural_questions,yo la tengo theres a riot going on release date,              yo                        la            tengo          theres           a        riot           going           on       release      date         ,0.695189356803894,"assistant

""Yo La Tengo"" is a band known for their eclectic and experimental sound. ""There's a Riot Going On"" is indeed a song by the band, and it was released in 1990 on their album ""Pain and Suffering"".","release      dateassistant

It looks like you're quoting a song lyric. Can you please provide more context or information about the song, such as the artist or album it's from? I'd be happy to help you identify the song and provide more information about it.",2.215443967446686,0.8236297369003296,0.49560546875,-16.75,-0.00048828125,0,-97.78455603255335,-0.30481064319610596,-0.1763702630996704,-0.50439453125,0
L3.2-3B,4,global,100,natural_questions,who played the hobbits in the lord of the rings,    who              played         the          hobbits          in          the            lord             of        the                  rings     ,0.7062392234802246,"assistant

Here's a list of the main hobbits in J.R.R. Tolkien's ""The Lord of the Rings"" and the actors who played them in the 2001-2003 film trilogy:

1. Frodo Baggins (played by Elijah Wood)
2. Samwise Gamgee (played by Sean Astin)
3. Meriadoc Brandybuck (played by Dominic Monaghan)
4. Peregrin Took (played by Billy Boyd)
5. Bilbo Bagg","ringsassistant

Here's a list of the main hobbits in J.R.R. Tolkien's ""The Lord of the Rings"" and the actors who played them in the 2001-2003 film trilogy:

1. Frodo Baggins (played by Elijah Wood)
2. Samwise Gamgee (played by Sean Astin)
3. Meriadoc Brandybuck (played by Dominic Monaghan)
4. Peregrin Took (played by Billy Boyd)
5. Bilbo Bagg",98.74188792217664,0.98388934135437,0.95654296875,3.296875,0.00830078125,0,-1.258112077823398,-0.29376065731048584,-0.01611059904098522,-0.04345703125,0
L3.2-3B,5,global,100,natural_questions,who played the doctor in band of brothers,      who                  played               the             doctor               in              band          of             brothers         ,0.7023324370384216,"brothersassistant

The character of Captain Richard Winters, the leader of Easy Company, 2nd Battalion, 506th Parachute Infantry Regiment, 101st Airborne Division, in the HBO miniseries ""Band of Brothers"" was played by actor Damian Lewis.

However, the character of the doctor in the show was actually Dr. John ""Doc"" Deering, played by actor Donnie Wahlberg's friend, actor Donnie Wahlberg's friend,  actor  Donnie's friend,","in              band          of             brothersassistant

The character of the doctor in the TV series ""Band of Brothers"" was played by actor Donnie Wahlberg.",7.712323819396786,0.7911153435707092,0.796875,-4.5625,0.033203125,1,-92.28767618060326,-0.29766756296157837,-0.20888453722000122,-0.203125,1
L3.2-3B,6,global,100,natural_questions,short notes on characters of merchant of venice,            short                    notes                   on           characters         of       merchant               of              venice            ,0.7015567421913147,"assistant

Here are some key character notes on the main characters in William Shakespeare's ""The Merchant of Venice"":

1. **Shylock**: The main antagonist, a Jewish moneylender who seeks revenge against Antonio for a past debt. He is intelligent, cunning, and ruthless.

2. **Antonio**: The wealthy merchant who borrows money from Shylock to finance his voyage. He is a complex character, showing both generosity and cowardice.

3. **Portia**: The wealthy heiress","merchant               of              veniceassistant

Here are some key notes on the characters of the Merchant of Venice:

**1. Shylock:**

* A Jewish moneylender who lends money at exorbitant interest rates
* Intelligent, cunning, and calculating, but also emotional and vengeful
* His desire for revenge against Antonio and the Christian community drives the plot
* His famous speech in Act 3, Scene 1, is a powerful expression of his resentment and frustration

**2. Antonio:**

* A",12.109417529774731,0.846336305141449,0.841796875,-5.375,-0.005859375,0,-87.89058247022531,-0.2984434962272644,-0.15366357564926147,-0.1591796875,0
L3.2-3B,7,global,100,natural_questions,did the movie rocky win any academy awards,             did                           the               movie                  rocky          win        any           academy       awards           ,0.6919428706169128,"awardsassistant

Yes, the movie ""Rocky"" (1976) won several Academy Awards. At the 49th Academy Awards in 1977, ""Rocky"" won three Oscars:

1. Best Picture: John G. Avildsen, Robert Chartoff, and Irwin Winkler
2. Best Director: John G. Avildsen
3. Best Film Editing: Richard Halsey and Scott Conrad

Additionally, the film was nominated for seven other categories, including Best Actor","win        any           academy       awardsassistant

Yes, the movie ""Rocky"" (1976) won several Academy Awards. Here are some of its notable wins:

1. Best Picture: ""Rocky"" won the Academy Award for Best Picture in 1977.
2. Best Director: John G. Avildsen won the Academy Award for Best Director for his work on ""Rocky"".
3. Best Actor: Sylvester Stallone won the Academy Award for Best Actor in a Leading Role for his portrayal of Rocky Balboa.",34.86894293820221,0.8766293525695801,0.90234375,1.53125,0.003173828125,0,-65.13105706179783,-0.3080569505691527,-0.12337064743041992,-0.09716796875,0
L3.2-3B,8,global,100,natural_questions,where does the show the path take place,          where                     does          the            show              the                path             take         place            ,0.7027585506439209,"placeassistant

The TV series ""The Path"" is set in the fictional town of Meyerism, which is modeled after the real-life town of New York City, but is actually filmed in various locations in New York and New Jersey.","the                path             take         placeassistant

It seems like you're listing words that are related to a TV show, but you haven't specified which show. However, I can try to make an educated guess based on the words you've listed.

Is the show you're thinking of ""The Walking Dead""? The show takes place in a post-apocalyptic world where a group of survivors must navigate a treacherous path through a world overrun by zombies.

If that's not the show, please let me know and I can try to guess again",1.5194829189779642,0.7985754013061523,0.6943359375,-8.78125,0.1044921875,0,-98.48051708102207,-0.29724133014678955,-0.20142441987991322,-0.306640625,0
L3.2-3B,9,global,100,natural_questions,when did michigan last win a national championship,     when                   did              michigan        last          win              a               national               championship            ,0.7073541879653931,"assistant

The University of Michigan Wolverines have won several national championships in various sports. Here are some of their recent national championships:

* Football: The University of Michigan Wolverines last won a national championship in football in 1997, when they finished the season with a 12-0 record and won the AP Poll national championship.

* Basketball: The University of Michigan Wolverines men's basketball team last won a national championship in 1989, when they won the NCAA Tournament under coach Steve Fisher.

*","a               national               championshipassistant

The University of Michigan Wolverines last won a national championship in football in 1997.",1.3254754398669253,0.7961998581886292,0.93505859375,-6.375,0.00830078125,1,-98.67452456013312,-0.29264581203460693,-0.20380014181137085,-0.064453125,1
L3.2-3B,10,global,100,natural_questions,sweet leavened bread prepared for easter in romania,         sweet                       leavened             bread                  prepared                  for           easter   in          romania           ,0.7148802280426025,"You're referring to ""Pâine cu smântână"" or ""Pâine cu smântână"" in Romanian, which is a traditional sweet bread prepared for Easter in Romania.

Pâine cu smântână is a sweet bread made with yeast, flour, sugar, eggs, and sour cream (or sometimes milk), which gives it a rich and creamy texture. The dough is typically shaped into a round or oblong loaf and decorated with a cross on","romaniaassistant

It seems like you're listing some traditional Romanian Easter foods. Here are a few more items that are commonly associated with Easter in Romania:

- Pască (also known as Pască de Paște): a sweet bread that is traditionally baked on Easter Sunday.
- Mămăligă: a traditional polenta made from cornmeal, often served with sour cream, cheese, and bacon.
- Cozonac: a sweet bread that is typically baked on Easter Sunday and is often filled",4.8185807691084745,0.858710765838623,0.77978515625,-18.625,0.060546875,0,-95.18141923089156,-0.2851197123527527,-0.14128923416137695,-0.2197265625,0
L3.2-3B,11,global,100,natural_questions,when did united states enter world war i,             when                      did               united               states       enter           world                  war        i           ,0.7097018957138062,"iassistant

The United States entered World War I on April 6, 1917, when Congress declared war on Germany. This decision was made after a series of events, including:

1. Germany's resumption of unrestricted submarine warfare, which led to the sinking of several American ships, including the passenger ship Lusitania in May 1915.
2. The Zimmermann Telegram, sent by Germany to Mexico in January 1917, which proposed an alliance between Germany and Mexico in the event of","enter           world                  war        iassistant

The United States entered World War I on April 6, 1917.",1.1780158058511718,0.7660656571388245,0.81884765625,9.15625,-0.06982421875,1,-98.82198419414887,-0.29029810428619385,-0.233934223651886,-0.1806640625,1
L3.2-3B,12,global,100,natural_questions,where do secondary xylem and phloem cells arise from,        where              do        secondary            xylem                  and        phloem           cells          arise                 from          ,0.711240291595459,"Secondary xylem and phloem cells arise from the vascular cambium, a type of meristematic tissue found in plants. The vascular cambium is a layer of undifferentiated cells that lies between the primary xylem and phloem tissues in the stem and roots of woody plants.

The vascular cambium is responsible for producing new xylem and phloem cells through a process called secondary growth. This process involves the differentiation of the cambial cells into xylem","fromassistant

Secondary xylem and phloem cells arise from the vascular cambium, which is a type of meristematic tissue found in plants. The vascular cambium is a layer of undifferentiated cells that lies between the primary xylem and phloem tissues in the stem and roots of woody plants.

The vascular cambium has two types of cells: fusiform initials and ray initials. Fusiform initials are elongated cells that give rise to the xylem and phloem",64.97227767662811,0.9386199712753296,0.96337890625,1.9375,-0.0595703125,0,-35.02772232337193,-0.28875982761383057,-0.061379969120025635,-0.03662109375,0
L3.2-3B,13,global,100,natural_questions,when was modem invented and in which country,         when                        was           modem                  invented       and          in           which           country               ,0.700689435005188,"countryassistant

The modem (modulator-demodulator) was invented in the 1950s. The first modem was developed in the United States in 1958 by Dennis Hayes and Dale Heatherington, who founded Hayes Microcomputer Products. However, the concept of modems dates back to the early 20th century.

The first commercial modem was the Bell 101, developed by AT&T in 1958. It was a dial-up modem that used a 110-baud (bits per second)","and          in           which           countryassistant

The modem was invented in 1958 by Dennis Hayes and Dale Heatherington in the United States.",3.067096372827079,0.7944455146789551,0.865234375,-0.1875,-0.07666015625,1,-96.93290362717296,-0.29931068420410156,-0.20555448532104492,-0.134765625,1
L3.2-3B,14,global,100,natural_questions,who sings the song one thing leads to another,             who                       sings               the            song      one        thing         leads              to        another             ,0.7091112732887268,"assistant

The song ""One Thing Leads to Another"" is performed by the British band The Fixx. It was released in 1983 and became one of the band's most popular singles, reaching the top 10 in several countries, including the US, UK, and Australia.","leads              to        anotherassistant

I couldn't find a well-known song with the exact title ""One Thing Leads to Another."" However, I think I can help you identify the song you might be thinking of.

The song ""One Thing Leads to Another"" is actually by the British band The Fixx, from their 1983 album ""Reach the Beach."" The song was released as a single and became a hit, reaching the top 10 in several countries, including the US, where it peaked at number 4 on the",27.58969855731592,0.873949408531189,0.7578125,1.515625,-0.009033203125,0,-72.41030144268413,-0.2908887267112732,-0.12605059146881104,-0.2421875,0
L3.2-3B,15,global,100,natural_questions,where did the term 'robot' come from,                 where                            did             the         term                'robot'             come                   from        ,0.6946111917495728,"assistant

The term ""robot"" has a fascinating history. It was coined by the Czech playwright Karel Čapek in his 1920 play ""R.U.R."" (Rossum's Universal Robots). Čapek, a science fiction writer, derived the word ""robot"" from the Czech word ""robota,"" which means ""forced labor"" or ""drudgery."" He combined it with the suffix ""-ot,"" which is a diminutive form, to create the word ""robot.""

Čape","'robot'             come                   fromassistant

The term ""robot"" has a fascinating history. It was coined by the Czech playwright Karel Čapek in his 1920 play ""R.U.R."" (Rossum's Universal Robots). Čapek, a science fiction writer, derived the word ""robot"" from the Czech word ""robota,"" which means ""forced labor"" or ""drudgery."" He combined it with the suffix ""-ot,"" which is a diminutive form, to create the word ""robot.""

Čape",96.85820111339862,0.9327743649482728,0.92724609375,3.09375,0.015625,0,-3.1417988866014213,-0.30538880825042725,-0.06722563505172718,-0.07373046875,0
