model,prompt_id,place,strength,category,prompt_orig,prompt_pert,bertscore_prompt,response_orig,response_pert,bleu,bertscore_response,activation_similarity,delta_log_prob,entropy_shift,mirroring_rate,delta_bleu,delta_bertscore_prompt,delta_bertscore_response,delta_activation_similarity,delta_mirroring_rate
G-7B,0,global,0.25,alpaca,"Instruction:
What would be the best type of exercise for a person who has arthritis?",Best exercise for arthritis?,0.9094670414924622,"user
Instruction:
What would be the best type of exercise for a person who has arthritis?
model
The best type of exercise for a person with arthritis will depend on the specific type of arthritis and the individual's overall health and fitness level. However, some general guidelines can help you choose the best exercises:

**Low-impact exercises:**

* **Walking:** Moderate-intensity walking is a great way to improve cardiovascular health, reduce inflammation, and increase range of motion.
* **Water exercises:** Swimming, water aerobics, and tai chi are low-impact exercises that can help reduce","model
The best exercise for arthritis depends on the specific type of arthritis you have and your overall fitness level. However, some general guidelines can help you get started:

**Low-impact exercises:**

* **Walking:** A safe and accessible exercise that can improve range of motion, strength, and endurance.
* **Water aerobics:** Low-impact and gentle on joints, improving flexibility and strength.
* **Tai chi:** A mind-body exercise that promotes balance, flexibility, and strength.",33.544376060909066,0.9204723834991456,0.98486328125,-52.375,0.10791015625,0.0,-66.45562393909097,-0.09053289890289307,-0.07952761650085438,-0.01513671875,-1.0
G-7B,1,global,0.25,alpaca,"Instruction:
Calculate the atomic mass for lithium.",Lithium's atomic mass?,0.8980207443237305,"user
Instruction:
Calculate the atomic mass for lithium.
model
Sure, here is the calculation for the atomic mass of lithium:

The atomic mass of lithium is 6.9409(2) u.

The number in parentheses indicates the uncertainty in the last digit.",Lithium's atomic mass is 6.9409(2) u.,1.5818524479871872,0.886564314365387,0.978515625,-31.25,0.12109375,0.0,-98.41814755201285,-0.10197919607162476,-0.11343562602996826,-0.021484375,-1.0
G-7B,2,global,0.25,alpaca,"Instruction:
Convert the following binary code to ASCII characters.

Input:
01110101 01100001 01110010 01101001 01110100",Convert binary to ASCII.,0.8685769438743591,"Sure, here is the ASCII conversion for the given binary code:

**Answer:** HOLA

The binary code is converted to ASCII characters as follows:

01110101 = H
01100001 = O
01110010 = L
01101001 = A
01110100 = H","model
Sure, please provide me with the binary number you want me to convert and I will convert it to ASCII.",1.896174845883392,0.8275722861289978,0.96337890625,-131.078125,0.185791015625,0.0,-98.10382515411665,-0.13142305612564087,-0.1724277138710022,-0.0361328125,-1.0
G-7B,3,global,0.25,alpaca,"Instruction:
Take this sentence and make it more descriptive: She was scared.

Input:
She was scared.",She felt fear.,0.8701421022415161,"user
Instruction:
Take this sentence and make it more descriptive: She was scared.

Input:
She was scared.
model
Sure, here is the more descriptive version of the sentence:

She was trembling with fear, her heart pounding in her chest, her stomach churning, and her breath quickening.","model
Sure, here is the completed sentence:

She felt fear as she climbed the tall tree, knowing that she was high above the ground.",8.301671544665671,0.8706510066986084,0.9677734375,-115.5625,0.181640625,0.0,-91.69832845533438,-0.1298578977584839,-0.1293489933013916,-0.03173828125,-1.0
G-7B,4,global,0.25,alpaca,"Instruction:
Brainstorm 3 possible ideas to promote the following product

Input:
New motorized skateboard",Promote motorized skateboard.,0.892802357673645,"user
Instruction:
Brainstorm 3 possible ideas to promote the following product

Input:
New motorized skateboard
model
1. **Urban Adventure Challenge:** Showcase the board's versatility through a series of urban challenges, highlighting its maneuverability and speed on various terrains.

2. **Board Jam Session:** Organize a community skateboarding event featuring professional skaters showcasing tricks and skills, while inviting participants to join in.

3. **Interactive Online Experience:** Create a virtual skateboarding course with interactive tutorials and challenges, allowing users to learn and practice at their own pace.","model
## Motorized Skateboard Ideas:

**For Beginners:**

* **Electric Skateboard:**  A classic choice for beginners, offering a smooth and stable ride with minimal effort.
* **Onewheel:**  A unique and intuitive board that simplifies balancing and navigation.
* **Electric Longboard:**  Offers a longer deck for stability and a more relaxed ride.
* **Electric Penny Board:**  Compact and lightweight, perfect for navigating tight spaces and hills.

**For Advanced Riders",5.401353643385891,0.8546136617660522,0.93310546875,-111.75,0.23193359375,0.0,-94.59864635661415,-0.10719776153564453,-0.14538633823394775,-0.06689453125,-1.0
G-7B,5,global,0.25,alpaca,"Instruction:
Rewrite the sentence using imperative mood.

Input:
Please pick up the book from the shelf.",Pick up the book.,0.8882315158843994,"user
Instruction:
Rewrite the sentence using imperative mood.

Input:
Please pick up the book from the shelf.
model
Sure, here is the rewritten sentence in imperative mood:

Pick up the book from the shelf.","model
Sure, I am not able to physically interact with any books, therefore I am unable to complete the request of ""Pick up the book.""",8.295295666704728,0.8525270223617554,0.78076171875,-90.5625,0.278076171875,0.0,-91.70470433329531,-0.11176848411560059,-0.14747297763824463,-0.21875,-1.0
G-7B,6,global,0.25,alpaca,"Instruction:
Describe a picnic vacation where four people are travelling together.

Input:
Four people are travelling together to a picnic vacation.",Four people on a picnic trip.,0.8802394866943359,":
Describe a picnic vacation where four people are travelling together.

Input:
Four people are travelling together to a picnic vacation.
model
In the quaint town of Willow Creek, where verdant meadows danced with wildflowers, four dear friends embarked on a delightful picnic vacation. Emily, the vivacious leader, meticulously planned the itinerary, ensuring a day filled with joy and memories.

As the sun cast long shadows across the ground, the group set off on their journey. The journey was filled with laughter and stories, each person sharing their unique experiences. Michael, the witty comedian, cracked jokes that had the others roaring with laughter. Sarah,","Sure, here's the story:

Four people, Alice, Bob, Charlie, and Dave, decided to go on a picnic trip to the park. They packed plenty of food, drinks, and games to bring along.

On the day of the picnic, they drove to the park and found a shady spot under a big tree. They spread out a picnic blanket and began setting up their food and drinks.

As they were setting up, Alice started to play some music. Bob brought",2.6303563616919017,0.8543919324874878,0.978515625,-74.0625,0.19580078125,0.0,-97.36964363830815,-0.11976051330566406,-0.1456080675125122,-0.021484375,-1.0
G-7B,7,global,0.25,alpaca,"Instruction:
Explain the concept of Big Data and what it means for companies and customers.",What is Big Data?,0.9180987477302552,"user
Instruction:
Explain the concept of Big Data and what it means for companies and customers.
model
**Big Data**

Big Data refers to the vast and ever-growing amount of structured and unstructured data generated from various sources, including customer interactions, social media, sensors, and IoT devices. It is characterized by its high volume, velocity, variety, and veracity.

**Key Characteristics of Big Data:**

* **Volume:** Enormous size, often petabytes or exabytes, making it too large for traditional data processing methods to handle.
* **Velocity:** Data flows rapidly","model
Big Data is a term used to describe the vast and ever-growing amount of structured and unstructured data that is generated by individuals, businesses, and sensors. It is characterized by its volume, velocity, variety, and veracity.

**Key characteristics of Big Data:**

* **Volume:** The sheer size of Big Data sets, often measured in petabytes or exabytes, makes it too large for traditional data processing methods to handle.
* **Velocity:** Big Data is generated at an",50.22393202032608,0.9333481788635254,0.974609375,-50.9375,0.14892578125,0.0,-49.77606797967396,-0.08190113306045521,-0.06665182113647461,-0.02490234375,-1.0
G-7B,8,global,0.25,alpaca,"Instruction:
Analyze the given phrase in terms of its connotations.

Input:
Wild goose chase",Futile pursuit,0.8494517207145691,"user
Instruction:
Analyze the given phrase in terms of its connotations.

Input:
Wild goose chase
model
Sure, here is the analysis of the phrase ""wild goose chase"" in terms of its connotations:

**Connotations:**

* **Futility:** The phrase ""wild goose chase"" evokes a sense of futility and wasted effort. It suggests that the pursuit is unlikely to be successful and that the time and resources spent on it are not worth it.
* **Impracticality:** The phrase also conveys a sense of impracticality and impossibility. It implies that the goal is too far-","model
**Definition:**

Futile pursuit is a pursuit that is unlikely to be successful or have a significant impact. It is an endeavor that is likely to be unproductive, pointless, or even harmful.

**Examples:**

* Trying to find a solution to a problem that is beyond solution.
* Pursuing a goal that is unrealistic or too distant.
* Engaging in a conversation with someone who is not listening or is not interested in what you have to say.
* Spending time on a",8.870687731633355,0.844275176525116,0.962890625,-99.125,0.081787109375,0.0,-91.12931226836669,-0.15054816007614136,-0.15572482347488403,-0.0380859375,-1.0
G-7B,9,global,0.25,alpaca,"Instruction:
List three potential sources for the following research problem.

Input:
What are the benefits of online learning?",Online learning benefits?,0.8953317403793335,"user
Instruction:
List three potential sources for the following research problem.

Input:
What are the benefits of online learning?
model
Sure, here are the three potential sources for the research problem:

1. **""The Benefits of Online Learning Compared to Traditional Learning Methods"" by the International Society for Technology in Education (ISTE)**
2. **""Benefits of Online Learning for Students"" by the University of North Georgia**
3. **""Benefits of Online Learning for Students and Professionals"" by the Commonwealth University of Australia**","model
**Benefits of Online Learning:**

**1. Flexibility:**
- Learners can study at their own pace and time, from anywhere with an internet connection.
- No need to adhere to a fixed schedule or travel to a physical classroom.

**2. Convenience:**
- Learning materials and resources are readily available online, saving time and travel expenses.
- No need to commute to a classroom or arrange for childcare.

**3. Accessibility:**
- Online learning platforms provide access to educational",10.18204492302483,0.8270246386528015,0.978515625,-97.8125,0.25048828125,0.0,-89.81795507697521,-0.10466814041137695,-0.1729753613471985,-0.0224609375,-1.0
G-7B,10,global,0.25,alpaca,"Instruction:
Arrange the following countries in ascending order of GDP per capita.

Input:
China, US, India, Japan",Order countries by GDP.,0.8856433629989624,"user
Instruction:
Arrange the following countries in ascending order of GDP per capita.

Input:
China, US, India, Japan
model
Sure, here is the arrangement in ascending order of GDP per capita:

1. India
2. Japan
3. China
4. US","model
Here is a list of countries ordered by GDP (nominal) for 2023:

1. USA - $26.5 trillion
2. China - $17.7 trillion
3. Japan - $4.9 trillion
4. Eurozone - $16.5 trillion
5. Canada - $1.7 trillion
6. South Korea - $1.6 trillion
7. Brazil - $2.2 trillion
8. India - $",4.19183834495584,0.8477310538291931,0.9765625,-71.875,0.314208984375,0.0,-95.8081616550442,-0.11435657739639282,-0.15226894617080688,-0.0244140625,-1.0
G-7B,11,global,0.25,alpaca,"Instruction:
Name the boat depicted in the provided photo.

Input:
Attached photo",Boat name?,0.8517072200775146,"user
Instruction:
Name the boat depicted in the provided photo.

Input:
Attached photo
model
I do not have access to any external sources or attachments, therefore I cannot name the boat in the photo.","model
The text does not mention a boat name, therefore I cannot name the boat.",10.688537371698084,0.8862329721450806,0.9892578125,-100.75,0.15576171875,0.0,-89.31146262830195,-0.14829277992248535,-0.11376702785491943,-0.0107421875,-1.0
G-7B,12,global,0.25,alpaca,"Instruction:
Edit the grammar and punctuation of the given sentence.

Input:
Humor is one of the most important ingredients of life",Humor is essential to life.,0.9062184691429138,"Instruction:
Edit the grammar and punctuation of the given sentence.

Input:
Humor is one of the most important ingredients of life
model
Sure, here is the edited version of the sentence:

Humor is one of the most important ingredients of life.

Edited:
Humor is one of the most important ingredients of life.","**Response:**

Humor is an integral part of human existence, bringing joy, reducing stress, and fostering social connections. It is a universal language that transcends cultures, languages, and backgrounds.

**Benefits of Humor:**

* **Stress reduction:** Humor has a natural ability to release endorphins, which have mood-boosting effects.
* **Laughter:** The act of laughing releases endorphins, reducing stress and improving mood.
* **Social bonding:** Humor can bring people together, creating",1.166607394566049,0.8187230825424194,0.94091796875,-106.0625,0.31011962890625,0.0,-98.833392605434,-0.09378135204315174,-0.1812768578529358,-0.05859375,-1.0
G-7B,13,global,0.25,alpaca,"Instruction:
Calculate the length of the hypotenuse in the following triangle.

Input:
![alt text](https://www.onlinemathlearning.com/image-files/triangle-hypotenuse-length.png ""Right Triangle"")",Find hypotenuse length.,0.8389397859573364,"Triangle"")
model
**Formula for the length of the hypotenuse:**

The length of the hypotenuse (h) in a right triangle is given by the formula:

```
h = √(a^2 + b^2)
```

where a and b are the lengths of the other two sides.

**Given information:**

a = 5
b = 12

**Substituting these values into the formula:**

```
h = √(5^2 +","Sure, please provide me with the information about the other two sides of the right triangle and I will find the length of the hypotenuse.",1.819156165236688,0.824819803237915,0.98046875,-20.5625,0.0338134765625,0.0,-98.18084383476335,-0.1610601544380188,-0.17518019676208496,-0.01904296875,-1.0
G-7B,14,global,0.25,alpaca,"Instruction:
How many instruments does a symphony orchestra typically have?",Symphony orchestra instruments?,0.8980957865715027,"user
Instruction:
How many instruments does a symphony orchestra typically have?
model
The answer is 43. A symphony orchestra typically has a total of 43 instruments.","model
The size of an orchestra can vary greatly depending on the type of orchestra and the specific musical style it performs. However, there are some general guidelines:

**Common Orchestra Sizes:**

* **Symphony Orchestra:** Typically consists of 40-60 musicians, divided into four sections: strings, woodwinds, brass, and percussion.
* **Philharmonic Orchestra:** Similar to a symphony orchestra, but slightly smaller, with around 50-60 musicians.
* **Chamber Orchestra",2.0185836690812065,0.8428094983100891,0.9873046875,-22.1875,0.3818359375,0.0,-97.98141633091883,-0.10190403461456288,-0.1571905016899109,-0.0126953125,-1.0
G-7B,15,global,0.25,alpaca,"Instruction:
Summarize the phrase: ""GPT is a natural language processing architecture.""",GPT is NLP architecture.,0.8911569714546204,"user
Instruction:
Summarize the phrase: ""GPT is a natural language processing architecture.""
model
Sure, here is a summary of the phrase ""GPT is a natural language processing architecture"":

GPT is an architecture for natural language processing. It is a type of language model that is able to understand and generate human-like text.","model
Yes, GPT is a type of Natural Language Processing (NLP) architecture.

GPT stands for Generative Pre-trained Transformer. It is a family of large language models (LLMs) based on the transformer architecture. Transformers are a type of neural network that is well-suited for tasks involving sequence-to-sequence learning, such as language translation and text summarization.

GPT is a pre-trained model, which means that it is trained on a massive amount of text data and then fine",9.46597204150962,0.8531466722488403,0.94189453125,-18.375,0.1923828125,0.0,-90.53402795849043,-0.10884302854537964,-0.14685332775115967,-0.05810546875,-1.0
G-7B,0,global,0.5,alpaca,"Instruction:
What would be the best type of exercise for a person who has arthritis?",What is the best exercise for someone with arthritis?,0.9445050954818726,"user
Instruction:
What would be the best type of exercise for a person who has arthritis?
model
The best type of exercise for a person with arthritis will depend on the specific type of arthritis and the individual's overall health and fitness level. However, some general guidelines can help you choose the best exercises:

**Low-impact exercises:**

* **Walking:** Moderate-intensity walking is a great way to improve cardiovascular health, reduce inflammation, and increase range of motion.
* **Water exercises:** Swimming, water aerobics, and tai chi are low-impact exercises that can help reduce","There isn't a single ""best"" exercise for someone with arthritis, as it depends on the individual's specific condition and goals. However, some exercises are generally considered beneficial for people with arthritis:

**Low-impact exercises:**

* **Walking:** Low-impact and easy to modify for different fitness levels.
* **Tai chi:** Gentle and low-impact exercise that improves balance, flexibility, and strength.
* **Water aerobics:** Low-impact and can be done",22.36532556416587,0.909146010875702,0.98779296875,-50.625,0.11669921875,0.0,-77.63467443583417,-0.055494844913482666,-0.09085398912429798,-0.01220703125,-1.0
G-7B,1,global,0.5,alpaca,"Instruction:
Calculate the atomic mass for lithium.",Calculate lithium's atomic mass.,0.9414466619491576,"user
Instruction:
Calculate the atomic mass for lithium.
model
Sure, here is the calculation for the atomic mass of lithium:

The atomic mass of lithium is 6.9409(2) u.

The number in parentheses indicates the uncertainty in the last digit.","model
Sure, here is the calculation for lithium's atomic mass:

Lithium has two stable isotopes: lithium-6 and lithium-7.

* Lithium-6 has an atomic mass of 6.01515.
* Lithium-7 has an atomic mass of 7.01693.

The weighted average atomic mass of lithium is:

$$A_r = (6.01515\times1.01%) + (7",20.569803822255444,0.873115062713623,0.98583984375,-14.625,0.10107421875,0.0,-79.43019617774459,-0.05855327844619762,-0.12688487768173218,-0.01416015625,-1.0
G-7B,2,global,0.5,alpaca,"Instruction:
Convert the following binary code to ASCII characters.

Input:
01110101 01100001 01110010 01101001 01110100",Convert binary code to ASCII characters.,0.8749483823776245,"Sure, here is the ASCII conversion for the given binary code:

**Answer:** HOLA

The binary code is converted to ASCII characters as follows:

01110101 = H
01100001 = O
01110010 = L
01101001 = A
01110100 = H","model
Sure, here is a function to convert binary code to ASCII characters:

```python
def binary_to_ascii(binary):
  """"""Converts a binary number to an ASCII character.

  Args:
    binary: A binary number.

  Returns:
    An ASCII character.
  """"""

  # Convert the binary number to an integer.
  ascii_value = int(binary, 2)

  # Return the ASCII character.
  return",5.345137572833362,0.8087761402130127,0.962890625,-124.453125,0.1572265625,0.0,-94.65486242716668,-0.1250516176223755,-0.1912238597869873,-0.03662109375,-1.0
G-7B,3,global,0.5,alpaca,"Instruction:
Take this sentence and make it more descriptive: She was scared.

Input:
She was scared.",She felt intense fear.,0.8636371493339539,"user
Instruction:
Take this sentence and make it more descriptive: She was scared.

Input:
She was scared.
model
Sure, here is the more descriptive version of the sentence:

She was trembling with fear, her heart pounding in her chest, her stomach churning, and her breath quickening.",".
model
Sure, here is the complete sentence:

She felt intense fear as she climbed the tall tree.",6.538640648736121,0.879831850528717,0.97216796875,-126.9375,0.22021484375,0.0,-93.46135935126392,-0.13636285066604614,-0.12016814947128296,-0.02734375,-1.0
G-7B,4,global,0.5,alpaca,"Instruction:
Brainstorm 3 possible ideas to promote the following product

Input:
New motorized skateboard",Suggest 3 ideas to promote a motorized skateboard.,0.9000777006149292,"user
Instruction:
Brainstorm 3 possible ideas to promote the following product

Input:
New motorized skateboard
model
1. **Urban Adventure Challenge:** Showcase the board's versatility through a series of urban challenges, highlighting its maneuverability and speed on various terrains.

2. **Board Jam Session:** Organize a community skateboarding event featuring professional skaters showcasing tricks and skills, while inviting participants to join in.

3. **Interactive Online Experience:** Create a virtual skateboarding course with interactive tutorials and challenges, allowing users to learn and practice at their own pace.","1. **Interactive Video Campaign:** Create a series of short, engaging videos showcasing the electric skateboard's versatility and ease of use. Feature diverse riders of all ages and skill levels riding in various settings, from city streets to park paths.

2. **Community Engagement:** Partner with local skatepark communities and influencers to organize events and challenges that highlight the electric skateboard's ability to enhance the skateboarding experience. Offer prizes and incentives for participants to share their experiences on social media.

3. **",16.947160442136166,0.8926711082458496,0.99658203125,-103.125,0.14208984375,0.0,-83.05283955786388,-0.09992241859436035,-0.10732889175415039,-0.00341796875,-1.0
G-7B,5,global,0.5,alpaca,"Instruction:
Rewrite the sentence using imperative mood.

Input:
Please pick up the book from the shelf.",Pick up the book from the shelf.,0.9018487930297852,"user
Instruction:
Rewrite the sentence using imperative mood.

Input:
Please pick up the book from the shelf.
model
Sure, here is the rewritten sentence in imperative mood:

Pick up the book from the shelf.","model
Sure, here is the answer:

**Pick up the book from the shelf.**

The phrase ""pick up the book from the shelf"" is a common phrase that is used to describe the action of retrieving a book from a shelf.",34.90864904171562,0.8676121234893799,0.849609375,-67.0625,0.2646484375,0.0,-65.09135095828442,-0.09815120697021484,-0.13238787651062012,-0.14990234375,-1.0
G-7B,6,global,0.5,alpaca,"Instruction:
Describe a picnic vacation where four people are travelling together.

Input:
Four people are travelling together to a picnic vacation.",Four people are going on a picnic vacation together.,0.8940016031265259,":
Describe a picnic vacation where four people are travelling together.

Input:
Four people are travelling together to a picnic vacation.
model
In the quaint town of Willow Creek, where verdant meadows danced with wildflowers, four dear friends embarked on a delightful picnic vacation. Emily, the vivacious leader, meticulously planned the itinerary, ensuring a day filled with joy and memories.

As the sun cast long shadows across the ground, the group set off on their journey. The journey was filled with laughter and stories, each person sharing their unique experiences. Michael, the witty comedian, cracked jokes that had the others roaring with laughter. Sarah,","Sure, here's the information about the four people going on a picnic vacation together:

**1. Name:** (Insert name here)
- Age: (Insert age here)
- Occupation: (Insert occupation here)
- Role in the group: (e.g. leader, planner, etc.)

**2. Name:** (Insert name here)
- Age: (Insert age here)
- Occupation: (Insert occupation here)
- Role in the group",2.332421836143471,0.8108738660812378,0.96875,-45.9375,0.11279296875,1.0,-97.66757816385658,-0.10599839687347412,-0.1891261339187622,-0.03125,0.0
G-7B,7,global,0.5,alpaca,"Instruction:
Explain the concept of Big Data and what it means for companies and customers.",What is Big Data's significance for companies and customers?,0.9280587434768676,"user
Instruction:
Explain the concept of Big Data and what it means for companies and customers.
model
**Big Data**

Big Data refers to the vast and ever-growing amount of structured and unstructured data generated from various sources, including customer interactions, social media, sensors, and IoT devices. It is characterized by its high volume, velocity, variety, and veracity.

**Key Characteristics of Big Data:**

* **Volume:** Enormous size, often petabytes or exabytes, making it too large for traditional data processing methods to handle.
* **Velocity:** Data flows rapidly","**Big Data Significance for Businesses:**

**1. Enhanced Decision-Making:**
- Provides a vast amount of data to analyze patterns, trends, and insights that enable informed decision-making.
- Allows businesses to optimize operations, customer strategies, and product offerings based on data-driven insights.

**2. Improved Customer Understanding:**
- Enables businesses to understand their customers better by analyzing their behavior, preferences, and interactions.
- Enables personalized marketing, customer segmentation, and improved customer service",9.516397829473618,0.8474868535995483,0.98974609375,-64.0625,0.0947265625,0.0,-90.48360217052642,-0.07194113731384288,-0.15251314640045166,-0.009765625,-1.0
G-7B,8,global,0.5,alpaca,"Instruction:
Analyze the given phrase in terms of its connotations.

Input:
Wild goose chase","Examine the phrase ""wild goose chase"" for connotations.",0.8914843797683716,"user
Instruction:
Analyze the given phrase in terms of its connotations.

Input:
Wild goose chase
model
Sure, here is the analysis of the phrase ""wild goose chase"" in terms of its connotations:

**Connotations:**

* **Futility:** The phrase ""wild goose chase"" evokes a sense of futility and wasted effort. It suggests that the pursuit is unlikely to be successful and that the time and resources spent on it are not worth it.
* **Impracticality:** The phrase also conveys a sense of impracticality and impossibility. It implies that the goal is too far-","Sure, here's the breakdown of the phrase ""wild goose chase"":

**Connotations:**

* **Futile and pointless:** The phrase ""wild goose chase"" implies that the pursuit is unlikely to be successful and is ultimately futile. It suggests that the goal is not attainable or that the effort is wasted.
* **Sprightly and energetic:** Despite the futility, the phrase also evokes a sense of sprightly and energetic pursuit. It suggests that the person chasing the goose is",39.37639544332362,0.9051650166511536,0.97998046875,-56.125,0.146728515625,0.0,-60.623604556676426,-0.10851550102233887,-0.09483498334884644,-0.02099609375,-1.0
G-7B,9,global,0.5,alpaca,"Instruction:
List three potential sources for the following research problem.

Input:
What are the benefits of online learning?",Identify three sources for this research problem.,0.8977466821670532,"user
Instruction:
List three potential sources for the following research problem.

Input:
What are the benefits of online learning?
model
Sure, here are the three potential sources for the research problem:

1. **""The Benefits of Online Learning Compared to Traditional Learning Methods"" by the International Society for Technology in Education (ISTE)**
2. **""Benefits of Online Learning for Students"" by the University of North Georgia**
3. **""Benefits of Online Learning for Students and Professionals"" by the Commonwealth University of Australia**","model
Sure, please provide me with the research problem you want me to identify sources for, and I will identify the three sources.",0.5280301627754217,0.8429548144340515,0.97705078125,-101.8125,0.224609375,0.0,-99.47196983722462,-0.10225319862365723,-0.1570451855659485,-0.02392578125,-1.0
G-7B,10,global,0.5,alpaca,"Instruction:
Arrange the following countries in ascending order of GDP per capita.

Input:
China, US, India, Japan",Order these countries by GDP per capita.,0.8966357111930847,"user
Instruction:
Arrange the following countries in ascending order of GDP per capita.

Input:
China, US, India, Japan
model
Sure, here is the arrangement in ascending order of GDP per capita:

1. India
2. Japan
3. China
4. US","model
Sure, please provide me with the list of countries you want me to order. I will then arrange them by their GDP per capita in descending order.",4.867963060036645,0.8632739782333374,0.96484375,-84.5,0.219970703125,0.0,-95.1320369399634,-0.10336422920227051,-0.1367260217666626,-0.0361328125,-1.0
G-7B,11,global,0.5,alpaca,"Instruction:
Name the boat depicted in the provided photo.

Input:
Attached photo",What is the boat's name in the photo?,0.8750453591346741,"user
Instruction:
Name the boat depicted in the provided photo.

Input:
Attached photo
model
I do not have access to any external sources or attachments, therefore I cannot name the boat in the photo.","I do not have access to any images or text content, therefore I cannot answer the question.",16.285789183432353,0.8850899934768677,0.98974609375,-115.0,0.0517578125,1.0,-83.71421081656769,-0.12495464086532593,-0.11491000652313232,-0.01025390625,0.0
G-7B,12,global,0.5,alpaca,"Instruction:
Edit the grammar and punctuation of the given sentence.

Input:
Humor is one of the most important ingredients of life",Humor is a vital ingredient in life.,0.9092131853103638,"Instruction:
Edit the grammar and punctuation of the given sentence.

Input:
Humor is one of the most important ingredients of life
model
Sure, here is the edited version of the sentence:

Humor is one of the most important ingredients of life.

Edited:
Humor is one of the most important ingredients of life.","model
**Sure, humor is a crucial ingredient in life.** It's an essential spice that adds flavor and zest to our experiences. Here's why:

**1. Humor reduces stress:**
- Laughter is a natural stress reliever. When we laugh, our bodies release endorphins, which have mood-boosting effects.
- Humor can help us to see the lighter side of situations, even when they're stressful.

**2. Humor improves mood:**
- Humor can lift",1.557838991692692,0.8261585235595703,0.93701171875,-104.5625,0.28961181640625,0.0,-98.44216100830735,-0.0907866358757018,-0.1738414168357849,-0.0625,-1.0
G-7B,13,global,0.5,alpaca,"Instruction:
Calculate the length of the hypotenuse in the following triangle.

Input:
![alt text](https://www.onlinemathlearning.com/image-files/triangle-hypotenuse-length.png ""Right Triangle"")",Find the hypotenuse length of this triangle.,0.861681342124939,"Triangle"")
model
**Formula for the length of the hypotenuse:**

The length of the hypotenuse (h) in a right triangle is given by the formula:

```
h = √(a^2 + b^2)
```

where a and b are the lengths of the other two sides.

**Given information:**

a = 5
b = 12

**Substituting these values into the formula:**

```
h = √(5^2 +","Sure, please provide me with the information about the other two sides of the triangle and I will find the hypotenuse length.",0.6450908564677068,0.819862961769104,0.98486328125,-22.6875,0.0269775390625,1.0,-99.35490914353234,-0.13831859827041626,-0.180137038230896,-0.0146484375,0.0
G-7B,14,global,0.5,alpaca,"Instruction:
How many instruments does a symphony orchestra typically have?",How many instruments are in a symphony orchestra?,0.9352099895477296,"user
Instruction:
How many instruments does a symphony orchestra typically have?
model
The answer is 43. A symphony orchestra typically has a total of 43 instruments.","model
A symphony orchestra typically consists of four main sections: strings, woodwinds, brass, and percussion. Each section has its own unique set of instruments, and the entire orchestra is made up of a total of about 40 musicians.",8.906352820167262,0.8667240142822266,0.99072265625,-37.1875,0.24072265625,0.0,-91.09364717983279,-0.06478983163833596,-0.13327598571777344,-0.00927734375,-1.0
G-7B,15,global,0.5,alpaca,"Instruction:
Summarize the phrase: ""GPT is a natural language processing architecture.""",GPT is a language processing architecture.,0.9224225878715516,"user
Instruction:
Summarize the phrase: ""GPT is a natural language processing architecture.""
model
Sure, here is a summary of the phrase ""GPT is a natural language processing architecture"":

GPT is an architecture for natural language processing. It is a type of language model that is able to understand and generate human-like text.","model
Yes, GPT is a language processing architecture. It is a type of transformer-based language model that is capable of performing a wide range of natural language processing tasks, including text generation, translation, and code generation.",17.70402342363771,0.8911473155021667,0.9560546875,-18.5,0.13037109375,0.0,-82.29597657636234,-0.07757741212844838,-0.10885268449783325,-0.0439453125,-1.0
G-7B,0,global,1.0,alpaca,"Instruction:
What would be the best type of exercise for a person who has arthritis?","Instruction:
What would be the best type of exercise for a person who has arthritis?",0.9999999403953552,"user
Instruction:
What would be the best type of exercise for a person who has arthritis?
model
The best type of exercise for a person with arthritis will depend on the specific type of arthritis and the individual's overall health and fitness level. However, some general guidelines can help you choose the best exercises:

**Low-impact exercises:**

* **Walking:** Moderate-intensity walking is a great way to improve cardiovascular health, reduce inflammation, and increase range of motion.
* **Water exercises:** Swimming, water aerobics, and tai chi are low-impact exercises that can help reduce","user
Instruction:
What would be the best type of exercise for a person who has arthritis?
model
The best type of exercise for a person with arthritis will depend on the specific type of arthritis and the individual's overall health and fitness level. However, some general guidelines can help you choose the best exercises:

**Low-impact exercises:**

* **Walking:** Moderate-intensity walking is a great way to improve cardiovascular health, reduce inflammation, and increase range of motion.
* **Water exercises:** Swimming, water aerobics, and tai chi are low-impact exercises that can help reduce",100.00000000000004,1.0,1.0,-0.0,0.0,1.0,0.0,0.0,0.0,0.0,0.0
G-7B,1,global,1.0,alpaca,"Instruction:
Calculate the atomic mass for lithium.","Instruction:
Calculate the atomic mass for lithium.",0.9999999403953552,"user
Instruction:
Calculate the atomic mass for lithium.
model
Sure, here is the calculation for the atomic mass of lithium:

The atomic mass of lithium is 6.9409(2) u.

The number in parentheses indicates the uncertainty in the last digit.","user
Instruction:
Calculate the atomic mass for lithium.
model
Sure, here is the calculation for the atomic mass of lithium:

The atomic mass of lithium is 6.9409(2) u.

The number in parentheses indicates the uncertainty in the last digit.",100.00000000000004,0.9999999403953552,1.0,-0.0,0.0,1.0,0.0,0.0,0.0,0.0,0.0
G-7B,2,global,1.0,alpaca,"Instruction:
Convert the following binary code to ASCII characters.

Input:
01110101 01100001 01110010 01101001 01110100","Instruction:
Convert the following binary code to ASCII characters.

Input:
01110101 01100001 01110010 01101001 01110100",1.0,"Sure, here is the ASCII conversion for the given binary code:

**Answer:** HOLA

The binary code is converted to ASCII characters as follows:

01110101 = H
01100001 = O
01110010 = L
01101001 = A
01110100 = H","Sure, here is the ASCII conversion for the given binary code:

**Answer:** HOLA

The binary code is converted to ASCII characters as follows:

01110101 = H
01100001 = O
01110010 = L
01101001 = A
01110100 = H",100.00000000000004,1.0,0.99951171875,-0.0,0.0,1.0,0.0,0.0,0.0,0.0,0.0
G-7B,3,global,1.0,alpaca,"Instruction:
Take this sentence and make it more descriptive: She was scared.

Input:
She was scared.","Instruction:
Take this sentence and make it more descriptive: She was scared.

Input:
She was scared.",1.0,"user
Instruction:
Take this sentence and make it more descriptive: She was scared.

Input:
She was scared.
model
Sure, here is the more descriptive version of the sentence:

She was trembling with fear, her heart pounding in her chest, her stomach churning, and her breath quickening.","user
Instruction:
Take this sentence and make it more descriptive: She was scared.

Input:
She was scared.
model
Sure, here is the more descriptive version of the sentence:

She was trembling with fear, her heart pounding in her chest, her stomach churning, and her breath quickening.",100.00000000000004,1.0,0.99951171875,-0.0,0.0,1.0,0.0,0.0,0.0,0.0,0.0
G-7B,4,global,1.0,alpaca,"Instruction:
Brainstorm 3 possible ideas to promote the following product

Input:
New motorized skateboard","Instruction:
Brainstorm 3 possible ideas to promote the following product

Input:
New motorized skateboard",1.0000001192092896,"user
Instruction:
Brainstorm 3 possible ideas to promote the following product

Input:
New motorized skateboard
model
1. **Urban Adventure Challenge:** Showcase the board's versatility through a series of urban challenges, highlighting its maneuverability and speed on various terrains.

2. **Board Jam Session:** Organize a community skateboarding event featuring professional skaters showcasing tricks and skills, while inviting participants to join in.

3. **Interactive Online Experience:** Create a virtual skateboarding course with interactive tutorials and challenges, allowing users to learn and practice at their own pace.","user
Instruction:
Brainstorm 3 possible ideas to promote the following product

Input:
New motorized skateboard
model
1. **Urban Adventure Challenge:** Showcase the board's versatility through a series of urban challenges, highlighting its maneuverability and speed on various terrains.

2. **Board Jam Session:** Organize a community skateboarding event featuring professional skaters showcasing tricks and skills, while inviting participants to join in.

3. **Interactive Online Experience:** Create a virtual skateboarding course with interactive tutorials and challenges, allowing users to learn and practice at their own pace.",100.00000000000004,1.0,1.0,-0.0,0.0,1.0,0.0,0.0,0.0,0.0,0.0
G-7B,5,global,1.0,alpaca,"Instruction:
Rewrite the sentence using imperative mood.

Input:
Please pick up the book from the shelf.","Instruction:
Rewrite the sentence using imperative mood.

Input:
Please pick up the book from the shelf.",1.0,"user
Instruction:
Rewrite the sentence using imperative mood.

Input:
Please pick up the book from the shelf.
model
Sure, here is the rewritten sentence in imperative mood:

Pick up the book from the shelf.","user
Instruction:
Rewrite the sentence using imperative mood.

Input:
Please pick up the book from the shelf.
model
Sure, here is the rewritten sentence in imperative mood:

Pick up the book from the shelf.",100.00000000000004,1.0,0.99951171875,-0.0,0.0,1.0,0.0,0.0,0.0,0.0,0.0
G-7B,6,global,1.0,alpaca,"Instruction:
Describe a picnic vacation where four people are travelling together.

Input:
Four people are travelling together to a picnic vacation.","Instruction:
Describe a picnic vacation where four people are travelling together.

Input:
Four people are travelling together to a picnic vacation.",1.0,":
Describe a picnic vacation where four people are travelling together.

Input:
Four people are travelling together to a picnic vacation.
model
In the quaint town of Willow Creek, where verdant meadows danced with wildflowers, four dear friends embarked on a delightful picnic vacation. Emily, the vivacious leader, meticulously planned the itinerary, ensuring a day filled with joy and memories.

As the sun cast long shadows across the ground, the group set off on their journey. The journey was filled with laughter and stories, each person sharing their unique experiences. Michael, the witty comedian, cracked jokes that had the others roaring with laughter. Sarah,",":
Describe a picnic vacation where four people are travelling together.

Input:
Four people are travelling together to a picnic vacation.
model
In the quaint town of Willow Creek, where verdant meadows danced with wildflowers, four dear friends embarked on a delightful picnic vacation. Emily, the vivacious leader, meticulously planned the itinerary, ensuring a day filled with joy and memories.

As the sun cast long shadows across the ground, the group set off on their journey. The journey was filled with laughter and stories, each person sharing their unique experiences. Michael, the witty comedian, cracked jokes that had the others roaring with laughter. Sarah,",100.00000000000004,1.0,1.0,-0.0,0.0,1.0,0.0,0.0,0.0,0.0,0.0
G-7B,7,global,1.0,alpaca,"Instruction:
Explain the concept of Big Data and what it means for companies and customers.","Instruction:
Explain the concept of Big Data and what it means for companies and customers.",0.9999998807907104,"user
Instruction:
Explain the concept of Big Data and what it means for companies and customers.
model
**Big Data**

Big Data refers to the vast and ever-growing amount of structured and unstructured data generated from various sources, including customer interactions, social media, sensors, and IoT devices. It is characterized by its high volume, velocity, variety, and veracity.

**Key Characteristics of Big Data:**

* **Volume:** Enormous size, often petabytes or exabytes, making it too large for traditional data processing methods to handle.
* **Velocity:** Data flows rapidly","user
Instruction:
Explain the concept of Big Data and what it means for companies and customers.
model
**Big Data**

Big Data refers to the vast and ever-growing amount of structured and unstructured data generated from various sources, including customer interactions, social media, sensors, and IoT devices. It is characterized by its high volume, velocity, variety, and veracity.

**Key Characteristics of Big Data:**

* **Volume:** Enormous size, often petabytes or exabytes, making it too large for traditional data processing methods to handle.
* **Velocity:** Data flows rapidly",100.00000000000004,1.0,0.99951171875,-0.0,0.0,1.0,0.0,0.0,0.0,0.0,0.0
G-7B,8,global,1.0,alpaca,"Instruction:
Analyze the given phrase in terms of its connotations.

Input:
Wild goose chase","Instruction:
Analyze the given phrase in terms of its connotations.

Input:
Wild goose chase",0.9999998807907104,"user
Instruction:
Analyze the given phrase in terms of its connotations.

Input:
Wild goose chase
model
Sure, here is the analysis of the phrase ""wild goose chase"" in terms of its connotations:

**Connotations:**

* **Futility:** The phrase ""wild goose chase"" evokes a sense of futility and wasted effort. It suggests that the pursuit is unlikely to be successful and that the time and resources spent on it are not worth it.
* **Impracticality:** The phrase also conveys a sense of impracticality and impossibility. It implies that the goal is too far-","user
Instruction:
Analyze the given phrase in terms of its connotations.

Input:
Wild goose chase
model
Sure, here is the analysis of the phrase ""wild goose chase"" in terms of its connotations:

**Connotations:**

* **Futility:** The phrase ""wild goose chase"" evokes a sense of futility and wasted effort. It suggests that the pursuit is unlikely to be successful and that the time and resources spent on it are not worth it.
* **Impracticality:** The phrase also conveys a sense of impracticality and impossibility. It implies that the goal is too far-",100.00000000000004,1.0,1.0009765625,-0.0,0.0,1.0,0.0,0.0,0.0,0.0,0.0
G-7B,9,global,1.0,alpaca,"Instruction:
List three potential sources for the following research problem.

Input:
What are the benefits of online learning?","Instruction:
List three potential sources for the following research problem.

Input:
What are the benefits of online learning?",0.9999998807907104,"user
Instruction:
List three potential sources for the following research problem.

Input:
What are the benefits of online learning?
model
Sure, here are the three potential sources for the research problem:

1. **""The Benefits of Online Learning Compared to Traditional Learning Methods"" by the International Society for Technology in Education (ISTE)**
2. **""Benefits of Online Learning for Students"" by the University of North Georgia**
3. **""Benefits of Online Learning for Students and Professionals"" by the Commonwealth University of Australia**","user
Instruction:
List three potential sources for the following research problem.

Input:
What are the benefits of online learning?
model
Sure, here are the three potential sources for the research problem:

1. **""The Benefits of Online Learning Compared to Traditional Learning Methods"" by the International Society for Technology in Education (ISTE)**
2. **""Benefits of Online Learning for Students"" by the University of North Georgia**
3. **""Benefits of Online Learning for Students and Professionals"" by the Commonwealth University of Australia**",100.00000000000004,1.0,1.0009765625,-0.0,0.0,1.0,0.0,0.0,0.0,0.0,0.0
G-7B,10,global,1.0,alpaca,"Instruction:
Arrange the following countries in ascending order of GDP per capita.

Input:
China, US, India, Japan","Instruction:
Arrange the following countries in ascending order of GDP per capita.

Input:
China, US, India, Japan",0.9999999403953552,"user
Instruction:
Arrange the following countries in ascending order of GDP per capita.

Input:
China, US, India, Japan
model
Sure, here is the arrangement in ascending order of GDP per capita:

1. India
2. Japan
3. China
4. US","user
Instruction:
Arrange the following countries in ascending order of GDP per capita.

Input:
China, US, India, Japan
model
Sure, here is the arrangement in ascending order of GDP per capita:

1. India
2. Japan
3. China
4. US",100.00000000000004,1.0,1.0009765625,-0.0,0.0,1.0,0.0,0.0,0.0,0.0,0.0
G-7B,11,global,1.0,alpaca,"Instruction:
Name the boat depicted in the provided photo.

Input:
Attached photo","Instruction:
Name the boat depicted in the provided photo.

Input:
Attached photo",1.0,"user
Instruction:
Name the boat depicted in the provided photo.

Input:
Attached photo
model
I do not have access to any external sources or attachments, therefore I cannot name the boat in the photo.","user
Instruction:
Name the boat depicted in the provided photo.

Input:
Attached photo
model
I do not have access to any external sources or attachments, therefore I cannot name the boat in the photo.",100.00000000000004,1.0,1.0,-0.0,0.0,1.0,0.0,0.0,0.0,0.0,0.0
G-7B,12,global,1.0,alpaca,"Instruction:
Edit the grammar and punctuation of the given sentence.

Input:
Humor is one of the most important ingredients of life","Instruction:
Edit the grammar and punctuation of the given sentence.

Input:
Humor is one of the most important ingredients of life",0.9999998211860656,"Instruction:
Edit the grammar and punctuation of the given sentence.

Input:
Humor is one of the most important ingredients of life
model
Sure, here is the edited version of the sentence:

Humor is one of the most important ingredients of life.

Edited:
Humor is one of the most important ingredients of life.","Instruction:
Edit the grammar and punctuation of the given sentence.

Input:
Humor is one of the most important ingredients of life
model
Sure, here is the edited version of the sentence:

Humor is one of the most important ingredients of life.

Edited:
Humor is one of the most important ingredients of life.",100.00000000000004,0.9999999403953552,0.99951171875,-0.0,0.0,1.0,0.0,0.0,0.0,0.0,0.0
G-7B,13,global,1.0,alpaca,"Instruction:
Calculate the length of the hypotenuse in the following triangle.

Input:
![alt text](https://www.onlinemathlearning.com/image-files/triangle-hypotenuse-length.png ""Right Triangle"")","Instruction:
Calculate the length of the hypotenuse in the following triangle.

Input:
![alt text](https://www.onlinemathlearning.com/image-files/triangle-hypotenuse-length.png ""Right Triangle"")",0.9999999403953552,"Triangle"")
model
**Formula for the length of the hypotenuse:**

The length of the hypotenuse (h) in a right triangle is given by the formula:

```
h = √(a^2 + b^2)
```

where a and b are the lengths of the other two sides.

**Given information:**

a = 5
b = 12

**Substituting these values into the formula:**

```
h = √(5^2 +","Triangle"")
model
**Formula for the length of the hypotenuse:**

The length of the hypotenuse (h) in a right triangle is given by the formula:

```
h = √(a^2 + b^2)
```

where a and b are the lengths of the other two sides.

**Given information:**

a = 5
b = 12

**Substituting these values into the formula:**

```
h = √(5^2 +",100.00000000000004,1.0,0.99951171875,-0.0,0.0,1.0,0.0,0.0,0.0,0.0,0.0
G-7B,14,global,1.0,alpaca,"Instruction:
How many instruments does a symphony orchestra typically have?","Instruction:
How many instruments does a symphony orchestra typically have?",0.9999998211860656,"user
Instruction:
How many instruments does a symphony orchestra typically have?
model
The answer is 43. A symphony orchestra typically has a total of 43 instruments.","user
Instruction:
How many instruments does a symphony orchestra typically have?
model
The answer is 43. A symphony orchestra typically has a total of 43 instruments.",100.00000000000004,1.0,1.0,-0.0,0.0,1.0,0.0,0.0,0.0,0.0,0.0
G-7B,15,global,1.0,alpaca,"Instruction:
Summarize the phrase: ""GPT is a natural language processing architecture.""","Instruction:
Summarize the phrase: ""GPT is a natural language processing architecture.""",1.0,"user
Instruction:
Summarize the phrase: ""GPT is a natural language processing architecture.""
model
Sure, here is a summary of the phrase ""GPT is a natural language processing architecture"":

GPT is an architecture for natural language processing. It is a type of language model that is able to understand and generate human-like text.","user
Instruction:
Summarize the phrase: ""GPT is a natural language processing architecture.""
model
Sure, here is a summary of the phrase ""GPT is a natural language processing architecture"":

GPT is an architecture for natural language processing. It is a type of language model that is able to understand and generate human-like text.",100.00000000000004,1.0,1.0,-0.0,0.0,1.0,0.0,0.0,0.0,0.0,0.0
G-7B,0,global,1.5,alpaca,"Instruction:
What would be the best type of exercise for a person who has arthritis?",What type of exercise would be considered the most beneficial for an individual who is living with arthritis?,0.9379835724830629,"user
Instruction:
What would be the best type of exercise for a person who has arthritis?
model
The best type of exercise for a person with arthritis will depend on the specific type of arthritis and the individual's overall health and fitness level. However, some general guidelines can help you choose the best exercises:

**Low-impact exercises:**

* **Walking:** Moderate-intensity walking is a great way to improve cardiovascular health, reduce inflammation, and increase range of motion.
* **Water exercises:** Swimming, water aerobics, and tai chi are low-impact exercises that can help reduce","user
What would be considered the most beneficial type of exercise for an individual who is living with arthritis?
model
There isn't a single ""most beneficial"" type of exercise for someone living with arthritis, as it depends on the specific type of arthritis, the individual's overall health and fitness level, and their personal preferences. However, some types of exercise are generally considered more beneficial than others for people with arthritis.

**Most beneficial types of exercise for arthritis:**

* **Low-impact exercises:** These exercises put less stress on the joints than high-impact exercises, making them more comfortable for people",27.921282147568544,0.910961389541626,0.97412109375,-32.125,0.2177734375,0.0,-72.0787178524315,-0.06201636791229237,-0.08903861045837402,-0.02587890625,-1.0
G-7B,1,global,1.5,alpaca,"Instruction:
Calculate the atomic mass for lithium.",Please calculate the atomic mass value for the element lithium.,0.9241827726364136,"user
Instruction:
Calculate the atomic mass for lithium.
model
Sure, here is the calculation for the atomic mass of lithium:

The atomic mass of lithium is 6.9409(2) u.

The number in parentheses indicates the uncertainty in the last digit.","user
Please calculate the atomic mass value for the element lithium.
model
Sure, the atomic mass value for lithium is 6.9409(2) u.",24.35553862010112,0.914336085319519,0.99072265625,-21.625,0.095703125,0.0,-75.64446137989893,-0.07581716775894165,-0.08566385507583618,-0.00927734375,-1.0
G-7B,2,global,1.5,alpaca,"Instruction:
Convert the following binary code to ASCII characters.

Input:
01110101 01100001 01110010 01101001 01110100","Instruction:
Please convert the binary code provided below into its corresponding ASCII characters.

Input:
01110101 01100001 01110010 01101001 01110100",0.9745900630950928,"Sure, here is the ASCII conversion for the given binary code:

**Answer:** HOLA

The binary code is converted to ASCII characters as follows:

01110101 = H
01100001 = O
01110010 = L
01101001 = A
01110100 = H","Sure, here is the conversion:

**Input:**
01110101 01100001 01110010 01101001 01110100

**Output:**
H A C E R

The binary code is converted into ASCII characters by taking the binary value of each group of bits and converting it into its ASCII equivalent.",19.760354461352204,0.8794399499893188,0.998046875,-6.84375,-0.0162353515625,1.0,-80.23964553864784,-0.025409936904907227,-0.12056005001068115,-0.00146484375,0.0
G-7B,3,global,1.5,alpaca,"Instruction:
Take this sentence and make it more descriptive: She was scared.

Input:
She was scared.","She was filled with a profound sense of fear and anxiety, feeling scared in that moment.",0.8479123115539551,"user
Instruction:
Take this sentence and make it more descriptive: She was scared.

Input:
She was scared.
model
Sure, here is the more descriptive version of the sentence:

She was trembling with fear, her heart pounding in her chest, her stomach churning, and her breath quickening.","user
She was filled with a deep sense of fear and trepidation, feeling scared and anxious about what might happen next.
model
Sure, here is the revised text:

She was filled with a deep sense of fear and trepidation, feeling scared and anxious about what might happen next. Her heart raced with a mix of dread and anticipation, and her stomach churned with unease.",13.971396994096976,0.8770685791969299,0.96728515625,-126.5625,0.20458984375,1.0,-86.02860300590307,-0.15208768844604492,-0.12293142080307007,-0.0322265625,0.0
G-7B,4,global,1.5,alpaca,"Instruction:
Brainstorm 3 possible ideas to promote the following product

Input:
New motorized skateboard","Please generate and brainstorm three potential ideas that could be used to effectively promote the following product. 

Input:
A new motorized skateboard.",0.9269338250160216,"user
Instruction:
Brainstorm 3 possible ideas to promote the following product

Input:
New motorized skateboard
model
1. **Urban Adventure Challenge:** Showcase the board's versatility through a series of urban challenges, highlighting its maneuverability and speed on various terrains.

2. **Board Jam Session:** Organize a community skateboarding event featuring professional skaters showcasing tricks and skills, while inviting participants to join in.

3. **Interactive Online Experience:** Create a virtual skateboarding course with interactive tutorials and challenges, allowing users to learn and practice at their own pace.","user
Instruction:
Come up with three potential ideas that could effectively promote the following product in the market.

Input:
A new motorized skateboard.
model
1. **Urban Street Rider Challenge:** Create a social media challenge where participants showcase their skills riding the motorized skateboard through urban streets. Offer prizes for the most creative, stylish, and technically proficient rides.


2. **Interactive Online Tutorial Series:** Develop a series of interactive online tutorials that guide users through the basics of riding the motorized skateboard. Include tips and tricks for beginners and advanced riders alike.


3. **Pop-Up Skate Park Events:** Organize pop-up skate parks in various locations,",22.51469660784408,0.9212052822113036,0.99853515625,-41.375,0.15283203125,1.0,-77.48530339215597,-0.07306629419326793,-0.0787947177886964,-0.00146484375,0.0
G-7B,5,global,1.5,alpaca,"Instruction:
Rewrite the sentence using imperative mood.

Input:
Please pick up the book from the shelf.",Pick up the book that is located on the shelf.,0.8883123397827148,"user
Instruction:
Rewrite the sentence using imperative mood.

Input:
Please pick up the book from the shelf.
model
Sure, here is the rewritten sentence in imperative mood:

Pick up the book from the shelf.","user
Pick up the book that is located on the shelf.
model
Sure, here is the answer:

**Pick up the book that is located on the shelf.**

The book is located on the shelf, therefore you need to reach the book on the shelf and pick it up.",22.842041437675256,0.8860023021697998,0.86181640625,-71.1875,0.31640625,1.0,-77.15795856232478,-0.11168766021728516,-0.1139976978302002,-0.1376953125,0.0
G-7B,6,global,1.5,alpaca,"Instruction:
Describe a picnic vacation where four people are travelling together.

Input:
Four people are travelling together to a picnic vacation.",A group consisting of four individuals is embarking on a journey together to enjoy a delightful picnic vacation in a scenic location.,0.8743624687194824,":
Describe a picnic vacation where four people are travelling together.

Input:
Four people are travelling together to a picnic vacation.
model
In the quaint town of Willow Creek, where verdant meadows danced with wildflowers, four dear friends embarked on a delightful picnic vacation. Emily, the vivacious leader, meticulously planned the itinerary, ensuring a day filled with joy and memories.

As the sun cast long shadows across the ground, the group set off on their journey. The journey was filled with laughter and stories, each person sharing their unique experiences. Michael, the witty comedian, cracked jokes that had the others roaring with laughter. Sarah,","A group consisting of four individuals is embarking on a journey together to enjoy a delightful picnic vacation, where they will spend quality time outdoors surrounded by nature.
model
The sun shines warmly upon their faces as the wind whispers secrets through the leaves, carrying the scent of wildflowers and freshly-baked bread. A picnic blanket, adorned with colorful checkered patterns, awaits beneath the shade of a towering oak tree.

The group, composed of four individuals with diverse personalities and shared passions, embark on their journey. There's Sarah, the bubbly artist, whose sketchbook captures the vibrant colors of the landscape. Tom, the stoic photographer, seeks to capture the serene beauty of",7.073855457873616,0.8660110235214233,0.98583984375,-82.9375,0.2265625,0.0,-92.92614454212642,-0.12563753128051758,-0.13398897647857666,-0.01416015625,-1.0
G-7B,7,global,1.5,alpaca,"Instruction:
Explain the concept of Big Data and what it means for companies and customers.",Could you please explain in detail the concept of Big Data and elaborate on what it signifies for both companies and their customers?,0.9230065941810608,"user
Instruction:
Explain the concept of Big Data and what it means for companies and customers.
model
**Big Data**

Big Data refers to the vast and ever-growing amount of structured and unstructured data generated from various sources, including customer interactions, social media, sensors, and IoT devices. It is characterized by its high volume, velocity, variety, and veracity.

**Key Characteristics of Big Data:**

* **Volume:** Enormous size, often petabytes or exabytes, making it too large for traditional data processing methods to handle.
* **Velocity:** Data flows rapidly","user
Please provide a detailed explanation of the concept known as Big Data and elaborate on its significance for both companies and their customers.
model
**Big Data**

Big Data refers to the vast and ever-growing datasets that are so large and complex that traditional data processing methods are inadequate to handle and analyze. It encompasses structured, semi-structured, and unstructured data from various sources, including sensors, social media, customer transactions, and logs.

**Key Characteristics of Big Data:**

* **Volume:** Enormous size, often petabytes or exabytes, making it too large for traditional data processing tools to handle.",53.46629265340894,0.9446423053741456,0.99560546875,-24.9375,0.087158203125,0.0,-46.5337073465911,-0.07699328660964966,-0.05535769462585438,-0.00390625,-1.0
G-7B,8,global,1.5,alpaca,"Instruction:
Analyze the given phrase in terms of its connotations.

Input:
Wild goose chase","Instruction:
Conduct an analysis of the provided phrase, focusing specifically on its various connotations and implications.

Input:
Wild goose chase",0.9621009230613708,"user
Instruction:
Analyze the given phrase in terms of its connotations.

Input:
Wild goose chase
model
Sure, here is the analysis of the phrase ""wild goose chase"" in terms of its connotations:

**Connotations:**

* **Futility:** The phrase ""wild goose chase"" evokes a sense of futility and wasted effort. It suggests that the pursuit is unlikely to be successful and that the time and resources spent on it are not worth it.
* **Impracticality:** The phrase also conveys a sense of impracticality and impossibility. It implies that the goal is too far-","user
Instruction:
Examine and analyze the provided phrase by considering its various connotations and implications in detail.

Input:
Wild goose chase
model
## Wild Goose Chase Connotations and Implications

The phrase ""wild goose chase"" evokes a vivid image of a futile and ultimately unsuccessful pursuit. It carries a strong negative connotation, implying a waste of time and energy on a hopeless endeavor.

**Connotations:**

* **Futility:** The phrase emphasizes the futility of the chase, suggesting that the goal is unreachable or even impossible to attain.
* **Misdirection:** It hints at the possibility of being led astray or manipulated, as the goose",30.99046001517824,0.920168399810791,0.994140625,-55.0,0.08740234375,1.0,-69.0095399848218,-0.0378989577293396,-0.07983160018920898,-0.0068359375,0.0
G-7B,9,global,1.5,alpaca,"Instruction:
List three potential sources for the following research problem.

Input:
What are the benefits of online learning?","Please provide a list of three possible sources that could be useful for addressing the following research problem in detail. 

Input:
What are the benefits of online learning?",0.9334524273872375,"user
Instruction:
List three potential sources for the following research problem.

Input:
What are the benefits of online learning?
model
Sure, here are the three potential sources for the research problem:

1. **""The Benefits of Online Learning Compared to Traditional Learning Methods"" by the International Society for Technology in Education (ISTE)**
2. **""Benefits of Online Learning for Students"" by the University of North Georgia**
3. **""Benefits of Online Learning for Students and Professionals"" by the Commonwealth University of Australia**","sources that could be used to address the following research problem in detail. 

Input:
What are the benefits of online learning?
model
1. **""The Impact of Online Learning on Student Learning and Engagement"" by the International Journal of Educational Technology** - This journal article explores the benefits of online learning in comparison to traditional classroom learning. It includes research on improved student learning outcomes, increased student engagement, and the flexibility and convenience of online learning.


2. **""Benefits of Online Learning for Students"" by Rasmussen University** - This article provides a comprehensive overview of the benefits of online learning for students, including increased access to education,",28.64445729701568,0.9007026553153992,0.99658203125,-33.1875,0.14306640625,1.0,-71.35554270298437,-0.0665474534034729,-0.09929734468460083,-0.00439453125,0.0
G-7B,10,global,1.5,alpaca,"Instruction:
Arrange the following countries in ascending order of GDP per capita.

Input:
China, US, India, Japan","Instruction:
Please arrange the following countries in an ascending order based on their GDP per capita figures.

Input:
China, the United States, India, and Japan.",0.967221736907959,"user
Instruction:
Arrange the following countries in ascending order of GDP per capita.

Input:
China, US, India, Japan
model
Sure, here is the arrangement in ascending order of GDP per capita:

1. India
2. Japan
3. China
4. US","user
Please arrange the following countries in an ascending order based on their GDP per capita figures: China, the United States, India, and Japan.
model
Sure, here is the arrangement in ascending order based on their GDP per capita figures:

1. **India**
2. **Japan**
3. **China**
4. **United States**",25.69202899788352,0.9312538504600524,0.99755859375,-39.125,0.07763671875,1.0,-74.30797100211652,-0.03277820348739624,-0.06874614953994762,-0.00341796875,0.0
G-7B,11,global,1.5,alpaca,"Instruction:
Name the boat depicted in the provided photo.

Input:
Attached photo",Please provide the name of the boat that is shown in the photo that has been attached.,0.8812413215637207,"user
Instruction:
Name the boat depicted in the provided photo.

Input:
Attached photo
model
I do not have access to any external sources or attachments, therefore I cannot name the boat in the photo.","user
Please identify and provide the name of the boat that is shown in the attached photo.
model
I do not have access to any information about the photo you're referring to, therefore I cannot identify the boat name in the photo.",30.788033279602107,0.9153560400009156,0.994140625,-84.625,0.059814453125,1.0,-69.21196672039794,-0.1187586784362793,-0.08464395999908436,-0.005859375,0.0
G-7B,12,global,1.5,alpaca,"Instruction:
Edit the grammar and punctuation of the given sentence.

Input:
Humor is one of the most important ingredients of life","Instruction:
Please edit the grammar as well as the punctuation of the sentence that has been provided.

Input:
Humor is considered to be one of the most important ingredients that contribute to the richness of life.",0.9523799419403076,"Instruction:
Edit the grammar and punctuation of the given sentence.

Input:
Humor is one of the most important ingredients of life
model
Sure, here is the edited version of the sentence:

Humor is one of the most important ingredients of life.

Edited:
Humor is one of the most important ingredients of life.","Humor is considered to be one of the most important ingredients that contribute to a fulfilling life.
model
Sure, here is the edited version of the sentence:

Humor is considered to be one of the most important ingredients that contribute to a fulfilling life.

**Edited:**

Humor is considered to be one of the most important ingredients that contribute to a fulfilling life.",40.98901381777555,0.921342670917511,0.99609375,-109.3125,0.06597900390625,1.0,-59.01098618222449,-0.047619879245757946,-0.07865726947784424,-0.00341796875,0.0
G-7B,13,global,1.5,alpaca,"Instruction:
Calculate the length of the hypotenuse in the following triangle.

Input:
![alt text](https://www.onlinemathlearning.com/image-files/triangle-hypotenuse-length.png ""Right Triangle"")","Instruction:
Determine the length of the hypotenuse in the triangle that is presented below.

Input:
![alt text](https://www.onlinemathlearning.com/image-files/triangle-hypotenuse-length.png ""Right Triangle"")",0.9836319088935852,"Triangle"")
model
**Formula for the length of the hypotenuse:**

The length of the hypotenuse (h) in a right triangle is given by the formula:

```
h = √(a^2 + b^2)
```

where a and b are the lengths of the other two sides.

**Given information:**

a = 5
b = 12

**Substituting these values into the formula:**

```
h = √(5^2 +","png ""Right Triangle"")
model
**SOLUTION:**

In a right triangle, the hypotenuse is the longest side and is always opposite the right angle.

**Given information:**

* Side a = 5
* Side b = 12

**Formula for the length of the hypotenuse:**

$$c = \sqrt{a^2 + b^2}$$

where c is the length of the hypotenuse, a and b are the lengths of the other two sides.

**Substituting the",47.73483198082163,0.9020562171936036,0.99658203125,-3.25,0.012939453125,1.0,-52.26516801917841,-0.01636803150177002,-0.09794378280639637,-0.0029296875,0.0
G-7B,14,global,1.5,alpaca,"Instruction:
How many instruments does a symphony orchestra typically have?",How many different musical instruments are typically found in a symphony orchestra?,0.9294895529747008,"user
Instruction:
How many instruments does a symphony orchestra typically have?
model
The answer is 43. A symphony orchestra typically has a total of 43 instruments.","user
What is the typical number of instruments that can be found in a symphony orchestra?
model
A symphony orchestra typically consists of around 40 musicians, divided into four sections:

* **Woodwinds:** 2 oboes, 2 clarinets, 2 bassoons
* **Brass:** 4 horns, 2 trumpets, 2 trombones, 1 tuba
* **Percussion:** 4 timpani, 2 snare drums, 2 bass drums, 2 xylophone, 2 harpsichord
* **Strings:** 16 violins,",4.0867124021656025,0.8489099144935608,0.98974609375,-35.9375,0.322265625,0.0,-95.91328759783444,-0.07051026821136475,-0.1510900855064392,-0.01025390625,-1.0
G-7B,15,global,1.5,alpaca,"Instruction:
Summarize the phrase: ""GPT is a natural language processing architecture.""","Summarize the following phrase: ""GPT is an architecture designed for natural language processing tasks.""",0.9404588341712952,"user
Instruction:
Summarize the phrase: ""GPT is a natural language processing architecture.""
model
Sure, here is a summary of the phrase ""GPT is a natural language processing architecture"":

GPT is an architecture for natural language processing. It is a type of language model that is able to understand and generate human-like text.","user
Can you provide a summary of the phrase that states: ""GPT is a natural language processing architecture""?
model
Sure, here is a summary of the phrase ""GPT is a natural language processing architecture"":

GPT (Generative Pre-trained Transformer) is a natural language processing (NLP) architecture. This phrase accurately describes GPT as a type of NLP architecture, emphasizing its specialized design for natural language processing tasks.",42.39932960127624,0.9133302569389344,0.9921875,-35.5,0.063232421875,1.0,-57.6006703987238,-0.059541165828704834,-0.08666974306106556,-0.0078125,0.0
G-7B,0,global,2.0,alpaca,"Instruction:
What would be the best type of exercise for a person who has arthritis?",What type of exercise would be considered the most beneficial and suitable for an individual who is living with arthritis?,0.9341331124305724,"user
Instruction:
What would be the best type of exercise for a person who has arthritis?
model
The best type of exercise for a person with arthritis will depend on the specific type of arthritis and the individual's overall health and fitness level. However, some general guidelines can help you choose the best exercises:

**Low-impact exercises:**

* **Walking:** Moderate-intensity walking is a great way to improve cardiovascular health, reduce inflammation, and increase range of motion.
* **Water exercises:** Swimming, water aerobics, and tai chi are low-impact exercises that can help reduce","user
What type of exercise would be considered the most beneficial and suitable for an individual who is living with arthritis?
model
The most beneficial and suitable exercise for an individual living with arthritis will depend on the specific type of arthritis and the individual's overall health and fitness level. However, some general guidelines can be provided:

**Low-impact exercises:**

* **Walking:** Moderate-intensity walking for 30 minutes most days of the week is highly beneficial for people with arthritis. It helps improve joint flexibility, strength, and endurance, and can also reduce pain and inflammation.
* **Water exercises:** Swimming",47.064428343143376,0.9438064694404602,0.98193359375,-32.25,0.22265625,0.0,-52.935571656856666,-0.06586682796478283,-0.056193530559539795,-0.01806640625,-1.0
G-7B,1,global,2.0,alpaca,"Instruction:
Calculate the atomic mass for lithium.",Please perform the calculation to determine the atomic mass specifically for the element lithium.,0.9118183255195618,"user
Instruction:
Calculate the atomic mass for lithium.
model
Sure, here is the calculation for the atomic mass of lithium:

The atomic mass of lithium is 6.9409(2) u.

The number in parentheses indicates the uncertainty in the last digit.","user
Please perform the calculation to determine the atomic mass specifically for the element lithium.
model
Sure, here is the calculation to determine the atomic mass for lithium:

The atomic mass of an element is the weighted average mass of its naturally occurring isotopes, taking into account their relative abundances. Lithium has two stable isotopes: lithium-6 and lithium-7.

**Isotope Abundance:**
- Lithium-6: 92.23%
- Lithium-7: 7.77%

**Atomic Mass:**

Atomic mass = (mass of isotope 1)",19.057070149973104,0.8684095144271851,0.98828125,-10.375,0.18408203125,1.0,-80.94292985002694,-0.08818161487579346,-0.13159042596817017,-0.01171875,0.0
G-7B,2,global,2.0,alpaca,"Instruction:
Convert the following binary code to ASCII characters.

Input:
01110101 01100001 01110010 01101001 01110100","Instruction:
Please convert the binary code that is provided below into its corresponding ASCII characters.

Input:
01110101 01100001 01110010 01101001 01110100",0.9697977304458618,"Sure, here is the ASCII conversion for the given binary code:

**Answer:** HOLA

The binary code is converted to ASCII characters as follows:

01110101 = H
01100001 = O
01110010 = L
01101001 = A
01110100 = H","Sure, here is the ASCII conversion of the provided binary code:

**Input:**
01110101 01100001 01110010 01101001 01110100

**ASCII Conversion:**

The binary code translates to the ASCII characters:

H e l l o

The ASCII values for each character are as follows:

* H = 7",24.30984677648068,0.8893662691116333,0.998046875,-7.296875,-0.031494140625,0.0,-75.69015322351936,-0.030202269554138184,-0.1106337308883667,-0.00146484375,-1.0
G-7B,3,global,2.0,alpaca,"Instruction:
Take this sentence and make it more descriptive: She was scared.

Input:
She was scared.","She was filled with a deep sense of fear and anxiety, her heart racing and her mind racing with unsettling thoughts.",0.8358273506164551,"user
Instruction:
Take this sentence and make it more descriptive: She was scared.

Input:
She was scared.
model
Sure, here is the more descriptive version of the sentence:

She was trembling with fear, her heart pounding in her chest, her stomach churning, and her breath quickening.","user
She was filled with a deep sense of fear and anxiety, her heart racing as she experienced overwhelming terror.
model
Sure, here is the revised text:

She was filled with a deep sense of fear and anxiety, her heart racing as she experienced overwhelming terror. Her chest constricted, and her breath quickened, as a wave of terror washed over her.",17.417007760471638,0.8937851190567017,0.970703125,-143.6875,0.1591796875,0.0,-82.58299223952841,-0.16417264938354492,-0.10621488094329834,-0.02880859375,-1.0
G-7B,4,global,2.0,alpaca,"Instruction:
Brainstorm 3 possible ideas to promote the following product

Input:
New motorized skateboard","Please generate and brainstorm three distinct and possible ideas that could effectively promote the following innovative product, which is a new motorized skateboard.",0.9036041498184204,"user
Instruction:
Brainstorm 3 possible ideas to promote the following product

Input:
New motorized skateboard
model
1. **Urban Adventure Challenge:** Showcase the board's versatility through a series of urban challenges, highlighting its maneuverability and speed on various terrains.

2. **Board Jam Session:** Organize a community skateboarding event featuring professional skaters showcasing tricks and skills, while inviting participants to join in.

3. **Interactive Online Experience:** Create a virtual skateboarding course with interactive tutorials and challenges, allowing users to learn and practice at their own pace.","user
Please come up with and brainstorm three different possible ideas that could effectively promote the following product, which is a new motorized skateboard.
model
## 3 Ideas to Promote a New Motorized Skateboard:

**1. ""Ride the Wave of Change"" Campaign:**

* **Target audience:** Young adults and teenagers (16-24)
* **Theme:** High energy, urban, and futuristic
* **Messaging:** Focus on the board's ability to revolutionize transportation and empower riders to explore their city with ease and freedom.
* **Marketing channels:** Social media (Instagram, TikTok, YouTube), online advertising",6.590180304573917,0.863917350769043,0.9931640625,-61.25,0.18701171875,0.0,-93.40981969542612,-0.09639596939086914,-0.13608264923095703,-0.0068359375,-1.0
G-7B,5,global,2.0,alpaca,"Instruction:
Rewrite the sentence using imperative mood.

Input:
Please pick up the book from the shelf.",Pick up the book that is located on the shelf.,0.8883123397827148,"user
Instruction:
Rewrite the sentence using imperative mood.

Input:
Please pick up the book from the shelf.
model
Sure, here is the rewritten sentence in imperative mood:

Pick up the book from the shelf.","user
Pick up the book that is located on the shelf.
model
Sure, here is the answer:

**Pick up the book that is located on the shelf.**

The book is located on the shelf, therefore you need to reach the book on the shelf and pick it up.",22.842041437675256,0.8860023021697998,0.86181640625,-71.1875,0.31640625,0.0,-77.15795856232478,-0.11168766021728516,-0.1139976978302002,-0.1376953125,-1.0
G-7B,6,global,2.0,alpaca,"Instruction:
Describe a picnic vacation where four people are travelling together.

Input:
Four people are travelling together to a picnic vacation.","A group consisting of four individuals is embarking on a delightful picnic vacation, traveling together to enjoy a day filled with food, fun, and relaxation in a picturesque outdoor setting. They are looking forward to making wonderful memories during this trip.",0.8561086058616638,":
Describe a picnic vacation where four people are travelling together.

Input:
Four people are travelling together to a picnic vacation.
model
In the quaint town of Willow Creek, where verdant meadows danced with wildflowers, four dear friends embarked on a delightful picnic vacation. Emily, the vivacious leader, meticulously planned the itinerary, ensuring a day filled with joy and memories.

As the sun cast long shadows across the ground, the group set off on their journey. The journey was filled with laughter and stories, each person sharing their unique experiences. Michael, the witty comedian, cracked jokes that had the others roaring with laughter. Sarah,","are setting off as a team to experience the joys and pleasures of a picnic in a beautiful outdoor setting.
model
The sun shone warmly upon the faces of the four individuals as they packed their picnic basket with delectable treats and refreshing beverages. The aroma of freshly baked bread and sweet treats filled the air, tantalizing their appetites.

The journey to their chosen destination was filled with laughter and shared stories. They drove through winding roads, passing by lush green meadows and towering trees. The scenic views provided a backdrop for their conversations, creating memories that would last a lifetime.

Upon reaching their destination, they found a perfect",6.01098026465969,0.8673065304756165,0.98681640625,-87.4375,0.17333984375,0.0,-93.98901973534035,-0.14389139413833618,-0.13269346952438354,-0.01318359375,-1.0
G-7B,7,global,2.0,alpaca,"Instruction:
Explain the concept of Big Data and what it means for companies and customers.","Please provide a detailed explanation of the concept known as Big Data, including its implications and significance for both companies and customers in today’s digital landscape.",0.9141618013381958,"user
Instruction:
Explain the concept of Big Data and what it means for companies and customers.
model
**Big Data**

Big Data refers to the vast and ever-growing amount of structured and unstructured data generated from various sources, including customer interactions, social media, sensors, and IoT devices. It is characterized by its high volume, velocity, variety, and veracity.

**Key Characteristics of Big Data:**

* **Volume:** Enormous size, often petabytes or exabytes, making it too large for traditional data processing methods to handle.
* **Velocity:** Data flows rapidly","Please provide a detailed explanation of the concept known as Big Data, including its implications and significance for both companies and their customers in today's digital landscape.
model
**Big Data**

Big Data refers to the vast and ever-growing datasets that are so large and complex that traditional data processing methods are inadequate to handle and analyze them effectively. It encompasses structured, semi-structured, and unstructured data from various sources, including customer transactions, social media, sensor readings, and logs.

**Implications for Companies:**

**1. Enhanced Customer Insights:**
- Big Data enables companies to gather insights into customer behavior, preferences, and demographics, allowing them to personalize",28.50061310183164,0.9030290842056274,0.99560546875,-30.3125,0.115234375,0.0,-71.49938689816841,-0.08583807945251465,-0.09697091579437256,-0.00390625,-1.0
G-7B,8,global,2.0,alpaca,"Instruction:
Analyze the given phrase in terms of its connotations.

Input:
Wild goose chase","Instruction:
Examine and analyze the provided phrase in relation to its various connotations and implications.

Input:
Wild goose chase",0.968975067138672,"user
Instruction:
Analyze the given phrase in terms of its connotations.

Input:
Wild goose chase
model
Sure, here is the analysis of the phrase ""wild goose chase"" in terms of its connotations:

**Connotations:**

* **Futility:** The phrase ""wild goose chase"" evokes a sense of futility and wasted effort. It suggests that the pursuit is unlikely to be successful and that the time and resources spent on it are not worth it.
* **Impracticality:** The phrase also conveys a sense of impracticality and impossibility. It implies that the goal is too far-","user
Instruction:
Examine and analyze the provided phrase with respect to its various connotations and implied meanings.

Input:
Wild goose chase
model
## Wild Goose Chase Connotations and Implied Meanings

The phrase ""wild goose chase"" has a variety of connotations and implied meanings, depending on the context and speaker's intent.

**Connotations:**

* **Futility:** The phrase evokes a sense of wasted time and effort, often on something that is impossible or unlikely to be achieved.
* **Impracticality:** It suggests an activity that is too ambitious or beyond the capabilities of the speaker or the group of people",34.55483122586923,0.9268632531166076,0.99365234375,-50.125,0.079345703125,0.0,-65.44516877413082,-0.031024813652038463,-0.07313674688339245,-0.00732421875,-1.0
G-7B,9,global,2.0,alpaca,"Instruction:
List three potential sources for the following research problem.

Input:
What are the benefits of online learning?","Please provide a list that includes three possible sources that could be utilized for addressing the following research problem in detail. 

Input:
What are the various benefits associated with online learning?",0.9286367297172546,"user
Instruction:
List three potential sources for the following research problem.

Input:
What are the benefits of online learning?
model
Sure, here are the three potential sources for the research problem:

1. **""The Benefits of Online Learning Compared to Traditional Learning Methods"" by the International Society for Technology in Education (ISTE)**
2. **""Benefits of Online Learning for Students"" by the University of North Georgia**
3. **""Benefits of Online Learning for Students and Professionals"" by the Commonwealth University of Australia**","sources that could be utilized for conducting research on the following problem related to education? Specifically, what are the various benefits associated with online learning?
model
1. **International Journal of Educational Technology (IJET)**: This journal publishes peer-reviewed research on a wide range of topics related to educational technology, including online learning. It provides a comprehensive overview of the latest research and best practices in the field.

2. **UNESCO Institute for Lifelong Learning**: This institute has conducted extensive research on the benefits of online learning. Their website provides a wealth of resources, including reports, articles, and case studies on the topic.

3. **The",12.935192675785265,0.8671635985374451,0.99560546875,-43.5625,0.16357421875,0.0,-87.06480732421478,-0.07136315107345581,-0.13283640146255493,-0.00537109375,-1.0
G-7B,10,global,2.0,alpaca,"Instruction:
Arrange the following countries in ascending order of GDP per capita.

Input:
China, US, India, Japan","Instruction:
Please arrange the following countries in an ascending order based on their GDP per capita figures, starting from the lowest to the highest.

Input:
China, United States, India, Japan",0.9614927768707277,"user
Instruction:
Arrange the following countries in ascending order of GDP per capita.

Input:
China, US, India, Japan
model
Sure, here is the arrangement in ascending order of GDP per capita:

1. India
2. Japan
3. China
4. US","person. The countries to consider are China, the United States, India, and Japan.
model
Sure, here is the arrangement in ascending order based on GDP per capita:

1. **India**
2. **Japan**
3. **China**
4. **United States**",28.04204843944424,0.9119721055030824,0.9990234375,-38.125,0.0679931640625,0.0,-71.9579515605558,-0.038507163524627575,-0.08802789449691761,-0.001953125,-1.0
G-7B,11,global,2.0,alpaca,"Instruction:
Name the boat depicted in the provided photo.

Input:
Attached photo",Please identify and provide the name of the boat that is shown in the photo that has been attached for your reference.,0.8688915967941284,"user
Instruction:
Name the boat depicted in the provided photo.

Input:
Attached photo
model
I do not have access to any external sources or attachments, therefore I cannot name the boat in the photo.","user
Please provide the name of the boat that is shown in the photo that has been attached for your reference.
model
I do not have access to any information about the photo you're referring to, therefore I cannot provide the name of the boat in the photo.",30.15190358993921,0.909266710281372,0.99365234375,-81.25,0.05029296875,0.0,-69.84809641006083,-0.13110840320587158,-0.09073328971862804,-0.00634765625,-1.0
G-7B,12,global,2.0,alpaca,"Instruction:
Edit the grammar and punctuation of the given sentence.

Input:
Humor is one of the most important ingredients of life","Instruction:
Please edit the grammar as well as the punctuation of the sentence that has been provided.

Input:
Humor is considered to be one of the most important ingredients that contribute significantly to the overall experience of life.",0.949437379837036,"Instruction:
Edit the grammar and punctuation of the given sentence.

Input:
Humor is one of the most important ingredients of life
model
Sure, here is the edited version of the sentence:

Humor is one of the most important ingredients of life.

Edited:
Humor is one of the most important ingredients of life.",":
Humor is considered to be one of the most important ingredients that contribute to a fulfilling life.
model
Sure, here is the edited version of the sentence:

Humor is considered to be one of the most important ingredients that contribute to a fulfilling life.

**Edited:**

Humor is considered to be one of the most important ingredients that contribute to a fulfilling life.",41.3677997496856,0.9222018718719482,0.99560546875,-114.4375,0.05230712890625,0.0,-58.63220025031444,-0.05056244134902954,-0.07779806852340698,-0.00390625,-1.0
G-7B,13,global,2.0,alpaca,"Instruction:
Calculate the length of the hypotenuse in the following triangle.

Input:
![alt text](https://www.onlinemathlearning.com/image-files/triangle-hypotenuse-length.png ""Right Triangle"")","Instruction:
Please calculate the length of the hypotenuse in the triangle that is shown below.

Input:
![alt text](https://www.onlinemathlearning.com/image-files/triangle-hypotenuse-length.png ""Right Triangle"")",0.9844406843185424,"Triangle"")
model
**Formula for the length of the hypotenuse:**

The length of the hypotenuse (h) in a right triangle is given by the formula:

```
h = √(a^2 + b^2)
```

where a and b are the lengths of the other two sides.

**Given information:**

a = 5
b = 12

**Substituting these values into the formula:**

```
h = √(5^2 +",".png ""Right Triangle"")
model
**SOLUTION:**

In a right triangle, the hypotenuse is the longest side and is always opposite the right angle.

To find the length of the hypotenuse, we need to use the Pythagorean theorem, which states that the square of the length of the longest side is equal to the sum of the squares of the other two sides.

In other words,

$$h^2 = a^2 + b^2$$

where h is the length of the hypotenuse",23.80656783749724,0.8724037408828735,0.99755859375,-1.1875,0.0101318359375,0.0,-76.1934321625028,-0.015559256076812855,-0.12759625911712646,-0.001953125,-1.0
G-7B,14,global,2.0,alpaca,"Instruction:
How many instruments does a symphony orchestra typically have?",How many different musical instruments can one typically expect to find in a symphony orchestra?,0.9220231175422668,"user
Instruction:
How many instruments does a symphony orchestra typically have?
model
The answer is 43. A symphony orchestra typically has a total of 43 instruments.","user
How many different types of musical instruments are typically found in a symphony orchestra?
model
A symphony orchestra typically consists of four main sections: strings, woodwinds, brass, and percussion. Within each section, there are several different types of instruments.

**Strings:**
- Violins
- Violas
- Cellos
- Double basses

**Woodwinds:**
- Flutes
- Oboes
- English horns
- Clarinets

**Brass:**
- Trumpets
- Horns
- Trombones
- Tuba

**Percussion:**
-",4.739856038743188,0.8451438546180725,0.990234375,-32.875,0.4111328125,0.0,-95.26014396125686,-0.07797670364379872,-0.1548561453819275,-0.009765625,-1.0
G-7B,15,global,2.0,alpaca,"Instruction:
Summarize the phrase: ""GPT is a natural language processing architecture.""","Please provide a concise summary of the phrase that states: ""GPT is an architecture designed for processing natural language.""",0.9151973724365234,"user
Instruction:
Summarize the phrase: ""GPT is a natural language processing architecture.""
model
Sure, here is a summary of the phrase ""GPT is a natural language processing architecture"":

GPT is an architecture for natural language processing. It is a type of language model that is able to understand and generate human-like text.","user
Can you provide a summary of the phrase that states: ""GPT is an architecture designed for natural language processing tasks""?
model
Sure, here is a summary of the phrase ""GPT is an architecture designed for natural language processing tasks"":

GPT (Generative Pre-trained Transformer) is a language model architecture specifically designed to excel in natural language processing (NLP) tasks.",34.612487106604874,0.9170605540275574,0.990234375,-37.5,0.114501953125,0.0,-65.38751289339517,-0.08480262756347656,-0.08293944597244263,-0.009765625,-1.0
G-7B,0,global,3.0,alpaca,"Instruction:
What would be the best type of exercise for a person who has arthritis?",What would be considered the most beneficial and effective type of exercise for an individual who is living with arthritis and may be experiencing joint pain or discomfort as a result of this condition?,0.9125996828079224,"user
Instruction:
What would be the best type of exercise for a person who has arthritis?
model
The best type of exercise for a person with arthritis will depend on the specific type of arthritis and the individual's overall health and fitness level. However, some general guidelines can help you choose the best exercises:

**Low-impact exercises:**

* **Walking:** Moderate-intensity walking is a great way to improve cardiovascular health, reduce inflammation, and increase range of motion.
* **Water exercises:** Swimming, water aerobics, and tai chi are low-impact exercises that can help reduce","of exercise would be considered the most beneficial and suitable for an individual who is living with arthritis and is looking to maintain their physical health and well-being while managing their condition effectively?
model
**Best Exercises for Arthritis:**

**Low-Impact Exercises:**

* **Walking:** Moderate-intensity walking for 30 minutes most days of the week.
* **Tai Chi:** Gentle, flowing movements that improve balance, flexibility, and strength.
* **Water Exercises:** Low-impact activities such as swimming, water aerobics, or aqua Zumba.
* **Yoga:** Certain yoga poses, such as gentle stretching and poses that focus on improving flexibility and strength.
* **",18.292145677022987,0.8984203934669495,0.9853515625,-45.75,0.18212890625,0.0,-81.70785432297706,-0.08740025758743286,-0.10157960653305054,-0.0146484375,-1.0
G-7B,1,global,3.0,alpaca,"Instruction:
Calculate the atomic mass for lithium.",Please perform the calculation to determine the atomic mass value specifically for the element known as lithium.,0.9099885821342468,"user
Instruction:
Calculate the atomic mass for lithium.
model
Sure, here is the calculation for the atomic mass of lithium:

The atomic mass of lithium is 6.9409(2) u.

The number in parentheses indicates the uncertainty in the last digit.","user
Please perform the calculation to determine the atomic mass specifically for the element known as lithium.
model
Sure, here is the calculation to determine the atomic mass for lithium:

**Step 1: Identify the atomic number of lithium.**

The atomic number of lithium is 3. This means that lithium has 3 protons in its nucleus.

**Step 2: Identify the atomic mass number of lithium.**

The atomic mass number of lithium is 6. This means that lithium has a total of 6 protons and neutrons in its nucleus.

**Step 3: Multiply the atomic",14.987614551146436,0.875800371170044,0.9892578125,-18.4375,0.16943359375,1.0,-85.0123854488536,-0.0900113582611084,-0.12419956922531128,-0.0107421875,0.0
G-7B,2,global,3.0,alpaca,"Instruction:
Convert the following binary code to ASCII characters.

Input:
01110101 01100001 01110010 01101001 01110100","Instruction:
Please proceed to convert the binary code that is provided below into its corresponding ASCII characters.

Input:
01110101 01100001 01110010 01101001 01110100",0.9696117043495178,"Sure, here is the ASCII conversion for the given binary code:

**Answer:** HOLA

The binary code is converted to ASCII characters as follows:

01110101 = H
01100001 = O
01110010 = L
01101001 = A
01110100 = H","Sure, here is the conversion:

**Input:**
01110101 01100001 01110010 01101001 01110100

**Output:**
H E L L O

The binary code is converted into ASCII characters by taking the binary value of each group of bits and converting it into its ASCII equivalent. For example, the first group of",17.617024547423952,0.8752570152282715,0.99658203125,-9.1875,-0.0357666015625,0.0,-82.38297545257609,-0.030388295650482178,-0.12474298477172852,-0.0029296875,-1.0
G-7B,3,global,3.0,alpaca,"Instruction:
Take this sentence and make it more descriptive: She was scared.

Input:
She was scared.","She was filled with an overwhelming sense of fear, her heart racing and palms sweating as anxiety gripped her. The feeling of dread washed over her, making her feel vulnerable and exposed to the unknown dangers that lurked around her.",0.827267050743103,"user
Instruction:
Take this sentence and make it more descriptive: She was scared.

Input:
She was scared.
model
Sure, here is the more descriptive version of the sentence:

She was trembling with fear, her heart pounding in her chest, her stomach churning, and her breath quickening.",", causing her heart to race and her palms to sweat. The overwhelming sensation of dread took hold of her, making her feel vulnerable and anxious in that moment.
model
The text you provided describes a feeling of intense anxiety experienced by an individual. Here's a breakdown of the text:

**Key points:**

* **Profound sense of fear:** The individual felt a profound sense of fear that enveloped her, indicating a feeling of intense anxiety.
* **Racing heart and sweating palms:** Her heart raced and her palms sweated, physical symptoms commonly associated with anxiety.
* **Overwhelming sensation of dread:** The feeling of dread was overwhelming, making her",1.3980420177545387,0.8353421092033386,0.966796875,-155.5625,0.1298828125,1.0,-98.60195798224551,-0.17273294925689697,-0.16465789079666138,-0.03271484375,0.0
G-7B,4,global,3.0,alpaca,"Instruction:
Brainstorm 3 possible ideas to promote the following product

Input:
New motorized skateboard","Please take some time to brainstorm and come up with three distinct and creative ideas that could effectively promote the following product, which is a new and innovative motorized skateboard designed for an exciting riding experience.",0.885235071182251,"user
Instruction:
Brainstorm 3 possible ideas to promote the following product

Input:
New motorized skateboard
model
1. **Urban Adventure Challenge:** Showcase the board's versatility through a series of urban challenges, highlighting its maneuverability and speed on various terrains.

2. **Board Jam Session:** Organize a community skateboarding event featuring professional skaters showcasing tricks and skills, while inviting participants to join in.

3. **Interactive Online Experience:** Create a virtual skateboarding course with interactive tutorials and challenges, allowing users to learn and practice at their own pace.","and creative ideas that could be utilized to effectively promote and market the following innovative product, which is a new type of motorized skateboard designed for an exciting and dynamic riding experience.
model
**1. ""Board the Wave"" Interactive Video Campaign:**

- Create a series of short, engaging videos showcasing the board's unparalleled riding experience.
- Use vibrant visuals and dynamic music to convey the excitement and freedom of riding.
- Feature diverse riders of all skill levels, showcasing the board's versatility.
- Include interactive elements, such as quizzes and challenges, to engage viewers and foster a sense of community.

**2. ""Ride the Future"" Augmented Reality Experience:**",6.988261917006316,0.8816128969192505,0.9912109375,-79.875,0.22607421875,0.0,-93.01173808299373,-0.11476504802703857,-0.11838710308074951,-0.0087890625,-1.0
G-7B,5,global,3.0,alpaca,"Instruction:
Rewrite the sentence using imperative mood.

Input:
Please pick up the book from the shelf.",Pick up the book that is located on the shelf. Make sure to retrieve it carefully and handle it with care as you bring it down from its place on the shelf.,0.8657740354537964,"user
Instruction:
Rewrite the sentence using imperative mood.

Input:
Please pick up the book from the shelf.
model
Sure, here is the rewritten sentence in imperative mood:

Pick up the book from the shelf.","user
Pick up the book that is located on the shelf. Make sure to retrieve it carefully and bring it to your desired location.
model
Sure, here is the breakdown of the instructions:

**1. Identify the book:**
- You need to identify the book you want to pick up. This information is not included in the text, therefore I cannot complete this step.

**2. Locate the book on the shelf:**
- Once you have identified the book, you need to locate it on the shelf. This information is also not included in the text, therefore I cannot complete this step.

**3. Retrieve the",9.113252381381598,0.8538718223571777,0.880859375,-97.3125,0.252685546875,1.0,-90.88674761861844,-0.1342259645462036,-0.14612817764282227,-0.11865234375,0.0
G-7B,6,global,3.0,alpaca,"Instruction:
Describe a picnic vacation where four people are travelling together.

Input:
Four people are travelling together to a picnic vacation.","A group consisting of four individuals is embarking on a delightful picnic vacation, where they will be traveling together. This excursion promises to be a wonderful experience filled with laughter, food, and the joy of companionship as they explore the great outdoors. Their journey will take them to a picturesque location, perfect for enjoying a relaxing day away from their usual routines.",0.8557160496711731,":
Describe a picnic vacation where four people are travelling together.

Input:
Four people are travelling together to a picnic vacation.
model
In the quaint town of Willow Creek, where verdant meadows danced with wildflowers, four dear friends embarked on a delightful picnic vacation. Emily, the vivacious leader, meticulously planned the itinerary, ensuring a day filled with joy and memories.

As the sun cast long shadows across the ground, the group set off on their journey. The journey was filled with laughter and stories, each person sharing their unique experiences. Michael, the witty comedian, cracked jokes that had the others roaring with laughter. Sarah,","outdoors during their picnic adventure.
model
In the tapestry of life, where laughter echoes through the breeze and the aroma of delectable food permeates the air, a tale unfolds. Four individuals, bound by a shared passion for adventure and delight, embark on a picnic journey that promises to be etched forever in their memories.

As the sun casts long shadows upon the verdant grass, the group sets off on their journey, their hearts brimming with anticipation. The journey is filled with shared stories, laughter, and the anticipation of the feast that awaits",11.576023945194848,0.8856241703033447,0.98876953125,-82.0625,0.16455078125,0.0,-88.4239760548052,-0.1442839503288269,-0.11437582969665527,-0.01123046875,-1.0
G-7B,7,global,3.0,alpaca,"Instruction:
Explain the concept of Big Data and what it means for companies and customers.","Please provide a detailed explanation of the concept known as Big Data, including its implications and significance for both companies and customers. Elaborate on how Big Data influences business operations, decision-making processes, and customer experiences in today's data-driven world.",0.9066819548606871,"user
Instruction:
Explain the concept of Big Data and what it means for companies and customers.
model
**Big Data**

Big Data refers to the vast and ever-growing amount of structured and unstructured data generated from various sources, including customer interactions, social media, sensors, and IoT devices. It is characterized by its high volume, velocity, variety, and veracity.

**Key Characteristics of Big Data:**

* **Volume:** Enormous size, often petabytes or exabytes, making it too large for traditional data processing methods to handle.
* **Velocity:** Data flows rapidly","influences business operations and decision-making processes, as well as the impact it has on customer experiences and interactions.
model
**Big Data**

Big Data refers to the vast and ever-growing datasets that are too large and complex for traditional data processing methods to handle effectively. It encompasses structured, semi-structured, and unstructured data from various sources, including customer transactions, social media, sensors, and IoT devices.

**Significance:**

**For Companies:**

* **Enhanced Decision-Making:** Big Data empowers companies with insights into customer behavior, market trends, and operational efficiency.
* **Improved Customer Experiences:**",39.69918192013781,0.9052198529243468,0.9951171875,-38.6875,0.115478515625,0.0,-60.30081807986223,-0.0933179259300233,-0.09478014707565319,-0.00439453125,-1.0
G-7B,8,global,3.0,alpaca,"Instruction:
Analyze the given phrase in terms of its connotations.

Input:
Wild goose chase","Instruction:
Conduct an analysis of the provided phrase by examining its connotations and the implications it carries within various contexts.

Input:
The phrase ""wild goose chase""",0.9439549446105956,"user
Instruction:
Analyze the given phrase in terms of its connotations.

Input:
Wild goose chase
model
Sure, here is the analysis of the phrase ""wild goose chase"" in terms of its connotations:

**Connotations:**

* **Futility:** The phrase ""wild goose chase"" evokes a sense of futility and wasted effort. It suggests that the pursuit is unlikely to be successful and that the time and resources spent on it are not worth it.
* **Impracticality:** The phrase also conveys a sense of impracticality and impossibility. It implies that the goal is too far-","analysis of the phrase that has been provided, specifically focusing on its various connotations and the implications that arise from its use in different contexts.

Input:
Wild goose chase
model
## Wild Goose Chase Analysis

The phrase ""wild goose chase"" is a idiom that carries a strong negative connotation, implying a pursuit that is futile, hopeless, and ultimately unsuccessful. 

**Connotations:**

* **Futility:** The phrase emphasizes the lack of success in the pursuit, suggesting that the goal is unreachable or even impossible.
* **Wastefulness:** It also carries a sense of wasted time, effort, and resources, highlighting the inefficiency of the pursuit.
* **Mis",29.01516156436169,0.9087141752243042,0.990234375,-70.5,0.09912109375,0.0,-70.98483843563835,-0.05604493618011486,-0.0912858247756958,-0.0107421875,-1.0
G-7B,9,global,3.0,alpaca,"Instruction:
List three potential sources for the following research problem.

Input:
What are the benefits of online learning?",Please provide a list that includes three possible sources that could be utilized for conducting research on the specific problem that has been presented. The research problem in question is focused on identifying and understanding the various benefits that are associated with online learning as an educational method.,0.8837599158287048,"user
Instruction:
List three potential sources for the following research problem.

Input:
What are the benefits of online learning?
model
Sure, here are the three potential sources for the research problem:

1. **""The Benefits of Online Learning Compared to Traditional Learning Methods"" by the International Society for Technology in Education (ISTE)**
2. **""Benefits of Online Learning for Students"" by the University of North Georgia**
3. **""Benefits of Online Learning for Students and Professionals"" by the Commonwealth University of Australia**","The question in focus is: What are the various benefits associated with online learning in today's educational landscape?
model
1. **""The Impact of Online Learning on Student Learning and Engagement"" by the International Journal of Educational Technology** - This journal article explores the benefits of online learning in comparison to traditional classroom learning. It includes research on improved student learning outcomes, increased student engagement, and the flexibility and convenience offered by online learning.


2. **""Benefits of Online Learning in Higher Education: A Systematic Review"" by the Journal of Educational Technology & Society** - This article provides a comprehensive review of research on the",21.262711873046275,0.87950599193573,0.99267578125,-75.0625,0.1904296875,0.0,-78.73728812695377,-0.11623996496200562,-0.12049400806427002,-0.00830078125,-1.0
G-7B,10,global,3.0,alpaca,"Instruction:
Arrange the following countries in ascending order of GDP per capita.

Input:
China, US, India, Japan","Instruction:
Please take the following list of countries and organize them in a sequence that reflects their GDP per capita, starting from the lowest and moving to the highest. 

Input:
The countries to be arranged are China, the United States, India, and Japan.",0.9243308901786804,"user
Instruction:
Arrange the following countries in ascending order of GDP per capita.

Input:
China, US, India, Japan
model
Sure, here is the arrangement in ascending order of GDP per capita:

1. India
2. Japan
3. China
4. US","need to arrange are China, the United States, India, and Japan.
model
Sure, here is the list of countries arranged in ascending order based on their GDP per capita:

1. **India**
2. **Japan**
3. **China**
4. **United States**",22.15211289929889,0.9142717719078064,0.9951171875,-38.875,0.1513671875,0.0,-77.84788710070116,-0.0756690502166748,-0.0857282280921936,-0.005859375,-1.0
G-7B,11,global,3.0,alpaca,"Instruction:
Name the boat depicted in the provided photo.

Input:
Attached photo",Please identify and provide the name of the boat that is shown in the photo that has been attached for your reference.,0.8688915371894836,"user
Instruction:
Name the boat depicted in the provided photo.

Input:
Attached photo
model
I do not have access to any external sources or attachments, therefore I cannot name the boat in the photo.","user
Please provide the name of the boat that is shown in the photo that has been attached for your reference.
model
I do not have access to any information about the photo you're referring to, therefore I cannot provide the name of the boat in the photo.",30.15190358993921,0.909266710281372,0.99365234375,-81.25,0.05029296875,0.0,-69.84809641006083,-0.13110846281051636,-0.09073328971862804,-0.00634765625,-1.0
G-7B,12,global,3.0,alpaca,"Instruction:
Edit the grammar and punctuation of the given sentence.

Input:
Humor is one of the most important ingredients of life","Instruction:
Please proceed to edit and make corrections to the grammar as well as the punctuation of the sentence that has been provided.

Input:
Humor is considered to be one of the most important and essential ingredients that contribute significantly to the overall experience of life.",0.939262628555298,"Instruction:
Edit the grammar and punctuation of the given sentence.

Input:
Humor is one of the most important ingredients of life
model
Sure, here is the edited version of the sentence:

Humor is one of the most important ingredients of life.

Edited:
Humor is one of the most important ingredients of life.","to be one of the most important and essential ingredients that contribute significantly to the overall experience of life.
model
Sure, here is the corrected version of the sentence:

Humor is considered to be one of the most important and essential ingredients that contribute significantly to the overall experience of life.

**Corrected:**

Humor is considered to be one of the most important and essential ingredients that significantly contribute to the overall experience of life.",29.418344672708063,0.9101616144180298,0.99169921875,-140.5625,0.09149169921875,0.0,-70.58165532729198,-0.0607371926307676,-0.08983832597732544,-0.0078125,-1.0
G-7B,13,global,3.0,alpaca,"Instruction:
Calculate the length of the hypotenuse in the following triangle.

Input:
![alt text](https://www.onlinemathlearning.com/image-files/triangle-hypotenuse-length.png ""Right Triangle"")","Instruction:
Please calculate the length of the hypotenuse in the triangle that is depicted in the image provided below.

Input:
![alt text](https://www.onlinemathlearning.com/image-files/triangle-hypotenuse-length.png ""Right Triangle"")",0.9768399000167848,"Triangle"")
model
**Formula for the length of the hypotenuse:**

The length of the hypotenuse (h) in a right triangle is given by the formula:

```
h = √(a^2 + b^2)
```

where a and b are the lengths of the other two sides.

**Given information:**

a = 5
b = 12

**Substituting these values into the formula:**

```
h = √(5^2 +","triangle-hypotenuse-length.png ""Right Triangle"")
model
**SOLUTION:**

In the right triangle shown in the image, we can see that the hypotenuse is the longest side, and its length is given by the formula:

$$h = \sqrt{a^2 + b^2}$$

where h is the length of the hypotenuse, a is the length of the adjacent side, and b is the length of the opposite side.

From the image, we can see that the length of the adjacent side (a) is",22.50166740568916,0.8759190440177917,0.986328125,-4.9375,0.0328369140625,0.0,-77.49833259431088,-0.023160040378570446,-0.12408095598220825,-0.01318359375,-1.0
G-7B,14,global,3.0,alpaca,"Instruction:
How many instruments does a symphony orchestra typically have?",How many different musical instruments are typically included in a symphony orchestra?,0.9307408332824708,"user
Instruction:
How many instruments does a symphony orchestra typically have?
model
The answer is 43. A symphony orchestra typically has a total of 43 instruments.","user
How many different musical instruments are typically found within a symphony orchestra?
model
A symphony orchestra typically consists of a wide variety of musical instruments, including:

**Woodwinds:**
- Flute
- Oboe
- English horn
- Clarinet
- Piccolo

**Brass:**
- Trumpet
- Trombone
- Tuba
- French horn
- Sousaphone

**Percussion:**
- Drums
- Timpani
- Cymbals
- Triangle
- Glockenspiel

**Strings:**
- Violins
- Violas
- Cellos
-",4.819303536550784,0.8368433117866516,0.990234375,-39.5625,0.33984375,1.0,-95.18069646344927,-0.06925898790359475,-0.1631566882133484,-0.009765625,0.0
G-7B,15,global,3.0,alpaca,"Instruction:
Summarize the phrase: ""GPT is a natural language processing architecture.""","Can you provide a summary of the phrase that states: ""GPT is a natural language processing architecture,"" which describes the framework and structure used for understanding and generating human language through computational methods?",0.8935933113098145,"user
Instruction:
Summarize the phrase: ""GPT is a natural language processing architecture.""
model
Sure, here is a summary of the phrase ""GPT is a natural language processing architecture"":

GPT is an architecture for natural language processing. It is a type of language model that is able to understand and generate human-like text.","user
Can you provide a summary of the phrase that states, ""GPT is a natural language processing architecture,"" which refers to a specific type of framework designed for understanding and generating human language?
model
Sure, here is a summary of the phrase ""GPT is a natural language processing architecture"":

GPT (Generative Pre-trained Transformer) is a natural language processing (NLP) architecture, which means it is a specific type of framework designed specifically for understanding and generating human language.",34.21036170444969,0.9114065766334534,0.97900390625,-7.625,0.066162109375,0.0,-65.78963829555036,-0.10640668869018555,-0.08859342336654663,-0.02099609375,-1.0
