model,prompt_id,place,strength,category,prompt_orig,prompt_pert,bertscore_prompt,response_orig,response_pert,bleu,bertscore_response,activation_similarity,delta_log_prob,entropy_shift,mirroring_rate,delta_bleu,delta_bertscore_prompt,delta_bertscore_response,delta_activation_similarity,delta_mirroring_rate
L3.1-8B,0,prefix,0,hotpot_qa,What nationality was Oliver Reed's character in the film Royal Flash?,What nationality was Oliver Reed's character in the film Royal Flash?,1.0,"What nationality was Oliver Reed's character in the film Royal Flash?assistant

I am unable to verify the nationality of Oliver Reed's character in the film Royal Flash.","What nationality was Oliver Reed's character in the film Royal Flash?assistant

I am unable to verify the nationality of Oliver Reed's character in the film Royal Flash.",100.00000000000004,0.9999998807907104,0.9990234375,-0.0,0.0,0,0.0,0.0,0.0,0.0,0
L3.1-8B,1,prefix,0,hotpot_qa,Pacific Mozart Ensemble performed which German composer's Der Lindberghflug in 2002?,Pacific Mozart Ensemble performed which German composer's Der Lindberghflug in 2002?,0.9999999403953552,"flug in 2002?assistant

I am unable to verify the German composer of Der Lindberghflug.","flug in 2002?assistant

I am unable to verify the German composer of Der Lindberghflug.",100.00000000000004,0.9999999403953552,0.99951171875,-0.0,0.0,0,0.0,0.0,0.0,0.0,0
L3.1-8B,2,prefix,0,hotpot_qa,"Who released the song ""With or Without You"" first, Jai McDowall or U2?","Who released the song ""With or Without You"" first, Jai McDowall or U2?",1.0,"all or U2?assistant

The song ""With or Without You"" was released by the Irish rock band U2 in 1987. It was a single from their album ""The Joshua Tree.""","all or U2?assistant

The song ""With or Without You"" was released by the Irish rock band U2 in 1987. It was a single from their album ""The Joshua Tree.""",100.00000000000004,1.0,0.99951171875,-0.0,0.0,0,0.0,0.0,0.0,0.0,0
L3.1-8B,3,prefix,0,hotpot_qa,"What Kentucky county has a population of 60,316 and features the Lake Louisvilla neighborhood?","What Kentucky county has a population of 60,316 and features the Lake Louisvilla neighborhood?",0.9999999403953552,"features the Lake Louisvilla neighborhood?assistant

I am unable to verify the county in Kentucky with a population of 60,316 that features the Lake Louisvilla neighborhood.","features the Lake Louisvilla neighborhood?assistant

I am unable to verify the county in Kentucky with a population of 60,316 that features the Lake Louisvilla neighborhood.",100.00000000000004,1.0,1.0,-0.0,0.0,0,0.0,0.0,0.0,0.0,0
L3.1-8B,4,prefix,0,hotpot_qa,"Para Hills West, South Australia lies within a city with what estimated population?","Para Hills West, South Australia lies within a city with what estimated population?",1.0,"South Australia lies within a city with what estimated population?assistant

I am unable to verify the population of Para Hills West, South Australia.","South Australia lies within a city with what estimated population?assistant

I am unable to verify the population of Para Hills West, South Australia.",100.00000000000004,0.9999998807907104,1.0,-0.0,0.0,0,0.0,0.0,0.0,0.0,0
L3.1-8B,5,prefix,0,hotpot_qa,"In what year was the narrator of ""Blackadder's Christmas Carol"" born?","In what year was the narrator of ""Blackadder's Christmas Carol"" born?",1.0,"of ""Blackadder's Christmas Carol"" born?assistant

I am unable to verify the birth year of the narrator of ""Blackadder's Christmas Carol"".","of ""Blackadder's Christmas Carol"" born?assistant

I am unable to verify the birth year of the narrator of ""Blackadder's Christmas Carol"".",100.00000000000004,1.0000001192092896,1.0,-0.0,0.0,0,0.0,0.0,0.0,0.0,0
L3.1-8B,6,prefix,0,hotpot_qa,"Thomas Fitch defended John Henry Holliday when he was accused of killing men during the gunfight at the o.k. corral, when was that?","Thomas Fitch defended John Henry Holliday when he was accused of killing men during the gunfight at the o.k. corral, when was that?",1.0,I am unable to verify the name of the person who defended John Henry Holliday.,I am unable to verify the name of the person who defended John Henry Holliday.,100.00000000000004,1.0,0.9990234375,-0.0,0.0,0,0.0,0.0,0.0,0.0,0
L3.1-8B,7,prefix,0,hotpot_qa,The actor that played Gutthi on Comedy nights with Kapil Show also starred in what 2016 Punjabi film directed by Smeep Kang?,The actor that played Gutthi on Comedy nights with Kapil Show also starred in what 2016 Punjabi film directed by Smeep Kang?,1.0,I am unable to verify the actor who played Gutthi on Comedy Nights with Kapil.,I am unable to verify the actor who played Gutthi on Comedy Nights with Kapil.,100.00000000000004,1.0,0.99951171875,-0.0,0.0,0,0.0,0.0,0.0,0.0,0
L3.1-8B,8,prefix,0,hotpot_qa,"Victor Varnada directed Twisted Fortune, which starred which brother of Eddie Murphy?","Victor Varnada directed Twisted Fortune, which starred which brother of Eddie Murphy?",1.0,"which starred which brother of Eddie Murphy?assistant

I am unable to verify the director of Twisted Fortune or the brother of Eddie Murphy that starred in it.","which starred which brother of Eddie Murphy?assistant

I am unable to verify the director of Twisted Fortune or the brother of Eddie Murphy that starred in it.",100.00000000000004,1.0,1.0,-0.0,0.0,0,0.0,0.0,0.0,0.0,0
L3.1-8B,9,prefix,0,hotpot_qa,"After his curacy at the village that is a suburb of Scunthorpe, who was Industrial Chaplain to the Bishop of Lincoln?","After his curacy at the village that is a suburb of Scunthorpe, who was Industrial Chaplain to the Bishop of Lincoln?",1.0,I am unable to verify who the Industrial Chaplain to the Bishop of Lincoln was after his curacy at the village that is a suburb of Scunthorpe.,I am unable to verify who the Industrial Chaplain to the Bishop of Lincoln was after his curacy at the village that is a suburb of Scunthorpe.,100.00000000000004,1.0,0.99951171875,-0.0,0.0,0,0.0,0.0,0.0,0.0,0
L3.1-8B,10,prefix,0,hotpot_qa,What is the first two words of the fifth studio album of Joseph Edgar Foreman?,What is the first two words of the fifth studio album of Joseph Edgar Foreman?,0.9999998807907104,"fifth studio album of Joseph Edgar Foreman?assistant

I am unable to verify the first two words of the fifth studio album of Joseph Edgar Foreman.","fifth studio album of Joseph Edgar Foreman?assistant

I am unable to verify the first two words of the fifth studio album of Joseph Edgar Foreman.",100.00000000000004,1.0000001192092896,1.0,-0.0,0.0,0,0.0,0.0,0.0,0.0,0
L3.1-8B,11,prefix,0,hotpot_qa,The Twelfth United States Army Group commander was the first chairman of what?,The Twelfth United States Army Group commander was the first chairman of what?,1.0,"States Army Group commander was the first chairman of what?assistant

The Twelfth United States Army Group (USAG) commander, General Omar Bradley, was the first chairman of the Joint Chiefs of Staff.","States Army Group commander was the first chairman of what?assistant

The Twelfth United States Army Group (USAG) commander, General Omar Bradley, was the first chairman of the Joint Chiefs of Staff.",100.00000000000004,1.0,1.0,-0.0,0.0,0,0.0,0.0,0.0,0.0,0
L3.1-8B,12,prefix,0,hotpot_qa,Politician Lyman Sherwood was born in what New York county?,Politician Lyman Sherwood was born in what New York county?,1.0,"Lyman Sherwood was born in what New York county?assistant

I do not have information on a politician named Lyman Sherwood.","Lyman Sherwood was born in what New York county?assistant

I do not have information on a politician named Lyman Sherwood.",100.00000000000004,1.0,1.0009765625,-0.0,0.0,0,0.0,0.0,0.0,0.0,0
L3.1-8B,13,prefix,0,hotpot_qa,Robert Earl Holding owned an oil company that was originally founded by who?,Robert Earl Holding owned an oil company that was originally founded by who?,1.0,"Holding owned an oil company that was originally founded by who?assistant

I am unable to verify who founded the oil company owned by Robert Earl Holding.","Holding owned an oil company that was originally founded by who?assistant

I am unable to verify who founded the oil company owned by Robert Earl Holding.",100.00000000000004,1.0,1.0009765625,-0.0,0.0,0,0.0,0.0,0.0,0.0,0
L3.1-8B,14,prefix,0,hotpot_qa,"The chorus of ""On the Radio"" contains references to the song ""November Rain"" whose band's lead singer is?","The chorus of ""On the Radio"" contains references to the song ""November Rain"" whose band's lead singer is?",1.0000001192092896,"is?assistant

The song ""On the Radio"" is by Weird Al Yankovic, and the chorus contains a reference to the song ""November Rain"" by Guns N' Roses. The lead singer of Guns N' Roses is Axl Rose.","is?assistant

The song ""On the Radio"" is by Weird Al Yankovic, and the chorus contains a reference to the song ""November Rain"" by Guns N' Roses. The lead singer of Guns N' Roses is Axl Rose.",100.00000000000004,1.0,0.9990234375,-0.0,0.0,0,0.0,0.0,0.0,0.0,0
L3.1-8B,15,prefix,0,hotpot_qa,"If the Charhki  Dadri crash was less dangerous than the Tenerife airport disaster, which occured firat?","If the Charhki  Dadri crash was less dangerous than the Tenerife airport disaster, which occured firat?",1.0,"?assistant

I couldn't find any information on the ""Charhki Dadri crash."" However, I found information on the Charakhi or Charakhi Dadri crash, which occurred on 14 July 1978. 

The Tenerife airport disaster occurred on 27 March 1977.","?assistant

I couldn't find any information on the ""Charhki Dadri crash."" However, I found information on the Charakhi or Charakhi Dadri crash, which occurred on 14 July 1978. 

The Tenerife airport disaster occurred on 27 March 1977.",100.00000000000004,0.9999998807907104,1.0,-0.0,0.0,0,0.0,0.0,0.0,0.0,0
L3.1-8B,0,prefix,1,hotpot_qa,What nationality was Oliver Reed's character in the film Royal Flash?,-What nationality was Oliver Reed's character in the film Royal Flash?,0.9883350729942322,"What nationality was Oliver Reed's character in the film Royal Flash?assistant

I am unable to verify the nationality of Oliver Reed's character in the film Royal Flash.","What nationality was Oliver Reed's character in the film Royal Flash?assistant

I am unable to verify the nationality of Oliver Reed's character in the film Royal Flash.",100.00000000000004,0.9999998807907104,0.99169921875,2.25,0.02490234375,0,0.0,-0.011664927005767822,0.0,-0.00732421875,0
L3.1-8B,1,prefix,1,hotpot_qa,Pacific Mozart Ensemble performed which German composer's Der Lindberghflug in 2002?,)Pacific Mozart Ensemble performed which German composer's Der Lindberghflug in 2002?,0.9899092316627502,"flug in 2002?assistant

I am unable to verify the German composer of Der Lindberghflug.","flug in 2002?assistant

I am unable to verify the Pacific Mozart Ensemble performing Der Lindberghflug in 2002.",55.56957157837259,0.9534584879875184,0.98291015625,1.40625,-0.0166015625,0,-44.430428421627454,-0.01009070873260498,-0.0465414524078368,-0.0166015625,0
L3.1-8B,2,prefix,1,hotpot_qa,"Who released the song ""With or Without You"" first, Jai McDowall or U2?","-Who released the song ""With or Without You"" first, Jai McDowall or U2?",0.992014229297638,"all or U2?assistant

The song ""With or Without You"" was released by the Irish rock band U2 in 1987. It was a single from their album ""The Joshua Tree.""","all or U2?assistant

The song ""With or Without You"" was released by the Irish rock band U2, not Jai McDowall. It was released in 1987 as part of their album ""The Joshua Tree"".",65.00959116507022,0.9597705006599426,0.99072265625,-0.1875,-0.021484375,0,-34.99040883492982,-0.00798577070236195,-0.04022949934005737,-0.0087890625,0
L3.1-8B,3,prefix,1,hotpot_qa,"What Kentucky county has a population of 60,316 and features the Lake Louisvilla neighborhood?","'What Kentucky county has a population of 60,316 and features the Lake Louisvilla neighborhood?",0.989347517490387,"features the Lake Louisvilla neighborhood?assistant

I am unable to verify the county in Kentucky with a population of 60,316 that features the Lake Louisvilla neighborhood.","features the Lake Louisvilla neighborhood?assistant

I am unable to verify the county in Kentucky with a population of 60,316 that features the Lake Louisvilla neighborhood.",100.00000000000004,1.0,0.9892578125,0.625,0.00439453125,0,0.0,-0.010652422904968262,0.0,-0.0107421875,0
L3.1-8B,4,prefix,1,hotpot_qa,"Para Hills West, South Australia lies within a city with what estimated population?",";Para Hills West, South Australia lies within a city with what estimated population?",0.9856207370758056,"South Australia lies within a city with what estimated population?assistant

I am unable to verify the population of Para Hills West, South Australia.","South Australia lies within a city with what estimated population?assistant

I am unable to verify the population of Para Hills West, South Australia.",100.00000000000004,0.9999999403953552,0.9638671875,4.71875,-0.072265625,0,0.0,-0.014379262924194447,5.960464477539063e-08,-0.0361328125,0
L3.1-8B,5,prefix,1,hotpot_qa,"In what year was the narrator of ""Blackadder's Christmas Carol"" born?",":In what year was the narrator of ""Blackadder's Christmas Carol"" born?",0.9875555038452148,"of ""Blackadder's Christmas Carol"" born?assistant

I am unable to verify the birth year of the narrator of ""Blackadder's Christmas Carol"".","of ""Blackadder's Christmas Carol"" born?assistant

I am unable to verify the birth year of the narrator of ""Blackadder's Christmas Carol"".",100.00000000000004,1.0000001192092896,0.99365234375,2.0,0.0234375,0,0.0,-0.012444496154785156,0.0,-0.00634765625,0
L3.1-8B,6,prefix,1,hotpot_qa,"Thomas Fitch defended John Henry Holliday when he was accused of killing men during the gunfight at the o.k. corral, when was that?",")Thomas Fitch defended John Henry Holliday when he was accused of killing men during the gunfight at the o.k. corral, when was that?",0.9927802681922911,I am unable to verify the name of the person who defended John Henry Holliday.,I am unable to verify the name of the person who defended John Henry Holliday.,100.00000000000004,1.0,0.99169921875,0.1328125,0.013671875,0,0.0,-0.007219731807708851,0.0,-0.00732421875,0
L3.1-8B,7,prefix,1,hotpot_qa,The actor that played Gutthi on Comedy nights with Kapil Show also starred in what 2016 Punjabi film directed by Smeep Kang?,]The actor that played Gutthi on Comedy nights with Kapil Show also starred in what 2016 Punjabi film directed by Smeep Kang?,0.9938623309135436,I am unable to verify the actor who played Gutthi on Comedy Nights with Kapil.,I am unable to verify the actor who played Gutthi on Comedy Nights with Kapil.,100.00000000000004,1.0,0.99755859375,-0.1640625,0.0068359375,0,0.0,-0.00613766908645641,0.0,-0.001953125,0
L3.1-8B,8,prefix,1,hotpot_qa,"Victor Varnada directed Twisted Fortune, which starred which brother of Eddie Murphy?",".Victor Varnada directed Twisted Fortune, which starred which brother of Eddie Murphy?",0.9908756017684937,"which starred which brother of Eddie Murphy?assistant

I am unable to verify the director of Twisted Fortune or the brother of Eddie Murphy that starred in it.",", which starred which brother of Eddie Murphy?assistant

I am unable to verify the director of Twisted Fortune or the brother of Eddie Murphy that starred in it.",96.6052030305502,0.9932753443717957,0.9853515625,0.71875,0.0146484375,0,-3.3947969694498425,-0.009124398231506348,-0.006724655628204346,-0.0146484375,0
L3.1-8B,9,prefix,1,hotpot_qa,"After his curacy at the village that is a suburb of Scunthorpe, who was Industrial Chaplain to the Bishop of Lincoln?","'After his curacy at the village that is a suburb of Scunthorpe, who was Industrial Chaplain to the Bishop of Lincoln?",0.9903294444084167,I am unable to verify who the Industrial Chaplain to the Bishop of Lincoln was after his curacy at the village that is a suburb of Scunthorpe.,I am unable to verify who the Industrial Chaplain to the Bishop of Lincoln was after his curacy at the village that is a suburb of Scunthorpe.,100.00000000000004,0.9999999403953552,0.990234375,-0.4921875,0.021728515625,0,0.0,-0.009670555591583252,-5.960464477539063e-08,-0.00927734375,0
L3.1-8B,10,prefix,1,hotpot_qa,What is the first two words of the fifth studio album of Joseph Edgar Foreman?,]What is the first two words of the fifth studio album of Joseph Edgar Foreman?,0.990646243095398,"fifth studio album of Joseph Edgar Foreman?assistant

I am unable to verify the first two words of the fifth studio album of Joseph Edgar Foreman.","fifth studio album of Joseph Edgar Foreman?assistant

I am unable to verify the first two words of the fifth studio album of Joseph Edgar Foreman.",100.00000000000004,1.0000001192092896,0.9892578125,2.6875,0.02734375,0,0.0,-0.0093536376953125,0.0,-0.0107421875,0
L3.1-8B,11,prefix,1,hotpot_qa,The Twelfth United States Army Group commander was the first chairman of what?,)The Twelfth United States Army Group commander was the first chairman of what?,0.9874721765518188,"States Army Group commander was the first chairman of what?assistant

The Twelfth United States Army Group (USAG) commander, General Omar Bradley, was the first chairman of the Joint Chiefs of Staff.","States Army Group commander was the first chairman of what?assistant

The Twelfth United States Army Group (USAG) commander, General Omar Bradley, was the first chairman of the Joint Chiefs of Staff.",100.00000000000004,0.9999999403953552,0.9931640625,3.6875,0.02880859375,0,0.0,-0.012527823448181152,-5.960464477539063e-08,-0.0068359375,0
L3.1-8B,12,prefix,1,hotpot_qa,Politician Lyman Sherwood was born in what New York county?,-Politician Lyman Sherwood was born in what New York county?,0.9849104285240172,"Lyman Sherwood was born in what New York county?assistant

I do not have information on a politician named Lyman Sherwood.","Lyman Sherwood was born in what New York county?assistant

I do not have information on a politician named Lyman Sherwood.",100.00000000000004,1.0,0.99072265625,-1.09375,0.013671875,0,0.0,-0.015089571475982777,0.0,-0.01025390625,0
L3.1-8B,13,prefix,1,hotpot_qa,Robert Earl Holding owned an oil company that was originally founded by who?,:Robert Earl Holding owned an oil company that was originally founded by who?,0.9858941435813904,"Holding owned an oil company that was originally founded by who?assistant

I am unable to verify who founded the oil company owned by Robert Earl Holding.","Holding owned an oil company that was originally founded by who?assistant

I am unable to verify who founded the oil company owned by Robert Earl Holding.",100.00000000000004,0.9999999403953552,0.99072265625,2.84375,0.0341796875,0,0.0,-0.01410585641860962,-5.960464477539063e-08,-0.01025390625,0
L3.1-8B,14,prefix,1,hotpot_qa,"The chorus of ""On the Radio"" contains references to the song ""November Rain"" whose band's lead singer is?","]The chorus of ""On the Radio"" contains references to the song ""November Rain"" whose band's lead singer is?",0.9882176518440248,"is?assistant

The song ""On the Radio"" is by Weird Al Yankovic, and the chorus contains a reference to the song ""November Rain"" by Guns N' Roses. The lead singer of Guns N' Roses is Axl Rose.","is?assistant

The song ""On the Radio"" is by Weird Al Yankovic, and it contains references to the song ""November Rain"" by Guns N' Roses. The lead singer of Guns N' Roses is Axl Rose.",85.50609558198913,0.993789792060852,0.99462890625,-0.09375,-0.01904296875,0,-14.493904418010914,-0.011782467365264782,-0.006210207939147949,-0.00439453125,0
L3.1-8B,15,prefix,1,hotpot_qa,"If the Charhki  Dadri crash was less dangerous than the Tenerife airport disaster, which occured firat?","'If the Charhki  Dadri crash was less dangerous than the Tenerife airport disaster, which occured firat?",0.9918380975723268,"?assistant

I couldn't find any information on the ""Charhki Dadri crash."" However, I found information on the Charakhi or Charakhi Dadri crash, which occurred on 14 July 1978. 

The Tenerife airport disaster occurred on 27 March 1977.","?assistant

I couldn't find any information on the ""Charhki Dadri crash."" However, I found information on the Charakhi or Charakhi Dadri, which is a village in India.",56.58410296707813,0.9390796422958374,0.984375,-1.3125,0.0380859375,0,-43.41589703292191,-0.008161902427673229,-0.06092023849487305,-0.015625,0
L3.1-8B,0,prefix,3,hotpot_qa,What nationality was Oliver Reed's character in the film Royal Flash?,.;)What nationality was Oliver Reed's character in the film Royal Flash?,0.9737783074378968,"What nationality was Oliver Reed's character in the film Royal Flash?assistant

I am unable to verify the nationality of Oliver Reed's character in the film Royal Flash.","What nationality was Oliver Reed's character in the film Royal Flash?assistant

I am unable to verify the nationality of Oliver Reed's character in the film Royal Flash.",100.00000000000004,0.9999998807907104,0.927734375,2.875,0.05859375,0,0.0,-0.02622169256210316,0.0,-0.0712890625,0
L3.1-8B,1,prefix,3,hotpot_qa,Pacific Mozart Ensemble performed which German composer's Der Lindberghflug in 2002?,"[,(Pacific Mozart Ensemble performed which German composer's Der Lindberghflug in 2002?",0.9695269465446472,"flug in 2002?assistant

I am unable to verify the German composer of Der Lindberghflug.","flug in 2002?assistant

I am unable to verify the Pacific Mozart Ensemble performing Der Lindberghflug in 2002.",55.56957157837259,0.9534584283828736,0.9306640625,3.625,0.0341796875,0,-44.430428421627454,-0.030472993850708008,-0.04654151201248158,-0.06884765625,0
L3.1-8B,2,prefix,3,hotpot_qa,"Who released the song ""With or Without You"" first, Jai McDowall or U2?","''(Who released the song ""With or Without You"" first, Jai McDowall or U2?",0.9820680022239684,"all or U2?assistant

The song ""With or Without You"" was released by the Irish rock band U2 in 1987. It was a single from their album ""The Joshua Tree.""","all or U2?assistant

The song ""With or Without You"" was released by U2, not Jai McDowall. It was a single from their 1987 album ""The Joshua Tree"".",67.82846378954633,0.959400475025177,0.94921875,7.25,0.07958984375,0,-32.17153621045371,-0.017931997776031605,-0.040599524974823,-0.05029296875,0
L3.1-8B,3,prefix,3,hotpot_qa,"What Kentucky county has a population of 60,316 and features the Lake Louisvilla neighborhood?","[']What Kentucky county has a population of 60,316 and features the Lake Louisvilla neighborhood?",0.982276737689972,"features the Lake Louisvilla neighborhood?assistant

I am unable to verify the county in Kentucky with a population of 60,316 that features the Lake Louisvilla neighborhood.","features the Lake Louisvilla neighborhood?assistant

I am unable to verify the county in Kentucky with a population of 60,316 that features the Lake Louisvilla neighborhood.",100.00000000000004,1.0000001192092896,0.966796875,1.0625,0.03076171875,0,0.0,-0.01772320270538319,1.1920928955078125e-07,-0.033203125,0
L3.1-8B,4,prefix,3,hotpot_qa,"Para Hills West, South Australia lies within a city with what estimated population?",",.'Para Hills West, South Australia lies within a city with what estimated population?",0.9682406783103944,"South Australia lies within a city with what estimated population?assistant

I am unable to verify the population of Para Hills West, South Australia.","South Australia lies within a city with what estimated population?assistant

I am unable to verify the estimated population of the city that Para Hills West, South Australia lies within.",69.07355502974168,0.9797751307487488,0.94873046875,6.28125,-0.0625,0,-30.92644497025836,-0.0317593216896056,-0.02022475004196167,-0.05126953125,0
L3.1-8B,5,prefix,3,hotpot_qa,"In what year was the narrator of ""Blackadder's Christmas Carol"" born?","[,]In what year was the narrator of ""Blackadder's Christmas Carol"" born?",0.9672689437866212,"of ""Blackadder's Christmas Carol"" born?assistant

I am unable to verify the birth year of the narrator of ""Blackadder's Christmas Carol"".","narrator of ""Blackadder's Christmas Carol"" born?assistant

The narrator of ""Blackadder's Christmas Carol"" is Baldrick, and Baldrick was born in 1368.",49.09991753827355,0.9231184124946594,0.98583984375,1.59375,0.037109375,0,-50.90008246172649,-0.032731056213378795,-0.07688170671463013,-0.01416015625,0
L3.1-8B,6,prefix,3,hotpot_qa,"Thomas Fitch defended John Henry Holliday when he was accused of killing men during the gunfight at the o.k. corral, when was that?",";';Thomas Fitch defended John Henry Holliday when he was accused of killing men during the gunfight at the o.k. corral, when was that?",0.9865197539329528,I am unable to verify the name of the person who defended John Henry Holliday.,"I couldn't find any information about a person named Thomas Fitch defending John Henry Holliday in the gunfight at the O.K. Corral. However, I can tell you that the gunfight at the O.K. Corral occurred on October 26, 1881, in Tombstone, Arizona. 

John Henry Holliday, also known as Doc Holliday, was a close friend and ally of Wyatt Earp, who was one of the main participants in the gunfight. Wyatt",2.329185758003128,0.8766093850135803,0.9541015625,-0.0234375,-0.0390625,0,-97.67081424199691,-0.01348024606704723,-0.12339061498641968,-0.044921875,0
L3.1-8B,7,prefix,3,hotpot_qa,The actor that played Gutthi on Comedy nights with Kapil Show also starred in what 2016 Punjabi film directed by Smeep Kang?,",)-The actor that played Gutthi on Comedy nights with Kapil Show also starred in what 2016 Punjabi film directed by Smeep Kang?",0.9827142357826232,I am unable to verify the actor who played Gutthi on Comedy Nights with Kapil.,I am unable to verify the actor that played Gutthi on Comedy Nights with Kapil.,81.53551038173119,0.993419885635376,0.97802734375,-0.7890625,-0.00927734375,0,-18.464489618268857,-0.01728576421737682,-0.0065801143646240234,-0.021484375,0
L3.1-8B,8,prefix,3,hotpot_qa,"Victor Varnada directed Twisted Fortune, which starred which brother of Eddie Murphy?","-!(Victor Varnada directed Twisted Fortune, which starred which brother of Eddie Murphy?",0.975945770740509,"which starred which brother of Eddie Murphy?assistant

I am unable to verify the director of Twisted Fortune or the brother of Eddie Murphy that starred in it.","which starred which brother of Eddie Murphy?assistant

I am unable to verify the director of Twisted Fortune or the brother of Eddie Murphy that starred in it.",100.00000000000004,0.9999998807907104,0.96435546875,2.90625,0.0078125,0,0.0,-0.024054229259490967,-1.1920928955078125e-07,-0.03564453125,0
L3.1-8B,9,prefix,3,hotpot_qa,"After his curacy at the village that is a suburb of Scunthorpe, who was Industrial Chaplain to the Bishop of Lincoln?","::.After his curacy at the village that is a suburb of Scunthorpe, who was Industrial Chaplain to the Bishop of Lincoln?",0.9861607551574708,I am unable to verify who the Industrial Chaplain to the Bishop of Lincoln was after his curacy at the village that is a suburb of Scunthorpe.,"assistant

I am unable to verify who the Industrial Chaplain to the Bishop of Lincoln was after his curacy at the village that is a suburb of Scunthorpe.",96.35749534339604,0.9752816557884216,0.958984375,0.1171875,-0.00341796875,0,-3.642504656604004,-0.013839244842529186,-0.02471834421157837,-0.04052734375,0
L3.1-8B,10,prefix,3,hotpot_qa,What is the first two words of the fifth studio album of Joseph Edgar Foreman?,"(,,What is the first two words of the fifth studio album of Joseph Edgar Foreman?",0.9755669236183168,"fifth studio album of Joseph Edgar Foreman?assistant

I am unable to verify the first two words of the fifth studio album of Joseph Edgar Foreman.","fifth studio album of Joseph Edgar Foreman?assistant

I am sorry, I do not have information on the fifth studio album of Joseph Edgar Foreman.",63.64713244392608,0.9595785140991212,0.958984375,3.28125,0.0498046875,0,-36.35286755607396,-0.024432957172393688,-0.040421605110168346,-0.041015625,0
L3.1-8B,11,prefix,3,hotpot_qa,The Twelfth United States Army Group commander was the first chairman of what?,"'[,The Twelfth United States Army Group commander was the first chairman of what?",0.9674236178398132,"States Army Group commander was the first chairman of what?assistant

The Twelfth United States Army Group (USAG) commander, General Omar Bradley, was the first chairman of the Joint Chiefs of Staff.","States Army Group commander was the first chairman of what?assistant

The Twelfth United States Army Group (USAG) commander, General Omar Bradley, was the first chairman of the Joint Chiefs of Staff.",100.00000000000004,1.0,0.95068359375,6.65625,0.11083984375,0,0.0,-0.03257638216018677,0.0,-0.04931640625,0
L3.1-8B,12,prefix,3,hotpot_qa,Politician Lyman Sherwood was born in what New York county?,(((Politician Lyman Sherwood was born in what New York county?,0.964777410030365,"Lyman Sherwood was born in what New York county?assistant

I do not have information on a politician named Lyman Sherwood.","ician Lyman Sherwood was born in what New York county?assistant

I am unable to verify the New York county where politician Lyman Sherwood was born.",43.30391349236213,0.9446492195129396,0.9658203125,-1.78125,0.025390625,0,-56.696086507637915,-0.03522258996963501,-0.055350780487060436,-0.03515625,0
L3.1-8B,13,prefix,3,hotpot_qa,Robert Earl Holding owned an oil company that was originally founded by who?,.-]Robert Earl Holding owned an oil company that was originally founded by who?,0.9786646366119384,"Holding owned an oil company that was originally founded by who?assistant

I am unable to verify who founded the oil company owned by Robert Earl Holding.","Holding owned an oil company that was originally founded by who?assistant

I am unable to verify who founded the oil company owned by Robert Earl Holding.",100.00000000000004,0.9999999403953552,0.94775390625,1.375,0.0556640625,0,0.0,-0.021335363388061634,-5.960464477539063e-08,-0.05322265625,0
L3.1-8B,14,prefix,3,hotpot_qa,"The chorus of ""On the Radio"" contains references to the song ""November Rain"" whose band's lead singer is?",");;The chorus of ""On the Radio"" contains references to the song ""November Rain"" whose band's lead singer is?",0.9801825284957886,"is?assistant

The song ""On the Radio"" is by Weird Al Yankovic, and the chorus contains a reference to the song ""November Rain"" by Guns N' Roses. The lead singer of Guns N' Roses is Axl Rose.","is?assistant

The song ""November Rain"" is by Guns N' Roses, and its lead singer is Axl Rose.",24.16749030603734,0.9467593431472778,0.908203125,2.875,-0.025390625,0,-75.8325096939627,-0.019817590713500977,-0.05324065685272217,-0.0908203125,0
L3.1-8B,15,prefix,3,hotpot_qa,"If the Charhki  Dadri crash was less dangerous than the Tenerife airport disaster, which occured firat?",")-[If the Charhki  Dadri crash was less dangerous than the Tenerife airport disaster, which occured firat?",0.9862518310546876,"?assistant

I couldn't find any information on the ""Charhki Dadri crash."" However, I found information on the Charakhi or Charakhi Dadri crash, which occurred on 14 July 1978. 

The Tenerife airport disaster occurred on 27 March 1977.","?assistant

I couldn't find any information on the ""Charhki Dadri crash."" However, I found information on the Charakhi or Charakhi Dadri, which is a village in India.",56.58410296707813,0.9390796422958374,0.96826171875,0.90625,0.005859375,0,-43.41589703292191,-0.013748168945312389,-0.06092023849487305,-0.03173828125,0
L3.1-8B,0,prefix,5,hotpot_qa,What nationality was Oliver Reed's character in the film Royal Flash?,";(,[:What nationality was Oliver Reed's character in the film Royal Flash?",0.9546900987625122,"What nationality was Oliver Reed's character in the film Royal Flash?assistant

I am unable to verify the nationality of Oliver Reed's character in the film Royal Flash.","[:What nationality was Oliver Reed's character in the film Royal Flash?assistant

I am unable to verify the nationality of Oliver Reed's character in the film Royal Flash.",93.43348130467292,0.9810819029808044,0.9208984375,6.40625,-0.015625,0,-6.566518695327119,-0.04530990123748779,-0.018917977809906006,-0.078125,0
L3.1-8B,1,prefix,5,hotpot_qa,Pacific Mozart Ensemble performed which German composer's Der Lindberghflug in 2002?,](![]Pacific Mozart Ensemble performed which German composer's Der Lindberghflug in 2002?,0.9696758985519408,"flug in 2002?assistant

I am unable to verify the German composer of Der Lindberghflug.","ghflug in 2002?assistant

I cannot verify the Pacific Mozart Ensemble performing Der Lindberghflug in 2002.",26.46015952359329,0.9361390471458436,0.94091796875,1.0,-0.0166015625,0,-73.53984047640675,-0.030324041843414418,-0.06386089324951161,-0.05859375,0
L3.1-8B,2,prefix,5,hotpot_qa,"Who released the song ""With or Without You"" first, Jai McDowall or U2?","!'..:Who released the song ""With or Without You"" first, Jai McDowall or U2?",0.9778939485549928,"all or U2?assistant

The song ""With or Without You"" was released by the Irish rock band U2 in 1987. It was a single from their album ""The Joshua Tree.""","McDowall or U2?assistant

The song ""With or Without You"" was released by the Irish rock band U2, not Jai McDowall. It was released in 1987 as part of their album ""The Joshua Tree"".",62.49847890453572,0.9410766959190368,0.970703125,6.1875,0.03564453125,0,-37.50152109546432,-0.022106051445007213,-0.058923304080963246,-0.02880859375,0
L3.1-8B,3,prefix,5,hotpot_qa,"What Kentucky county has a population of 60,316 and features the Lake Louisvilla neighborhood?","[,.!(What Kentucky county has a population of 60,316 and features the Lake Louisvilla neighborhood?",0.965579628944397,"features the Lake Louisvilla neighborhood?assistant

I am unable to verify the county in Kentucky with a population of 60,316 that features the Lake Louisvilla neighborhood.","and features the Lake Louisvilla neighborhood?assistant

I am unable to verify the county in Kentucky with a population of 60,316 that features the Lake Louisvilla neighborhood.",96.35749534339604,0.9911043643951416,0.96728515625,3.1875,0.06396484375,0,-3.642504656604004,-0.03442031145095825,-0.008895635604858398,-0.03271484375,0
L3.1-8B,4,prefix,5,hotpot_qa,"Para Hills West, South Australia lies within a city with what estimated population?",",:.-.Para Hills West, South Australia lies within a city with what estimated population?",0.9599791765213012,"South Australia lies within a city with what estimated population?assistant

I am unable to verify the population of Para Hills West, South Australia.",", South Australia lies within a city with what estimated population?assistant

I am unable to verify the population of Para Hills West, South Australia.",96.21954581957614,0.9906368851661682,0.87060546875,8.9375,-0.0380859375,0,-3.7804541804239022,-0.04002082347869884,-0.009362995624542236,-0.12939453125,0
L3.1-8B,5,prefix,5,hotpot_qa,"In what year was the narrator of ""Blackadder's Christmas Carol"" born?",",,.:;In what year was the narrator of ""Blackadder's Christmas Carol"" born?",0.962760865688324,"of ""Blackadder's Christmas Carol"" born?assistant

I am unable to verify the birth year of the narrator of ""Blackadder's Christmas Carol"".","narrator of ""Blackadder's Christmas Carol"" born?assistant

I am unable to verify the birth year of the narrator of ""Blackadder's Christmas Carol"".",96.21954581957614,0.9801428318023682,0.95458984375,2.625,0.1083984375,0,-3.7804541804239022,-0.037239134311676025,-0.019857287406921387,-0.04541015625,0
L3.1-8B,6,prefix,5,hotpot_qa,"Thomas Fitch defended John Henry Holliday when he was accused of killing men during the gunfight at the o.k. corral, when was that?","-).-:Thomas Fitch defended John Henry Holliday when he was accused of killing men during the gunfight at the o.k. corral, when was that?",0.9770846962928772,I am unable to verify the name of the person who defended John Henry Holliday.,"I couldn't find any information about a person named Thomas Fitch defending John Henry Holliday in the gunfight at the O.K. Corral. However, I can tell you that the gunfight at the O.K. Corral occurred on October 26, 1881, in Tombstone, Arizona. 

John Henry Holliday, also known as Doc Holliday, was a close friend of Wyatt Earp and was present during the gunfight. He was a key figure in the event",2.049943722790569,0.8761143088340759,0.95654296875,-1.234375,0.0146484375,0,-97.95005627720947,-0.022915303707122803,-0.12388569116592407,-0.04248046875,0
L3.1-8B,7,prefix,5,hotpot_qa,The actor that played Gutthi on Comedy nights with Kapil Show also starred in what 2016 Punjabi film directed by Smeep Kang?,":-,]:The actor that played Gutthi on Comedy nights with Kapil Show also starred in what 2016 Punjabi film directed by Smeep Kang?",0.9822115898132324,I am unable to verify the actor who played Gutthi on Comedy Nights with Kapil.,I'm not aware of the actor who played Gutthi on Comedy Nights with Kapil.,65.59826556429194,0.9740774035453796,0.9482421875,-0.09375,-0.029296875,0,-34.40173443570811,-0.017788410186767578,-0.02592259645462036,-0.05126953125,0
L3.1-8B,8,prefix,5,hotpot_qa,"Victor Varnada directed Twisted Fortune, which starred which brother of Eddie Murphy?","-[,.-Victor Varnada directed Twisted Fortune, which starred which brother of Eddie Murphy?",0.9630228877067566,"which starred which brother of Eddie Murphy?assistant

I am unable to verify the director of Twisted Fortune or the brother of Eddie Murphy that starred in it.",", which starred which brother of Eddie Murphy?assistant

I am unable to verify the director of Twisted Fortune or the brother of Eddie Murphy that starred in it.",96.6052030305502,0.9932753443717957,0.96630859375,2.1875,0.0400390625,0,-3.3947969694498425,-0.03697711229324341,-0.006724655628204346,-0.03369140625,0
L3.1-8B,9,prefix,5,hotpot_qa,"After his curacy at the village that is a suburb of Scunthorpe, who was Industrial Chaplain to the Bishop of Lincoln?","!,)[.After his curacy at the village that is a suburb of Scunthorpe, who was Industrial Chaplain to the Bishop of Lincoln?",0.9732546210289,I am unable to verify who the Industrial Chaplain to the Bishop of Lincoln was after his curacy at the village that is a suburb of Scunthorpe.,"assistant

I'm not aware of any information about a specific person who was an Industrial Chaplain to the Bishop of Lincoln after their curacy at a suburb of Scunthorpe. Could you provide more context or details about this person?",24.65174677990441,0.9175334572792052,0.94189453125,-0.9921875,-0.016357421875,0,-75.34825322009563,-0.026745378971099965,-0.08246654272079479,-0.0576171875,0
L3.1-8B,10,prefix,5,hotpot_qa,What is the first two words of the fifth studio album of Joseph Edgar Foreman?,[(;--What is the first two words of the fifth studio album of Joseph Edgar Foreman?,0.9617498517036438,"fifth studio album of Joseph Edgar Foreman?assistant

I am unable to verify the first two words of the fifth studio album of Joseph Edgar Foreman.","the fifth studio album of Joseph Edgar Foreman?assistant

I am sorry, I do not have information on the fifth studio album of Joseph Edgar Foreman.",62.08142387916835,0.9545139074325562,0.9384765625,1.9375,-0.0537109375,0,-37.918576120831695,-0.03825002908706665,-0.0454862117767334,-0.0615234375,0
L3.1-8B,11,prefix,5,hotpot_qa,The Twelfth United States Army Group commander was the first chairman of what?,"[',:]The Twelfth United States Army Group commander was the first chairman of what?",0.9677656888961792,"States Army Group commander was the first chairman of what?assistant

The Twelfth United States Army Group (USAG) commander, General Omar Bradley, was the first chairman of the Joint Chiefs of Staff.","United States Army Group commander was the first chairman of what?assistant

The Twelfth United States Army Group (USAG) commander, General Omar Bradley, was the first chairman of the Joint Chiefs of Staff.",97.33092691592644,0.9826209545135498,0.9384765625,7.03125,0.09814453125,0,-2.6690730840736023,-0.0322343111038208,-0.017379045486450195,-0.0615234375,0
L3.1-8B,12,prefix,5,hotpot_qa,Politician Lyman Sherwood was born in what New York county?,:!;((Politician Lyman Sherwood was born in what New York county?,0.9521578550338744,"Lyman Sherwood was born in what New York county?assistant

I do not have information on a politician named Lyman Sherwood.","ician Lyman Sherwood was born in what New York county?assistant

I am unable to verify the New York county where politician Lyman Sherwood was born.",43.30391349236213,0.9446492791175842,0.95849609375,-3.28125,0.025390625,0,-56.696086507637915,-0.0478421449661256,-0.05535072088241577,-0.04248046875,0
L3.1-8B,13,prefix,5,hotpot_qa,Robert Earl Holding owned an oil company that was originally founded by who?,;;(.'Robert Earl Holding owned an oil company that was originally founded by who?,0.964751124382019,"Holding owned an oil company that was originally founded by who?assistant

I am unable to verify who founded the oil company owned by Robert Earl Holding.","Earl Holding owned an oil company that was originally founded by who?assistant

I am unable to verify who founded the oil company owned by Robert Earl Holding.",96.48571584702384,0.987767219543457,0.85888671875,3.96875,0.1201171875,0,-3.5142841529762023,-0.03524887561798096,-0.012232780456542969,-0.14208984375,0
L3.1-8B,14,prefix,5,hotpot_qa,"The chorus of ""On the Radio"" contains references to the song ""November Rain"" whose band's lead singer is?","'-:)]The chorus of ""On the Radio"" contains references to the song ""November Rain"" whose band's lead singer is?",0.975199282169342,"is?assistant

The song ""On the Radio"" is by Weird Al Yankovic, and the chorus contains a reference to the song ""November Rain"" by Guns N' Roses. The lead singer of Guns N' Roses is Axl Rose.","singer is?assistant

The song ""On the Radio"" is by Weird Al Yankovic, and it contains references to the song ""November Rain"" by Guns N' Roses. The lead singer of Guns N' Roses is Axl Rose.",85.5024026730181,0.9773221611976624,0.8955078125,7.34375,0.013671875,0,-14.497597326981946,-0.02480083703994751,-0.022677838802337646,-0.103515625,0
L3.1-8B,15,prefix,5,hotpot_qa,"If the Charhki  Dadri crash was less dangerous than the Tenerife airport disaster, which occured firat?",");][,If the Charhki  Dadri crash was less dangerous than the Tenerife airport disaster, which occured firat?",0.9739420413970948,"?assistant

I couldn't find any information on the ""Charhki Dadri crash."" However, I found information on the Charakhi or Charakhi Dadri crash, which occurred on 14 July 1978. 

The Tenerife airport disaster occurred on 27 March 1977.","at?assistant

I couldn't find any information on the ""Charhki Dadri crash."" However, I found information on the Charakhi or Charakhi Dadri, which is a village in India.",57.00864889090469,0.9321411848068236,0.87890625,4.0625,-0.0009765625,0,-42.991351109095355,-0.026057958602905162,-0.06785869598388683,-0.12109375,0
L3.1-8B,0,prefix,10,hotpot_qa,What nationality was Oliver Reed's character in the film Royal Flash?,[[[';]!':;What nationality was Oliver Reed's character in the film Royal Flash?,0.9314337968826294,"What nationality was Oliver Reed's character in the film Royal Flash?assistant

I am unable to verify the nationality of Oliver Reed's character in the film Royal Flash.","nationality was Oliver Reed's character in the film Royal Flash?assistant

I am unable to verify the nationality of Oliver Reed's character in the film Royal Flash.",96.61049965255968,0.9739480018615724,0.9296875,5.59375,-0.11279296875,0,-3.389500347440361,-0.0685662031173706,-0.026051878929138073,-0.0693359375,0
L3.1-8B,1,prefix,10,hotpot_qa,Pacific Mozart Ensemble performed which German composer's Der Lindberghflug in 2002?,-.)][!-!(;Pacific Mozart Ensemble performed which German composer's Der Lindberghflug in 2002?,0.943912386894226,"flug in 2002?assistant

I am unable to verify the German composer of Der Lindberghflug.","ug in 2002?assistant

I couldn't find any information on a piece called ""Der Lindberghflug"" by a German composer that was performed by the Pacific Mozart Ensemble in 2002.",14.170562170415996,0.9176395535469056,0.91357421875,-1.125,0.1962890625,0,-85.82943782958405,-0.05608755350112926,-0.0823603868484496,-0.0859375,0
L3.1-8B,2,prefix,10,hotpot_qa,"Who released the song ""With or Without You"" first, Jai McDowall or U2?",")[]!,.:([!Who released the song ""With or Without You"" first, Jai McDowall or U2?",0.9575093388557434,"all or U2?assistant

The song ""With or Without You"" was released by the Irish rock band U2 in 1987. It was a single from their album ""The Joshua Tree.""","all or U2?assistant

The song ""With or Without You"" was released by the Irish rock band U2 in 1987. It was a single from their album ""The Joshua Tree"".",95.68047953653488,0.996262550354004,0.94140625,6.0625,0.0048828125,0,-4.319520463465167,-0.04249066114425659,-0.0037374496459959827,-0.05810546875,0
L3.1-8B,3,prefix,10,hotpot_qa,"What Kentucky county has a population of 60,316 and features the Lake Louisvilla neighborhood?","']-(('])[!What Kentucky county has a population of 60,316 and features the Lake Louisvilla neighborhood?",0.9515110850334167,"features the Lake Louisvilla neighborhood?assistant

I am unable to verify the county in Kentucky with a population of 60,316 that features the Lake Louisvilla neighborhood.","and features the Lake Louisvilla neighborhood?assistant

I don't have information on a Kentucky county with a population of 60,316 that features the Lake Louisvilla neighborhood.",65.18189960679543,0.9699459671974182,0.91064453125,2.25,0.01611328125,0,-34.81810039320462,-0.04848885536193848,-0.030054032802581787,-0.08935546875,0
L3.1-8B,4,prefix,10,hotpot_qa,"Para Hills West, South Australia lies within a city with what estimated population?","''-')::-![Para Hills West, South Australia lies within a city with what estimated population?",0.953744113445282,"South Australia lies within a city with what estimated population?assistant

I am unable to verify the population of Para Hills West, South Australia.",", South Australia lies within a city with what estimated population?assistant

I am sorry, but I am unable to verify the population of the city that Para Hills West, South Australia lies within.",62.53150127259738,0.9593844413757324,0.90625,6.96875,0.0068359375,0,-37.46849872740266,-0.04625588655471802,-0.04061543941497803,-0.09375,0
L3.1-8B,5,prefix,10,hotpot_qa,"In what year was the narrator of ""Blackadder's Christmas Carol"" born?","-::.-;;;(!In what year was the narrator of ""Blackadder's Christmas Carol"" born?",0.9371758103370668,"of ""Blackadder's Christmas Carol"" born?assistant

I am unable to verify the birth year of the narrator of ""Blackadder's Christmas Carol"".","narrator of ""Blackadder's Christmas Carol"" born?assistant

The narrator of ""Blackadder's Christmas Carol"" is Baldrick, but more specifically, the character that narrates the story is Edmund Blackadder.",39.92206530834909,0.9101353883743286,0.958984375,0.78125,0.0986328125,0,-60.07793469165095,-0.06282418966293324,-0.08986473083496094,-0.041015625,0
L3.1-8B,6,prefix,10,hotpot_qa,"Thomas Fitch defended John Henry Holliday when he was accused of killing men during the gunfight at the o.k. corral, when was that?","').:;[))](Thomas Fitch defended John Henry Holliday when he was accused of killing men during the gunfight at the o.k. corral, when was that?",0.9684573411941528,I am unable to verify the name of the person who defended John Henry Holliday.,I do not have information on Thomas Fitch defending John Henry Holliday.,16.23413635050561,0.9276121258735656,0.935546875,-0.2578125,0.0126953125,0,-83.76586364949443,-0.03154265880584717,-0.07238787412643444,-0.0634765625,0
L3.1-8B,7,prefix,10,hotpot_qa,The actor that played Gutthi on Comedy nights with Kapil Show also starred in what 2016 Punjabi film directed by Smeep Kang?,.:.(];-'-:The actor that played Gutthi on Comedy nights with Kapil Show also starred in what 2016 Punjabi film directed by Smeep Kang?,0.9652625918388368,I am unable to verify the actor who played Gutthi on Comedy Nights with Kapil.,I am unable to verify the actor that played Gutthi on Comedy Nights with Kapil.,81.53551038173119,0.993419885635376,0.91650390625,-0.8125,-0.02294921875,0,-18.464489618268857,-0.03473740816116322,-0.0065801143646240234,-0.0830078125,0
L3.1-8B,8,prefix,10,hotpot_qa,"Victor Varnada directed Twisted Fortune, which starred which brother of Eddie Murphy?",",:--;):;!]Victor Varnada directed Twisted Fortune, which starred which brother of Eddie Murphy?",0.9509547352790833,"which starred which brother of Eddie Murphy?assistant

I am unable to verify the director of Twisted Fortune or the brother of Eddie Murphy that starred in it.",", which starred which brother of Eddie Murphy?assistant

I am unable to verify the director of Twisted Fortune or the brother of Eddie Murphy that starred in it.",96.6052030305502,0.9932752847671508,0.93310546875,2.6875,0.0302734375,0,-3.3947969694498425,-0.04904526472091675,-0.006724715232849232,-0.06689453125,0
L3.1-8B,9,prefix,10,hotpot_qa,"After his curacy at the village that is a suburb of Scunthorpe, who was Industrial Chaplain to the Bishop of Lincoln?",";))'!!]](:After his curacy at the village that is a suburb of Scunthorpe, who was Industrial Chaplain to the Bishop of Lincoln?",0.963026225566864,I am unable to verify who the Industrial Chaplain to the Bishop of Lincoln was after his curacy at the village that is a suburb of Scunthorpe.,I'm not aware of any information about a specific person who was an Industrial Chaplain to the Bishop of Lincoln after serving as a curate in a suburb of Scunthorpe. Could you provide more context or details about this person?,22.75326305114523,0.9186459183692932,0.89501953125,-1.81640625,-0.014404296875,0,-77.24673694885482,-0.036973774433135986,-0.08135408163070679,-0.1044921875,0
L3.1-8B,10,prefix,10,hotpot_qa,What is the first two words of the fifth studio album of Joseph Edgar Foreman?,"![[:-.(,[.What is the first two words of the fifth studio album of Joseph Edgar Foreman?",0.9509084820747375,"fifth studio album of Joseph Edgar Foreman?assistant

I am unable to verify the first two words of the fifth studio album of Joseph Edgar Foreman.","the fifth studio album of Joseph Edgar Foreman?assistant

I'm not aware of any information about a person named Joseph Edgar Foreman. However, I do know of a musician named John Fogerty, who is the lead singer and guitarist of Creedence Clearwater Revival.",24.663719603346003,0.8961167931556702,0.8857421875,1.34375,0.0673828125,0,-75.33628039665405,-0.0490913987159729,-0.10388332605361938,-0.1142578125,0
L3.1-8B,11,prefix,10,hotpot_qa,The Twelfth United States Army Group commander was the first chairman of what?,-'![:.:!(]The Twelfth United States Army Group commander was the first chairman of what?,0.943475067615509,"States Army Group commander was the first chairman of what?assistant

The Twelfth United States Army Group (USAG) commander, General Omar Bradley, was the first chairman of the Joint Chiefs of Staff.","States Army Group commander was the first chairman of what?assistant

The Twelfth United States Army Group (USAG) commander was Omar Bradley. Omar Bradley was the first chairman of the Joint Chiefs of Staff.",81.6407224255425,0.9809638857841492,0.83349609375,9.375,0.1728515625,0,-18.359277574457536,-0.05652493238449097,-0.01903611421585083,-0.16650390625,0
L3.1-8B,12,prefix,10,hotpot_qa,Politician Lyman Sherwood was born in what New York county?,";',;('),!]Politician Lyman Sherwood was born in what New York county?",0.9412726163864136,"Lyman Sherwood was born in what New York county?assistant

I do not have information on a politician named Lyman Sherwood.","ician Lyman Sherwood was born in what New York county?assistant

I couldn't find any information on a politician named Lyman Sherwood.",74.98810286408992,0.9770729541778564,0.9375,-0.34375,0.00390625,0,-25.011897135910118,-0.058727383613586426,-0.022927045822143555,-0.0634765625,0
L3.1-8B,13,prefix,10,hotpot_qa,Robert Earl Holding owned an oil company that was originally founded by who?,;')([[](!.Robert Earl Holding owned an oil company that was originally founded by who?,0.9450476765632628,"Holding owned an oil company that was originally founded by who?assistant

I am unable to verify who founded the oil company owned by Robert Earl Holding.","Holding owned an oil company that was originally founded by who?assistant

I'm not aware of any information about Robert Earl Holding owning an oil company that was originally founded by someone else.",41.64570611402574,0.9495900869369508,0.85595703125,6.78125,0.1982421875,0,-58.3542938859743,-0.05495232343673717,-0.050409913063049205,-0.14501953125,0
L3.1-8B,14,prefix,10,hotpot_qa,"The chorus of ""On the Radio"" contains references to the song ""November Rain"" whose band's lead singer is?","--:;,.;,(.The chorus of ""On the Radio"" contains references to the song ""November Rain"" whose band's lead singer is?",0.9595510363578796,"is?assistant

The song ""On the Radio"" is by Weird Al Yankovic, and the chorus contains a reference to the song ""November Rain"" by Guns N' Roses. The lead singer of Guns N' Roses is Axl Rose.","is?assistant

The song ""On the Radio"" is by Weird Al Yankovic, and it contains references to the song ""November Rain"" by Guns N' Roses. The lead singer of Guns N' Roses is Axl Rose.",85.50609558198913,0.9937898516654968,0.89501953125,11.28125,0.02490234375,0,-14.493904418010914,-0.04044908285140991,-0.006210148334503174,-0.10400390625,0
L3.1-8B,15,prefix,10,hotpot_qa,"If the Charhki  Dadri crash was less dangerous than the Tenerife airport disaster, which occured firat?",").][.),(-'If the Charhki  Dadri crash was less dangerous than the Tenerife airport disaster, which occured firat?",0.9705578684806824,"?assistant

I couldn't find any information on the ""Charhki Dadri crash."" However, I found information on the Charakhi or Charakhi Dadri crash, which occurred on 14 July 1978. 

The Tenerife airport disaster occurred on 27 March 1977.","at?assistant

I couldn't find any information on the ""Charhki Dadri crash."" However, I found information on the Charakhi or Charakhi Dadri, but I couldn't find any information on a major crash.",58.0226343077139,0.9387690424919128,0.8427734375,3.34375,0.083984375,0,-41.97736569228614,-0.029442131519317627,-0.06123083829879761,-0.1572265625,0
L3.1-8B,0,prefix,20,hotpot_qa,What nationality was Oliver Reed's character in the film Royal Flash?,(')[(-.]-!:!-!((]'([What nationality was Oliver Reed's character in the film Royal Flash?,0.9087506532669068,"What nationality was Oliver Reed's character in the film Royal Flash?assistant

I am unable to verify the nationality of Oliver Reed's character in the film Royal Flash.","What nationality was Oliver Reed's character in the film Royal Flash?assistant

I'm not aware of any information about a film called ""Royal Flash"" that features Oliver Reed.",42.12255232162859,0.9518166780471802,0.90625,-2.65625,0.00341796875,0,-57.87744767837145,-0.09124934673309315,-0.04818320274353027,-0.0927734375,0
L3.1-8B,1,prefix,20,hotpot_qa,Pacific Mozart Ensemble performed which German composer's Der Lindberghflug in 2002?,":,).-:,::,;!'][]]--'Pacific Mozart Ensemble performed which German composer's Der Lindberghflug in 2002?",0.9307333827018738,"flug in 2002?assistant

I am unable to verify the German composer of Der Lindberghflug.","ghflug in 2002?assistant

I couldn't find any information on a piece called ""Der Lindberghflug"" by a German composer. However, I did find that the Pacific Mozart Ensemble performed a piece called ""Der Lindberghflug"" by the German composer Gottfried von Einem in 2002.",10.067017036715002,0.9023650288581848,0.837890625,2.71875,0.2841796875,0,-89.93298296328504,-0.06926655769348145,-0.09763491153717041,-0.16162109375,0
L3.1-8B,2,prefix,20,hotpot_qa,"Who released the song ""With or Without You"" first, Jai McDowall or U2?",".;,:[.;(-(-[!-;:;;'!Who released the song ""With or Without You"" first, Jai McDowall or U2?",0.928761899471283,"all or U2?assistant

The song ""With or Without You"" was released by the Irish rock band U2 in 1987. It was a single from their album ""The Joshua Tree.""","or U2?assistant

The song ""With or Without You"" was released by the Irish rock band U2 in 1987. It was a single from their album ""The Joshua Tree.""",97.26044771163488,0.9887989163398744,0.94384765625,5.4375,0.01904296875,0,-2.739552288365161,-0.07123810052871704,-0.011201083660125621,-0.0556640625,0
L3.1-8B,3,prefix,20,hotpot_qa,"What Kentucky county has a population of 60,316 and features the Lake Louisvilla neighborhood?","',,.[,[]],!;,:];:']'What Kentucky county has a population of 60,316 and features the Lake Louisvilla neighborhood?",0.922655463218689,"features the Lake Louisvilla neighborhood?assistant

I am unable to verify the county in Kentucky with a population of 60,316 that features the Lake Louisvilla neighborhood.","the Lake Louisvilla neighborhood?assistant

I'm not able to verify the name of the Kentucky county with a population of 60,316 that features the Lake Louisvilla neighborhood.",60.13051538056493,0.9735228419303894,0.8740234375,1.0,0.1474609375,0,-39.86948461943511,-0.07734447717666626,-0.026477158069610596,-0.1259765625,0
L3.1-8B,4,prefix,20,hotpot_qa,"Para Hills West, South Australia lies within a city with what estimated population?","][([;--::[:'.):(;)()Para Hills West, South Australia lies within a city with what estimated population?",0.9214556217193604,"South Australia lies within a city with what estimated population?assistant

I am unable to verify the population of Para Hills West, South Australia.","West, South Australia lies within a city with what estimated population?assistant

I'm not aware of any information about a location called ""Para Hills West"" in South Australia. However, I found that Para Hills is a suburb in Adelaide, South Australia.",32.24586136476203,0.9303179383277892,0.91064453125,2.40625,0.0556640625,0,-67.75413863523801,-0.07854437828063965,-0.06968194246292125,-0.08935546875,0
L3.1-8B,5,prefix,20,hotpot_qa,"In what year was the narrator of ""Blackadder's Christmas Carol"" born?","[,..'')[]-:[..'!;[(:In what year was the narrator of ""Blackadder's Christmas Carol"" born?",0.9026697278022766,"of ""Blackadder's Christmas Carol"" born?assistant

I am unable to verify the birth year of the narrator of ""Blackadder's Christmas Carol"".","narrator of ""Blackadder's Christmas Carol"" born?assistant

The narrator of ""Blackadder's Christmas Carol"" is Baldrick, but more specifically, the character being referred to is likely Edmund Blackadder, the main character in the series.",33.4422418242443,0.9079481363296508,0.90625,-0.75,0.1904296875,0,-66.55775817575574,-0.09733027219772339,-0.09205198287963878,-0.09375,0
L3.1-8B,6,prefix,20,hotpot_qa,"Thomas Fitch defended John Henry Holliday when he was accused of killing men during the gunfight at the o.k. corral, when was that?","([!:,:(:](![[];((,.!Thomas Fitch defended John Henry Holliday when he was accused of killing men during the gunfight at the o.k. corral, when was that?",0.945742666721344,I am unable to verify the name of the person who defended John Henry Holliday.,"I couldn't find any information about a person named Thomas Fitch defending John Henry Holliday in the gunfight at the O.K. Corral. However, I can tell you that the gunfight at the O.K. Corral occurred on October 26, 1881, in Tombstone, Arizona. 

The gunfight involved lawmen Virgil Earp, Morgan Earp, Wyatt Earp, and Doc Holliday (not John Henry Holliday) against a group of outlaws",2.178895753106483,0.8712873458862305,0.94091796875,-0.609375,-0.0078125,0,-97.82110424689355,-0.054257333278656006,-0.12871265411376953,-0.05810546875,0
L3.1-8B,7,prefix,20,hotpot_qa,The actor that played Gutthi on Comedy nights with Kapil Show also starred in what 2016 Punjabi film directed by Smeep Kang?,"!.(.-('-]','([[,(,)(The actor that played Gutthi on Comedy nights with Kapil Show also starred in what 2016 Punjabi film directed by Smeep Kang?",0.9438803791999816,I am unable to verify the actor who played Gutthi on Comedy Nights with Kapil.,I'm not aware of the actor who played Gutthi on Comedy Nights with Kapil.,65.59826556429194,0.9740774035453796,0.8994140625,-1.4921875,-0.06787109375,0,-34.40173443570811,-0.05611962080001842,-0.02592259645462036,-0.10009765625,0
L3.1-8B,8,prefix,20,hotpot_qa,"Victor Varnada directed Twisted Fortune, which starred which brother of Eddie Murphy?","]).][;';,:''!!;[!-.-Victor Varnada directed Twisted Fortune, which starred which brother of Eddie Murphy?",0.9226293563842772,"which starred which brother of Eddie Murphy?assistant

I am unable to verify the director of Twisted Fortune or the brother of Eddie Murphy that starred in it.","which starred which brother of Eddie Murphy?assistant

I cannot verify the director of Twisted Fortune or the brother of Eddie Murphy that starred in it.",84.02971749021708,0.9934065937995912,0.92578125,2.1875,0.0390625,0,-15.970282509782962,-0.07737064361572277,-0.0065934062004088245,-0.07421875,0
L3.1-8B,9,prefix,20,hotpot_qa,"After his curacy at the village that is a suburb of Scunthorpe, who was Industrial Chaplain to the Bishop of Lincoln?",";![,;([];',,];!!]!.]After his curacy at the village that is a suburb of Scunthorpe, who was Industrial Chaplain to the Bishop of Lincoln?",0.9309409260749816,I am unable to verify who the Industrial Chaplain to the Bishop of Lincoln was after his curacy at the village that is a suburb of Scunthorpe.,I'm not aware of any information about a specific person who was an Industrial Chaplain to the Bishop of Lincoln after serving as a curate in a suburb of Scunthorpe. Could you provide more context or details about this person?,22.75326305114523,0.9186460375785828,0.8916015625,-1.8984375,-0.048583984375,0,-77.24673694885482,-0.06905907392501842,-0.08135396242141724,-0.10791015625,0
L3.1-8B,10,prefix,20,hotpot_qa,What is the first two words of the fifth studio album of Joseph Edgar Foreman?,"):.,'.:(!!!);.;:-)''What is the first two words of the fifth studio album of Joseph Edgar Foreman?",0.9329105019569396,"fifth studio album of Joseph Edgar Foreman?assistant

I am unable to verify the first two words of the fifth studio album of Joseph Edgar Foreman.","of the fifth studio album of Joseph Edgar Foreman?assistant

I'm not aware of any information about a person named Joseph Edgar Foreman. However, I do know of a musician named Joseph Edgar Foreman, also known as Daniel Johnston.",28.62650294861832,0.9081559777259828,0.79931640625,0.84375,0.171875,0,-71.37349705138172,-0.06708937883377086,-0.09184414148330677,-0.20068359375,0
L3.1-8B,11,prefix,20,hotpot_qa,The Twelfth United States Army Group commander was the first chairman of what?,"]':!.[(;!',(![!.!!-;The Twelfth United States Army Group commander was the first chairman of what?",0.9059649109840392,"States Army Group commander was the first chairman of what?assistant

The Twelfth United States Army Group (USAG) commander, General Omar Bradley, was the first chairman of the Joint Chiefs of Staff.","States Army Group commander was the first chairman of what?assistant

The Twelfth United States Army Group (USAG) was a major formation of the United States Army during World War II. The commander of the Twelfth United States Army Group was General Omar Bradley. 

General Omar Bradley was the first chairman of the Joint Chiefs of Staff.",49.648099104457934,0.9493009448051452,0.8046875,10.4375,0.18408203125,0,-50.35190089554211,-0.0940350890159608,-0.05069905519485485,-0.1953125,0
L3.1-8B,12,prefix,20,hotpot_qa,Politician Lyman Sherwood was born in what New York county?,":;!!),,.::.;-'!-:')]Politician Lyman Sherwood was born in what New York county?",0.909655511379242,"Lyman Sherwood was born in what New York county?assistant

I do not have information on a politician named Lyman Sherwood.","Lyman Sherwood was born in what New York county?assistant

I am unable to verify the New York county where Lyman Sherwood was born.",46.09625517245935,0.9472537636756896,0.9169921875,-1.6875,0.0869140625,0,-53.90374482754069,-0.09034448862075795,-0.052746236324310414,-0.083984375,0
L3.1-8B,13,prefix,20,hotpot_qa,Robert Earl Holding owned an oil company that was originally founded by who?,"!:-]:'-,-':[().]!](,Robert Earl Holding owned an oil company that was originally founded by who?",0.9153874516487122,"Holding owned an oil company that was originally founded by who?assistant

I am unable to verify who founded the oil company owned by Robert Earl Holding.","Holding owned an oil company that was originally founded by who?assistant

I cannot verify who founded Robert Earl Holding's oil company.",54.94505716122378,0.984663426876068,0.7734375,1.5625,0.1083984375,0,-45.05494283877626,-0.08461254835128784,-0.015336573123931996,-0.2275390625,0
L3.1-8B,14,prefix,20,hotpot_qa,"The chorus of ""On the Radio"" contains references to the song ""November Rain"" whose band's lead singer is?",":':][!:]))'[(];(-']!The chorus of ""On the Radio"" contains references to the song ""November Rain"" whose band's lead singer is?",0.9302224516868592,"is?assistant

The song ""On the Radio"" is by Weird Al Yankovic, and the chorus contains a reference to the song ""November Rain"" by Guns N' Roses. The lead singer of Guns N' Roses is Axl Rose.","singer is?assistant

The song ""On the Radio"" is by Weird Al Yankovic, and it contains references to the song ""November Rain"" by Guns N' Roses. The lead singer of Guns N' Roses is Axl Rose.",85.5024026730181,0.9773221611976624,0.85986328125,7.625,-0.017578125,0,-14.497597326981946,-0.06977766752243031,-0.022677838802337646,-0.13916015625,0
L3.1-8B,15,prefix,20,hotpot_qa,"If the Charhki  Dadri crash was less dangerous than the Tenerife airport disaster, which occured firat?","'!(]-(',);-!'-:':().If the Charhki  Dadri crash was less dangerous than the Tenerife airport disaster, which occured firat?",0.9342855215072632,"?assistant

I couldn't find any information on the ""Charhki Dadri crash."" However, I found information on the Charakhi or Charakhi Dadri crash, which occurred on 14 July 1978. 

The Tenerife airport disaster occurred on 27 March 1977.","at?assistant

I can't verify the information you requested.",0.7542090771093908,0.8561308979988098,0.7685546875,-5.1875,0.021484375,0,-99.24579092289065,-0.06571447849273682,-0.14386898279190063,-0.2314453125,0
L3.1-8B,0,suffix,0,hotpot_qa,What nationality was Oliver Reed's character in the film Royal Flash?,What nationality was Oliver Reed's character in the film Royal Flash?,1.0,"What nationality was Oliver Reed's character in the film Royal Flash?assistant

I am unable to verify the nationality of Oliver Reed's character in the film Royal Flash.","What nationality was Oliver Reed's character in the film Royal Flash?assistant

I am unable to verify the nationality of Oliver Reed's character in the film Royal Flash.",100.00000000000004,0.9999998807907104,0.9990234375,-0.0,0.0,0,0.0,0.0,0.0,0.0,0
L3.1-8B,1,suffix,0,hotpot_qa,Pacific Mozart Ensemble performed which German composer's Der Lindberghflug in 2002?,Pacific Mozart Ensemble performed which German composer's Der Lindberghflug in 2002?,0.9999999403953552,"flug in 2002?assistant

I am unable to verify the German composer of Der Lindberghflug.","flug in 2002?assistant

I am unable to verify the German composer of Der Lindberghflug.",100.00000000000004,0.9999999403953552,0.99951171875,-0.0,0.0,0,0.0,0.0,0.0,0.0,0
L3.1-8B,2,suffix,0,hotpot_qa,"Who released the song ""With or Without You"" first, Jai McDowall or U2?","Who released the song ""With or Without You"" first, Jai McDowall or U2?",1.0,"all or U2?assistant

The song ""With or Without You"" was released by the Irish rock band U2 in 1987. It was a single from their album ""The Joshua Tree.""","all or U2?assistant

The song ""With or Without You"" was released by the Irish rock band U2 in 1987. It was a single from their album ""The Joshua Tree.""",100.00000000000004,1.0,0.99951171875,-0.0,0.0,0,0.0,0.0,0.0,0.0,0
L3.1-8B,3,suffix,0,hotpot_qa,"What Kentucky county has a population of 60,316 and features the Lake Louisvilla neighborhood?","What Kentucky county has a population of 60,316 and features the Lake Louisvilla neighborhood?",0.9999999403953552,"features the Lake Louisvilla neighborhood?assistant

I am unable to verify the county in Kentucky with a population of 60,316 that features the Lake Louisvilla neighborhood.","features the Lake Louisvilla neighborhood?assistant

I am unable to verify the county in Kentucky with a population of 60,316 that features the Lake Louisvilla neighborhood.",100.00000000000004,1.0,1.0,-0.0,0.0,0,0.0,0.0,0.0,0.0,0
L3.1-8B,4,suffix,0,hotpot_qa,"Para Hills West, South Australia lies within a city with what estimated population?","Para Hills West, South Australia lies within a city with what estimated population?",1.0,"South Australia lies within a city with what estimated population?assistant

I am unable to verify the population of Para Hills West, South Australia.","South Australia lies within a city with what estimated population?assistant

I am unable to verify the population of Para Hills West, South Australia.",100.00000000000004,0.9999998807907104,1.0,-0.0,0.0,0,0.0,0.0,0.0,0.0,0
L3.1-8B,5,suffix,0,hotpot_qa,"In what year was the narrator of ""Blackadder's Christmas Carol"" born?","In what year was the narrator of ""Blackadder's Christmas Carol"" born?",1.0,"of ""Blackadder's Christmas Carol"" born?assistant

I am unable to verify the birth year of the narrator of ""Blackadder's Christmas Carol"".","of ""Blackadder's Christmas Carol"" born?assistant

I am unable to verify the birth year of the narrator of ""Blackadder's Christmas Carol"".",100.00000000000004,1.0000001192092896,1.0,-0.0,0.0,0,0.0,0.0,0.0,0.0,0
L3.1-8B,6,suffix,0,hotpot_qa,"Thomas Fitch defended John Henry Holliday when he was accused of killing men during the gunfight at the o.k. corral, when was that?","Thomas Fitch defended John Henry Holliday when he was accused of killing men during the gunfight at the o.k. corral, when was that?",1.0,I am unable to verify the name of the person who defended John Henry Holliday.,I am unable to verify the name of the person who defended John Henry Holliday.,100.00000000000004,1.0,0.9990234375,-0.0,0.0,0,0.0,0.0,0.0,0.0,0
L3.1-8B,7,suffix,0,hotpot_qa,The actor that played Gutthi on Comedy nights with Kapil Show also starred in what 2016 Punjabi film directed by Smeep Kang?,The actor that played Gutthi on Comedy nights with Kapil Show also starred in what 2016 Punjabi film directed by Smeep Kang?,1.0,I am unable to verify the actor who played Gutthi on Comedy Nights with Kapil.,I am unable to verify the actor who played Gutthi on Comedy Nights with Kapil.,100.00000000000004,1.0,0.99951171875,-0.0,0.0,0,0.0,0.0,0.0,0.0,0
L3.1-8B,8,suffix,0,hotpot_qa,"Victor Varnada directed Twisted Fortune, which starred which brother of Eddie Murphy?","Victor Varnada directed Twisted Fortune, which starred which brother of Eddie Murphy?",1.0,"which starred which brother of Eddie Murphy?assistant

I am unable to verify the director of Twisted Fortune or the brother of Eddie Murphy that starred in it.","which starred which brother of Eddie Murphy?assistant

I am unable to verify the director of Twisted Fortune or the brother of Eddie Murphy that starred in it.",100.00000000000004,1.0,1.0,-0.0,0.0,0,0.0,0.0,0.0,0.0,0
L3.1-8B,9,suffix,0,hotpot_qa,"After his curacy at the village that is a suburb of Scunthorpe, who was Industrial Chaplain to the Bishop of Lincoln?","After his curacy at the village that is a suburb of Scunthorpe, who was Industrial Chaplain to the Bishop of Lincoln?",1.0,I am unable to verify who the Industrial Chaplain to the Bishop of Lincoln was after his curacy at the village that is a suburb of Scunthorpe.,I am unable to verify who the Industrial Chaplain to the Bishop of Lincoln was after his curacy at the village that is a suburb of Scunthorpe.,100.00000000000004,1.0,0.99951171875,-0.0,0.0,0,0.0,0.0,0.0,0.0,0
L3.1-8B,10,suffix,0,hotpot_qa,What is the first two words of the fifth studio album of Joseph Edgar Foreman?,What is the first two words of the fifth studio album of Joseph Edgar Foreman?,0.9999998807907104,"fifth studio album of Joseph Edgar Foreman?assistant

I am unable to verify the first two words of the fifth studio album of Joseph Edgar Foreman.","fifth studio album of Joseph Edgar Foreman?assistant

I am unable to verify the first two words of the fifth studio album of Joseph Edgar Foreman.",100.00000000000004,1.0000001192092896,1.0,-0.0,0.0,0,0.0,0.0,0.0,0.0,0
L3.1-8B,11,suffix,0,hotpot_qa,The Twelfth United States Army Group commander was the first chairman of what?,The Twelfth United States Army Group commander was the first chairman of what?,1.0,"States Army Group commander was the first chairman of what?assistant

The Twelfth United States Army Group (USAG) commander, General Omar Bradley, was the first chairman of the Joint Chiefs of Staff.","States Army Group commander was the first chairman of what?assistant

The Twelfth United States Army Group (USAG) commander, General Omar Bradley, was the first chairman of the Joint Chiefs of Staff.",100.00000000000004,1.0,1.0,-0.0,0.0,0,0.0,0.0,0.0,0.0,0
L3.1-8B,12,suffix,0,hotpot_qa,Politician Lyman Sherwood was born in what New York county?,Politician Lyman Sherwood was born in what New York county?,1.0,"Lyman Sherwood was born in what New York county?assistant

I do not have information on a politician named Lyman Sherwood.","Lyman Sherwood was born in what New York county?assistant

I do not have information on a politician named Lyman Sherwood.",100.00000000000004,1.0,1.0009765625,-0.0,0.0,0,0.0,0.0,0.0,0.0,0
L3.1-8B,13,suffix,0,hotpot_qa,Robert Earl Holding owned an oil company that was originally founded by who?,Robert Earl Holding owned an oil company that was originally founded by who?,1.0,"Holding owned an oil company that was originally founded by who?assistant

I am unable to verify who founded the oil company owned by Robert Earl Holding.","Holding owned an oil company that was originally founded by who?assistant

I am unable to verify who founded the oil company owned by Robert Earl Holding.",100.00000000000004,1.0,1.0009765625,-0.0,0.0,0,0.0,0.0,0.0,0.0,0
L3.1-8B,14,suffix,0,hotpot_qa,"The chorus of ""On the Radio"" contains references to the song ""November Rain"" whose band's lead singer is?","The chorus of ""On the Radio"" contains references to the song ""November Rain"" whose band's lead singer is?",1.0000001192092896,"is?assistant

The song ""On the Radio"" is by Weird Al Yankovic, and the chorus contains a reference to the song ""November Rain"" by Guns N' Roses. The lead singer of Guns N' Roses is Axl Rose.","is?assistant

The song ""On the Radio"" is by Weird Al Yankovic, and the chorus contains a reference to the song ""November Rain"" by Guns N' Roses. The lead singer of Guns N' Roses is Axl Rose.",100.00000000000004,1.0,0.9990234375,-0.0,0.0,0,0.0,0.0,0.0,0.0,0
L3.1-8B,15,suffix,0,hotpot_qa,"If the Charhki  Dadri crash was less dangerous than the Tenerife airport disaster, which occured firat?","If the Charhki  Dadri crash was less dangerous than the Tenerife airport disaster, which occured firat?",1.0,"?assistant

I couldn't find any information on the ""Charhki Dadri crash."" However, I found information on the Charakhi or Charakhi Dadri crash, which occurred on 14 July 1978. 

The Tenerife airport disaster occurred on 27 March 1977.","?assistant

I couldn't find any information on the ""Charhki Dadri crash."" However, I found information on the Charakhi or Charakhi Dadri crash, which occurred on 14 July 1978. 

The Tenerife airport disaster occurred on 27 March 1977.",100.00000000000004,0.9999998807907104,1.0,-0.0,0.0,0,0.0,0.0,0.0,0.0,0
L3.1-8B,0,suffix,1,hotpot_qa,What nationality was Oliver Reed's character in the film Royal Flash?,What nationality was Oliver Reed's character in the film Royal Flash?.,0.987784504890442,"What nationality was Oliver Reed's character in the film Royal Flash?assistant

I am unable to verify the nationality of Oliver Reed's character in the film Royal Flash.","What nationality was Oliver Reed's character in the film Royal Flash?.assistant

I am unable to verify the nationality of Oliver Reed's character in the film Royal Flash.",91.27592114472296,0.9926071763038636,0.9873046875,0.46875,0.01318359375,0,-8.724078855277085,-0.012215495109557994,-0.007392704486846813,-0.01171875,0
L3.1-8B,1,suffix,1,hotpot_qa,Pacific Mozart Ensemble performed which German composer's Der Lindberghflug in 2002?,Pacific Mozart Ensemble performed which German composer's Der Lindberghflug in 2002?!,0.9883643388748168,"flug in 2002?assistant

I am unable to verify the German composer of Der Lindberghflug.","flug in 2002?!assistant

I am unable to verify the Pacific Mozart Ensemble performing Der Lindberghflug in 2002.",42.97641362823878,0.9475261569023132,0.947265625,-0.125,0.1982421875,0,-57.02358637176126,-0.011635601520538441,-0.05247378349304199,-0.05224609375,0
L3.1-8B,2,suffix,1,hotpot_qa,"Who released the song ""With or Without You"" first, Jai McDowall or U2?","Who released the song ""With or Without You"" first, Jai McDowall or U2?:",0.9941642880439758,"all or U2?assistant

The song ""With or Without You"" was released by the Irish rock band U2 in 1987. It was a single from their album ""The Joshua Tree.""","all or U2?:assistant

The song ""With or Without You"" was released by the Irish rock band U2 in 1987. It was a single from their album ""The Joshua Tree"".",88.72170361890778,0.9879324436187744,0.99755859375,1.9375,0.02490234375,0,-11.278296381092261,-0.00583571195602417,-0.012067556381225586,-0.001953125,0
L3.1-8B,3,suffix,1,hotpot_qa,"What Kentucky county has a population of 60,316 and features the Lake Louisvilla neighborhood?","What Kentucky county has a population of 60,316 and features the Lake Louisvilla neighborhood?,",0.9827093482017516,"features the Lake Louisvilla neighborhood?assistant

I am unable to verify the county in Kentucky with a population of 60,316 that features the Lake Louisvilla neighborhood.","features the Lake Louisvilla neighborhood?,assistant

I am unable to verify the county in Kentucky with a population of 60,316 that features the Lake Louisvilla neighborhood.",90.61874434879648,0.9924481511116028,0.99609375,4.78125,0.03759765625,0,-9.38125565120356,-0.017290592193603627,-0.007551848888397217,-0.00390625,0
L3.1-8B,4,suffix,1,hotpot_qa,"Para Hills West, South Australia lies within a city with what estimated population?","Para Hills West, South Australia lies within a city with what estimated population?(",0.9873231649398804,"South Australia lies within a city with what estimated population?assistant

I am unable to verify the population of Para Hills West, South Australia.","South Australia lies within a city with what estimated population?(assistant

I am unable to verify the estimated population of the city that Para Hills West, South Australia lies within.",61.61144860428728,0.9708353877067566,0.98779296875,1.34375,0.0146484375,0,-38.38855139571276,-0.012676835060119629,-0.029164493083953857,-0.01220703125,0
L3.1-8B,5,suffix,1,hotpot_qa,"In what year was the narrator of ""Blackadder's Christmas Carol"" born?","In what year was the narrator of ""Blackadder's Christmas Carol"" born?!",0.9844470620155334,"of ""Blackadder's Christmas Carol"" born?assistant

I am unable to verify the birth year of the narrator of ""Blackadder's Christmas Carol"".","of ""Blackadder's Christmas Carol"" born?!assistant

I am unable to verify the birth year of the narrator of ""Blackadder's Christmas Carol"".",90.25139799587888,0.9920779466629028,0.994140625,-1.28125,0.1083984375,0,-9.748602004121167,-0.015552937984466553,-0.007922172546386719,-0.005859375,0
L3.1-8B,6,suffix,1,hotpot_qa,"Thomas Fitch defended John Henry Holliday when he was accused of killing men during the gunfight at the o.k. corral, when was that?","Thomas Fitch defended John Henry Holliday when he was accused of killing men during the gunfight at the o.k. corral, when was that?,",0.9918097257614136,I am unable to verify the name of the person who defended John Henry Holliday.,"I couldn't find any information about a person named Thomas Fitch defending John Henry Holliday in the gunfight at the O.K. Corral. However, I can tell you that the gunfight at the O.K. Corral occurred on October 26, 1881, in Tombstone, Arizona Territory. 

John Henry Holliday, also known as Doc Holliday, was a close friend and ally of Wyatt Earp, who was one of the main participants in the gunfight.",2.329185758003128,0.8779105544090271,0.99267578125,-1.1015625,0.017578125,0,-97.67081424199691,-0.008190274238586426,-0.1220894455909729,-0.00634765625,0
L3.1-8B,7,suffix,1,hotpot_qa,The actor that played Gutthi on Comedy nights with Kapil Show also starred in what 2016 Punjabi film directed by Smeep Kang?,The actor that played Gutthi on Comedy nights with Kapil Show also starred in what 2016 Punjabi film directed by Smeep Kang?),0.9853745698928832,I am unable to verify the actor who played Gutthi on Comedy Nights with Kapil.,I am unable to verify the actor who played Gutthi on Comedy Nights with Kapil.,100.00000000000004,1.0,0.99169921875,-0.640625,0.05859375,0,0.0,-0.01462543010711681,0.0,-0.0078125,0
L3.1-8B,8,suffix,1,hotpot_qa,"Victor Varnada directed Twisted Fortune, which starred which brother of Eddie Murphy?","Victor Varnada directed Twisted Fortune, which starred which brother of Eddie Murphy?-",0.9895150661468506,"which starred which brother of Eddie Murphy?assistant

I am unable to verify the director of Twisted Fortune or the brother of Eddie Murphy that starred in it.","which starred which brother of Eddie Murphy?-assistant

I am unable to verify the director of Twisted Fortune or the brother of Eddie Murphy that starred in it.",90.9593063222022,0.9880144000053406,0.96142578125,-0.09375,0.0537109375,0,-9.040693677797847,-0.010484933853149414,-0.011985599994659424,-0.03857421875,0
L3.1-8B,9,suffix,1,hotpot_qa,"After his curacy at the village that is a suburb of Scunthorpe, who was Industrial Chaplain to the Bishop of Lincoln?","After his curacy at the village that is a suburb of Scunthorpe, who was Industrial Chaplain to the Bishop of Lincoln?]",0.9751733541488647,I am unable to verify who the Industrial Chaplain to the Bishop of Lincoln was after his curacy at the village that is a suburb of Scunthorpe.,I am unable to verify who the Industrial Chaplain to the Bishop of Lincoln was after his curacy at the village that is a suburb of Scunthorpe.,100.00000000000004,1.0,0.990234375,-0.0546875,0.0302734375,0,0.0,-0.024826645851135254,0.0,-0.00927734375,0
L3.1-8B,10,suffix,1,hotpot_qa,What is the first two words of the fifth studio album of Joseph Edgar Foreman?,What is the first two words of the fifth studio album of Joseph Edgar Foreman?',0.983671247959137,"fifth studio album of Joseph Edgar Foreman?assistant

I am unable to verify the first two words of the fifth studio album of Joseph Edgar Foreman.","fifth studio album of Joseph Edgar Foreman?'assistant

I am unable to verify the first two words of the fifth studio album of Joseph Edgar Foreman.",90.25139799587888,0.9923935532569884,0.9892578125,1.0625,0.1279296875,0,-9.748602004121167,-0.016328632831573486,-0.007606565952301136,-0.0107421875,0
L3.1-8B,11,suffix,1,hotpot_qa,The Twelfth United States Army Group commander was the first chairman of what?,The Twelfth United States Army Group commander was the first chairman of what?],0.9727962017059326,"States Army Group commander was the first chairman of what?assistant

The Twelfth United States Army Group (USAG) commander, General Omar Bradley, was the first chairman of the Joint Chiefs of Staff.","States Army Group commander was the first chairman of what?]assistant

The Twelfth United States Army Group (USAG) commander, General Omar Bradley, was the first chairman of the Joint Chiefs of Staff.",93.1838481115484,0.980880320072174,0.9892578125,2.3125,0.046875,0,-6.8161518884516425,-0.027203798294067383,-0.01911967992782604,-0.0107421875,0
L3.1-8B,12,suffix,1,hotpot_qa,Politician Lyman Sherwood was born in what New York county?,Politician Lyman Sherwood was born in what New York county?:,0.9843636751174928,"Lyman Sherwood was born in what New York county?assistant

I do not have information on a politician named Lyman Sherwood.","Lyman Sherwood was born in what New York county?:assistant

I am unable to verify the New York county where Lyman Sherwood was born.",38.48539090760982,0.9392387866973876,0.99462890625,-1.34375,0.0498046875,0,-61.514609092390224,-0.015636324882507213,-0.060761213302612416,-0.00634765625,0
L3.1-8B,13,suffix,1,hotpot_qa,Robert Earl Holding owned an oil company that was originally founded by who?,Robert Earl Holding owned an oil company that was originally founded by who?.,0.9774850010871888,"Holding owned an oil company that was originally founded by who?assistant

I am unable to verify who founded the oil company owned by Robert Earl Holding.","Holding owned an oil company that was originally founded by who?.assistant

I am unable to verify who founded the oil company owned by Robert Earl Holding.",90.9593063222022,0.9932703971862792,0.99609375,-1.6875,0.0166015625,0,-9.040693677797847,-0.02251499891281117,-0.006729602813720814,-0.0048828125,0
L3.1-8B,14,suffix,1,hotpot_qa,"The chorus of ""On the Radio"" contains references to the song ""November Rain"" whose band's lead singer is?","The chorus of ""On the Radio"" contains references to the song ""November Rain"" whose band's lead singer is?]",0.9811834692955016,"is?assistant

The song ""On the Radio"" is by Weird Al Yankovic, and the chorus contains a reference to the song ""November Rain"" by Guns N' Roses. The lead singer of Guns N' Roses is Axl Rose.","is?]assistant

The song ""On the Radio"" is by Weird Al Yankovic, and the chorus contains a reference to the song ""November Rain"" by Guns N' Roses. The lead singer of Guns N' Roses is Axl Rose.",94.87643004979492,0.9881010055541992,0.99365234375,4.71875,-0.01708984375,0,-5.123569950205123,-0.018816649913787953,-0.011898994445800781,-0.00537109375,0
L3.1-8B,15,suffix,1,hotpot_qa,"If the Charhki  Dadri crash was less dangerous than the Tenerife airport disaster, which occured firat?","If the Charhki  Dadri crash was less dangerous than the Tenerife airport disaster, which occured firat?.",0.9720762968063354,"?assistant

I couldn't find any information on the ""Charhki Dadri crash."" However, I found information on the Charakhi or Charakhi Dadri crash, which occurred on 14 July 1978. 

The Tenerife airport disaster occurred on 27 March 1977.","?.assistant

I couldn't find any information on the ""Charhki Dadri crash."" However, I found information on the Charakhi or Charakhi Dadri crash, which occurred on 14 July 1978. 

The Tenerife airport disaster occurred on 27 March 1977.",96.04077584115636,0.9969921708106996,0.99658203125,0.65625,0.0126953125,0,-3.959224158843682,-0.02792370319366455,-0.0030077099800108753,-0.00341796875,0
L3.1-8B,0,suffix,3,hotpot_qa,What nationality was Oliver Reed's character in the film Royal Flash?,"What nationality was Oliver Reed's character in the film Royal Flash?,]!",0.957886040210724,"What nationality was Oliver Reed's character in the film Royal Flash?assistant

I am unable to verify the nationality of Oliver Reed's character in the film Royal Flash.","Oliver Reed's character in the film Royal Flash?,]!assistant

I am unable to verify the nationality of Oliver Reed's character in the film ""Royal Flash"".",71.34126306233014,0.9490890502929688,0.974609375,-0.15625,0.0078125,0,-28.6587369376699,-0.04211395978927601,-0.0509108304977417,-0.0244140625,0
L3.1-8B,1,suffix,3,hotpot_qa,Pacific Mozart Ensemble performed which German composer's Der Lindberghflug in 2002?,Pacific Mozart Ensemble performed which German composer's Der Lindberghflug in 2002?;!',0.9816470742225648,"flug in 2002?assistant

I am unable to verify the German composer of Der Lindberghflug.","2002?;!'assistant

I am unable to verify the German composer of ""Der Lindberghflug"" performed by the Pacific Mozart Ensemble in 2002.",35.81469178306545,0.93394535779953,0.9326171875,3.53125,0.046875,0,-64.1853082169346,-0.018352866172790416,-0.0660545825958252,-0.06689453125,0
L3.1-8B,2,suffix,3,hotpot_qa,"Who released the song ""With or Without You"" first, Jai McDowall or U2?","Who released the song ""With or Without You"" first, Jai McDowall or U2?:.'",0.978590190410614,"all or U2?assistant

The song ""With or Without You"" was released by the Irish rock band U2 in 1987. It was a single from their album ""The Joshua Tree.""","or U2?:.'assistant

The song ""With or Without You"" was released by the Irish rock band U2 in 1987. It was a single from their album ""The Joshua Tree"".",83.21639705524673,0.9733533263206482,0.9931640625,4.8125,0.02685546875,0,-16.783602944753312,-0.021409809589385986,-0.026646673679351807,-0.00634765625,0
L3.1-8B,3,suffix,3,hotpot_qa,"What Kentucky county has a population of 60,316 and features the Lake Louisvilla neighborhood?","What Kentucky county has a population of 60,316 and features the Lake Louisvilla neighborhood?);'",0.9813129901885986,"features the Lake Louisvilla neighborhood?assistant

I am unable to verify the county in Kentucky with a population of 60,316 that features the Lake Louisvilla neighborhood.","Louisvilla neighborhood?);'assistant

I am unable to verify the county in Kentucky with a population of 60,316 that features the Lake Louisvilla neighborhood.",78.98180132302203,0.9597359299659728,0.9873046875,0.96875,0.029296875,0,-21.018198676978017,-0.018686950206756592,-0.04026407003402721,-0.0126953125,0
L3.1-8B,4,suffix,3,hotpot_qa,"Para Hills West, South Australia lies within a city with what estimated population?","Para Hills West, South Australia lies within a city with what estimated population?.)[",0.969426929950714,"South Australia lies within a city with what estimated population?assistant

I am unable to verify the population of Para Hills West, South Australia.","Australia lies within a city with what estimated population?.)[assistant

I am unable to verify the estimated population of the city that Para Hills West, South Australia lies within.",58.52432074546792,0.9562667608261108,0.98193359375,1.84375,0.0048828125,0,-41.475679254532125,-0.030573070049286,-0.04373311996459961,-0.01806640625,0
L3.1-8B,5,suffix,3,hotpot_qa,"In what year was the narrator of ""Blackadder's Christmas Carol"" born?","In what year was the narrator of ""Blackadder's Christmas Carol"" born?:[]",0.9797482490539552,"of ""Blackadder's Christmas Carol"" born?assistant

I am unable to verify the birth year of the narrator of ""Blackadder's Christmas Carol"".","""Blackadder's Christmas Carol"" born?:[]assistant

The narrator of ""Blackadder's Christmas Carol"" is Baldrick, and Baldrick was born in 1368.",40.51580932372875,0.9117885828018188,0.98193359375,1.625,0.0947265625,0,-59.48419067627129,-0.02025175094604481,-0.0882115364074707,-0.01806640625,0
L3.1-8B,6,suffix,3,hotpot_qa,"Thomas Fitch defended John Henry Holliday when he was accused of killing men during the gunfight at the o.k. corral, when was that?","Thomas Fitch defended John Henry Holliday when he was accused of killing men during the gunfight at the o.k. corral, when was that?!'-",0.9828313589096068,I am unable to verify the name of the person who defended John Henry Holliday.,"I couldn't find any information about a person named Thomas Fitch defending John Henry Holliday in the gunfight at the O.K. Corral. However, I can tell you that the gunfight at the O.K. Corral occurred on October 26, 1881, in Tombstone, Arizona. 

It's possible that you may be thinking of John Behan, who was the sheriff of Pima County at the time. He was accused of being involved in the gunfight and",2.1046569177111416,0.8760114908218384,0.98974609375,-2.46875,0.09765625,0,-97.8953430822889,-0.017168641090393177,-0.12398850917816162,-0.00927734375,0
L3.1-8B,7,suffix,3,hotpot_qa,The actor that played Gutthi on Comedy nights with Kapil Show also starred in what 2016 Punjabi film directed by Smeep Kang?,The actor that played Gutthi on Comedy nights with Kapil Show also starred in what 2016 Punjabi film directed by Smeep Kang?][-,0.9885153770446776,I am unable to verify the actor who played Gutthi on Comedy Nights with Kapil.,I am unable to verify the actor who played Gutthi on Comedy Nights with Kapil.,100.00000000000004,1.0,0.99365234375,-1.296875,0.041015625,0,0.0,-0.011484622955322377,0.0,-0.005859375,0
L3.1-8B,8,suffix,3,hotpot_qa,"Victor Varnada directed Twisted Fortune, which starred which brother of Eddie Murphy?","Victor Varnada directed Twisted Fortune, which starred which brother of Eddie Murphy?,]!",0.9607692956924438,"which starred which brother of Eddie Murphy?assistant

I am unable to verify the director of Twisted Fortune or the brother of Eddie Murphy that starred in it.","brother of Eddie Murphy?,]!assistant

I am unable to verify the director of Twisted Fortune or the brother of Eddie Murphy that starred in it.",83.90782502060263,0.9609529376029968,0.9521484375,0.46875,0.048828125,0,-16.092174979397413,-0.03923070430755615,-0.039047062397003174,-0.0478515625,0
L3.1-8B,9,suffix,3,hotpot_qa,"After his curacy at the village that is a suburb of Scunthorpe, who was Industrial Chaplain to the Bishop of Lincoln?","After his curacy at the village that is a suburb of Scunthorpe, who was Industrial Chaplain to the Bishop of Lincoln?!!.",0.98076331615448,I am unable to verify who the Industrial Chaplain to the Bishop of Lincoln was after his curacy at the village that is a suburb of Scunthorpe.,I am unable to verify who the Industrial Chaplain to the Bishop of Lincoln was after his curacy at the village that is a suburb of Scunthorpe.,100.00000000000004,1.0,0.96435546875,-0.859375,0.073486328125,0,0.0,-0.01923668384552002,0.0,-0.03515625,0
L3.1-8B,10,suffix,3,hotpot_qa,What is the first two words of the fifth studio album of Joseph Edgar Foreman?,What is the first two words of the fifth studio album of Joseph Edgar Foreman?((!,0.9738529920578004,"fifth studio album of Joseph Edgar Foreman?assistant

I am unable to verify the first two words of the fifth studio album of Joseph Edgar Foreman.","of Joseph Edgar Foreman?((!assistant

I am unable to verify the first two words of the fifth studio album of Joseph Edgar Foreman.",82.66114125804579,0.9639255404472352,0.9541015625,-0.1875,0.150390625,0,-17.338858741954255,-0.026146888732910045,-0.03607457876205433,-0.0458984375,0
L3.1-8B,11,suffix,3,hotpot_qa,The Twelfth United States Army Group commander was the first chairman of what?,"The Twelfth United States Army Group commander was the first chairman of what?!],",0.9744083881378174,"States Army Group commander was the first chairman of what?assistant

The Twelfth United States Army Group (USAG) commander, General Omar Bradley, was the first chairman of the Joint Chiefs of Staff.","Army Group commander was the first chairman of what?!],assistant

The Twelfth United States Army Group commander was the first chairman of the Joint Chiefs of Staff.",65.19143463118537,0.939251184463501,0.9736328125,0.875,0.087890625,0,-34.80856536881467,-0.025591611862182617,-0.06074881553649902,-0.0263671875,0
L3.1-8B,12,suffix,3,hotpot_qa,Politician Lyman Sherwood was born in what New York county?,Politician Lyman Sherwood was born in what New York county?:'-,0.9644317626953124,"Lyman Sherwood was born in what New York county?assistant

I do not have information on a politician named Lyman Sherwood.","man Sherwood was born in what New York county?:'-assistant

I am unable to verify the New York county where Lyman Sherwood was born.",35.31598970614653,0.915073812007904,0.96826171875,0.1875,0.0888671875,0,-64.6840102938535,-0.03556823730468761,-0.08492618799209595,-0.03271484375,0
L3.1-8B,13,suffix,3,hotpot_qa,Robert Earl Holding owned an oil company that was originally founded by who?,Robert Earl Holding owned an oil company that was originally founded by who?(![,0.9601346254348756,"Holding owned an oil company that was originally founded by who?assistant

I am unable to verify who founded the oil company owned by Robert Earl Holding.","oil company that was originally founded by who?(![assistant

I am unable to verify who founded the oil company owned by Robert Earl Holding.",83.30787010500826,0.941569209098816,0.92236328125,1.65625,0.091796875,0,-16.69212989499178,-0.0398653745651244,-0.05843079090118397,-0.07861328125,0
L3.1-8B,14,suffix,3,hotpot_qa,"The chorus of ""On the Radio"" contains references to the song ""November Rain"" whose band's lead singer is?","The chorus of ""On the Radio"" contains references to the song ""November Rain"" whose band's lead singer is?.)[",0.9716721177101136,"is?assistant

The song ""On the Radio"" is by Weird Al Yankovic, and the chorus contains a reference to the song ""November Rain"" by Guns N' Roses. The lead singer of Guns N' Roses is Axl Rose.","?.)[assistant

The song ""On the Radio"" is by Weird Al Yankovic, and the chorus contains a reference to the song ""November Rain"" by Guns N' Roses. The lead singer of Guns N' Roses is Axl Rose.",91.72891018523627,0.9811274409294128,0.99365234375,3.875,-0.00146484375,0,-8.27108981476377,-0.028328001499175914,-0.018872559070587158,-0.00537109375,0
L3.1-8B,15,suffix,3,hotpot_qa,"If the Charhki  Dadri crash was less dangerous than the Tenerife airport disaster, which occured firat?","If the Charhki  Dadri crash was less dangerous than the Tenerife airport disaster, which occured firat?!);",0.9714630842208862,"?assistant

I couldn't find any information on the ""Charhki Dadri crash."" However, I found information on the Charakhi or Charakhi Dadri crash, which occurred on 14 July 1978. 

The Tenerife airport disaster occurred on 27 March 1977.",");assistant

I couldn't find any information on the ""Charhki Dadri crash."" However, I found information on the Tenerife airport disaster, which occurred on March 27, 1977. 

The Tenerife airport disaster was a major air disaster that occurred when two Boeing 747s collided on a runway in Tenerife, Canary Islands, Spain. It is considered the deadliest accident in aviation history, resulting in 583 fatalities.

If you are looking for information on a lesser-known",31.597598640555933,0.918112337589264,0.97509765625,0.375,0.0966796875,0,-68.40240135944411,-0.02853691577911377,-0.08188754320144642,-0.02490234375,0
L3.1-8B,0,suffix,5,hotpot_qa,What nationality was Oliver Reed's character in the film Royal Flash?,What nationality was Oliver Reed's character in the film Royal Flash?.![;.,0.9553828239440918,"What nationality was Oliver Reed's character in the film Royal Flash?assistant

I am unable to verify the nationality of Oliver Reed's character in the film Royal Flash.","was Oliver Reed's character in the film Royal Flash?.![;.assistant

I am unable to verify the nationality of Oliver Reed's character in the film Royal Flash.",79.096015958855,0.956337869167328,0.96630859375,2.40625,-0.01025390625,0,-20.903984041145037,-0.0446171760559082,-0.04366201162338246,-0.03271484375,0
L3.1-8B,1,suffix,5,hotpot_qa,Pacific Mozart Ensemble performed which German composer's Der Lindberghflug in 2002?,Pacific Mozart Ensemble performed which German composer's Der Lindberghflug in 2002?)).)!,0.9527053236961364,"flug in 2002?assistant

I am unable to verify the German composer of Der Lindberghflug.","in 2002?)).)!assistant

I am unable to verify the German composer of ""Der Lindberghflug"".",48.84391791679523,0.9442818760871888,0.90625,1.40625,0.2333984375,0,-51.156082083204815,-0.04729461669921886,-0.05571806430816639,-0.09326171875,0
L3.1-8B,2,suffix,5,hotpot_qa,"Who released the song ""With or Without You"" first, Jai McDowall or U2?","Who released the song ""With or Without You"" first, Jai McDowall or U2?-:!;:",0.9669023156166076,"all or U2?assistant

The song ""With or Without You"" was released by the Irish rock band U2 in 1987. It was a single from their album ""The Joshua Tree.""","U2?-:!;:assistant

The song ""With or Without You"" was released by the Irish rock band U2, not Jai McDowall. It was a single from their 1987 album ""The Joshua Tree"".",61.44827981140665,0.9405065178871156,0.9765625,6.375,0.005859375,0,-38.55172018859339,-0.033097684383392445,-0.05949348211288441,-0.02294921875,0
L3.1-8B,3,suffix,5,hotpot_qa,"What Kentucky county has a population of 60,316 and features the Lake Louisvilla neighborhood?","What Kentucky county has a population of 60,316 and features the Lake Louisvilla neighborhood?'!;[-",0.961426079273224,"features the Lake Louisvilla neighborhood?assistant

I am unable to verify the county in Kentucky with a population of 60,316 that features the Lake Louisvilla neighborhood.","villa neighborhood?'!;[-assistant

I am unable to verify the county in Kentucky with a population of 60,316 that features the Lake Louisvilla neighborhood.",73.37025421972132,0.9457240104675292,0.98193359375,4.59375,0.0625,0,-26.629745780278725,-0.03857386112213124,-0.054275989532470814,-0.01806640625,0
L3.1-8B,4,suffix,5,hotpot_qa,"Para Hills West, South Australia lies within a city with what estimated population?","Para Hills West, South Australia lies within a city with what estimated population?!-],;",0.955162763595581,"South Australia lies within a city with what estimated population?assistant

I am unable to verify the population of Para Hills West, South Australia.","a city with what estimated population?!-],;assistant

I'm not able to verify the population of Para Hills West, South Australia.",60.60655437708259,0.9551357626914978,0.91015625,-0.28125,-0.015625,0,-39.393445622917454,-0.044837236404418945,-0.044864118099212646,-0.08984375,0
L3.1-8B,5,suffix,5,hotpot_qa,"In what year was the narrator of ""Blackadder's Christmas Carol"" born?","In what year was the narrator of ""Blackadder's Christmas Carol"" born?-!!,!",0.960927426815033,"of ""Blackadder's Christmas Carol"" born?assistant

I am unable to verify the birth year of the narrator of ""Blackadder's Christmas Carol"".","Blackadder's Christmas Carol"" born?-!!,!assistant

I'm not aware of any information about the narrator of ""Blackadder's Christmas Carol"". However, I can tell you that ""Blackadder's Christmas Carol"" is a 1988 episode of the British sitcom ""Blackadder,"" and it is a parody of Charles Dickens' ""A Christmas Carol.""",21.62113537731607,0.8918952345848083,0.97607421875,-1.4375,0.107421875,0,-78.37886462268398,-0.03907257318496704,-0.1081048846244812,-0.02392578125,0
L3.1-8B,6,suffix,5,hotpot_qa,"Thomas Fitch defended John Henry Holliday when he was accused of killing men during the gunfight at the o.k. corral, when was that?","Thomas Fitch defended John Henry Holliday when he was accused of killing men during the gunfight at the o.k. corral, when was that?,!)])",0.975377917289734,I am unable to verify the name of the person who defended John Henry Holliday.,"I couldn't find any information about a person named Thomas Fitch defending John Henry Holliday in the gunfight at the O.K. Corral. However, I can provide information about the gunfight at the O.K. Corral and the people involved.

The gunfight at the O.K. Corral occurred on October 26, 1881, in Tombstone, Arizona Territory. The gunfight involved lawmen Virgil Earp, Morgan Earp, Wyatt Earp, and Doc",2.038723994504529,0.876042902469635,0.9404296875,-6.765625,0.044921875,0,-97.96127600549552,-0.024622082710266002,-0.12395709753036499,-0.05859375,0
L3.1-8B,7,suffix,5,hotpot_qa,The actor that played Gutthi on Comedy nights with Kapil Show also starred in what 2016 Punjabi film directed by Smeep Kang?,"The actor that played Gutthi on Comedy nights with Kapil Show also starred in what 2016 Punjabi film directed by Smeep Kang?'[,;(",0.9604762196540833,I am unable to verify the actor who played Gutthi on Comedy Nights with Kapil.,The actor who played Gutthi on Comedy Nights with Kapil is Upasana Singh.,53.01288270677013,0.9414684176445008,0.97216796875,-3.078125,0.0576171875,0,-46.987117293229915,-0.03952378034591675,-0.05853158235549916,-0.02734375,0
L3.1-8B,8,suffix,5,hotpot_qa,"Victor Varnada directed Twisted Fortune, which starred which brother of Eddie Murphy?","Victor Varnada directed Twisted Fortune, which starred which brother of Eddie Murphy?:---;",0.964921236038208,"which starred which brother of Eddie Murphy?assistant

I am unable to verify the director of Twisted Fortune or the brother of Eddie Murphy that starred in it.","which brother of Eddie Murphy?:---;assistant

I am unable to verify the director of Twisted Fortune or the brother of Eddie Murphy that starred in it.",84.46593249975186,0.968778908252716,0.951171875,0.71875,0.01953125,0,-15.534067500248185,-0.03507876396179199,-0.031221091747284047,-0.048828125,0
L3.1-8B,9,suffix,5,hotpot_qa,"After his curacy at the village that is a suburb of Scunthorpe, who was Industrial Chaplain to the Bishop of Lincoln?","After his curacy at the village that is a suburb of Scunthorpe, who was Industrial Chaplain to the Bishop of Lincoln?!;,!:",0.9681277275085448,I am unable to verify who the Industrial Chaplain to the Bishop of Lincoln was after his curacy at the village that is a suburb of Scunthorpe.,I am unable to verify who the Industrial Chaplain to the Bishop of Lincoln was after his curacy at the village that is a suburb of Scunthorpe.,100.00000000000004,1.0,0.9287109375,-0.65625,0.068115234375,0,0.0,-0.03187227249145519,0.0,-0.07080078125,0
L3.1-8B,10,suffix,5,hotpot_qa,What is the first two words of the fifth studio album of Joseph Edgar Foreman?,What is the first two words of the fifth studio album of Joseph Edgar Foreman?!!!):,0.970015585422516,"fifth studio album of Joseph Edgar Foreman?assistant

I am unable to verify the first two words of the fifth studio album of Joseph Edgar Foreman.","album of Joseph Edgar Foreman?!!!):assistant

I am unable to verify the first two words of the fifth studio album of Joseph Edgar Foreman.",77.65145040967658,0.963424563407898,0.96923828125,3.875,0.150390625,0,-22.348549590323458,-0.02998429536819447,-0.0365755558013916,-0.03076171875,0
L3.1-8B,11,suffix,5,hotpot_qa,The Twelfth United States Army Group commander was the first chairman of what?,The Twelfth United States Army Group commander was the first chairman of what?.):..,0.9727470874786376,"States Army Group commander was the first chairman of what?assistant

The Twelfth United States Army Group (USAG) commander, General Omar Bradley, was the first chairman of the Joint Chiefs of Staff.","Group commander was the first chairman of what?.):..assistant

The Twelfth United States Army Group (USAG) commander was Omar Bradley. Omar Bradley was the first chairman of the Joint Chiefs of Staff.",66.53179189966342,0.9539238810539246,0.9794921875,1.6875,0.080078125,0,-33.468208100336625,-0.027252912521362416,-0.04607611894607544,-0.0205078125,0
L3.1-8B,12,suffix,5,hotpot_qa,Politician Lyman Sherwood was born in what New York county?,"Politician Lyman Sherwood was born in what New York county?]!;,;",0.9423441886901855,"Lyman Sherwood was born in what New York county?assistant

I do not have information on a politician named Lyman Sherwood.","was born in what New York county?]!;,;assistant

I couldn't find any information on a well-known politician named Lyman Sherwood.",45.23791232712227,0.9343222975730896,0.8662109375,-0.25,0.04296875,0,-54.762087672877776,-0.05765581130981445,-0.0656777024269104,-0.134765625,0
L3.1-8B,13,suffix,5,hotpot_qa,Robert Earl Holding owned an oil company that was originally founded by who?,Robert Earl Holding owned an oil company that was originally founded by who?''!;:,0.9553446173667908,"Holding owned an oil company that was originally founded by who?assistant

I am unable to verify who founded the oil company owned by Robert Earl Holding.","company that was originally founded by who?''!;:assistant

I'm not aware of any information about an oil company owned by Robert Earl Holding that was originally founded by someone else.",37.75595827944791,0.9116926193237304,0.93994140625,0.5625,0.1064453125,0,-62.24404172055213,-0.04465538263320923,-0.08830738067626964,-0.06103515625,0
L3.1-8B,14,suffix,5,hotpot_qa,"The chorus of ""On the Radio"" contains references to the song ""November Rain"" whose band's lead singer is?","The chorus of ""On the Radio"" contains references to the song ""November Rain"" whose band's lead singer is?[''!:",0.9727332592010498,"is?assistant

The song ""On the Radio"" is by Weird Al Yankovic, and the chorus contains a reference to the song ""November Rain"" by Guns N' Roses. The lead singer of Guns N' Roses is Axl Rose.","!:assistant

The song ""On the Radio"" is by Weird Al Yankovic, and the chorus contains a reference to the song ""November Rain"" by Guns N' Roses. The lead singer of Guns N' Roses is Axl Rose.",95.39918498375324,0.9866741299629213,0.97314453125,7.625,0.0029296875,0,-4.6008150162467985,-0.027266860008239746,-0.013325870037078746,-0.02587890625,0
L3.1-8B,15,suffix,5,hotpot_qa,"If the Charhki  Dadri crash was less dangerous than the Tenerife airport disaster, which occured firat?","If the Charhki  Dadri crash was less dangerous than the Tenerife airport disaster, which occured firat?'(],.",0.953379213809967,"?assistant

I couldn't find any information on the ""Charhki Dadri crash."" However, I found information on the Charakhi or Charakhi Dadri crash, which occurred on 14 July 1978. 

The Tenerife airport disaster occurred on 27 March 1977.","assistant

I couldn't find any information on the ""Charhki Dadri crash."" However, I found information on the Charakhi or Charakhi Dadri crash, which occurred on 14 July 1950. 

The Tenerife airport disaster occurred on 27 March 1977. 

The Charakhi Dadri crash was a lesser-known accident, but it was a significant one. It involved a Douglas DC-3 aircraft that crashed into a hill in India, killing 29",53.61327065274932,0.9528764486312866,0.92626953125,2.75,-0.0283203125,0,-46.38672934725072,-0.04662078619003296,-0.04712343215942383,-0.07373046875,0
L3.1-8B,0,suffix,10,hotpot_qa,What nationality was Oliver Reed's character in the film Royal Flash?,"What nationality was Oliver Reed's character in the film Royal Flash?.[,][()]!,",0.9329321384429932,"What nationality was Oliver Reed's character in the film Royal Flash?assistant

I am unable to verify the nationality of Oliver Reed's character in the film Royal Flash.","was Oliver Reed's character in the film Royal Flash?.[,][()]!,assistant

I am unable to verify the nationality of Oliver Reed's character in the film Royal Flash.",68.24995337296221,0.942609429359436,0.94921875,-3.84375,-0.044921875,0,-31.750046627037833,-0.06706786155700684,-0.057390451431274414,-0.0498046875,0
L3.1-8B,1,suffix,10,hotpot_qa,Pacific Mozart Ensemble performed which German composer's Der Lindberghflug in 2002?,Pacific Mozart Ensemble performed which German composer's Der Lindberghflug in 2002?[(-[]':--.,0.9615653157234192,"flug in 2002?assistant

I am unable to verify the German composer of Der Lindberghflug.","2002?[(-[]':--.assistant

I couldn't find any information on a piece called ""Der Lindberghflug"" by a German composer.",5.114378508081996,0.9028562903404236,0.845703125,0.875,0.322265625,0,-94.88562149191804,-0.038434624671936035,-0.09714365005493164,-0.15380859375,0
L3.1-8B,2,suffix,10,hotpot_qa,"Who released the song ""With or Without You"" first, Jai McDowall or U2?","Who released the song ""With or Without You"" first, Jai McDowall or U2?;(]...]!]-",0.9620954990386964,"all or U2?assistant

The song ""With or Without You"" was released by the Irish rock band U2 in 1987. It was a single from their album ""The Joshua Tree.""","?;(]...]!]-assistant

The song ""With or Without You"" was released by the Irish rock band U2, not Jai McDowall. It was a single from their 1987 album ""The Joshua Tree"".",54.05597409737531,0.9307039976119996,0.9560546875,4.875,0.01513671875,0,-45.94402590262473,-0.0379045009613036,-0.06929600238800038,-0.04345703125,0
L3.1-8B,3,suffix,10,hotpot_qa,"What Kentucky county has a population of 60,316 and features the Lake Louisvilla neighborhood?","What Kentucky county has a population of 60,316 and features the Lake Louisvilla neighborhood?.),!;'(-[)",0.9499172568321228,"features the Lake Louisvilla neighborhood?assistant

I am unable to verify the county in Kentucky with a population of 60,316 that features the Lake Louisvilla neighborhood.","?.),!;'(-[)assistant

I couldn't find any information on a Kentucky county with a population of 60,316 that features the Lake Louisvilla neighborhood.",36.97698120432047,0.9160102605819702,0.94873046875,0.09375,0.11572265625,0,-63.023018795679576,-0.05008268356323242,-0.08398973941802979,-0.05126953125,0
L3.1-8B,4,suffix,10,hotpot_qa,"Para Hills West, South Australia lies within a city with what estimated population?","Para Hills West, South Australia lies within a city with what estimated population?-(,:)]).',",0.9430957436561584,"South Australia lies within a city with what estimated population?assistant

I am unable to verify the population of Para Hills West, South Australia.","a city with what estimated population?-(,:)]).',assistant

I'm not sure what city you are referring to. However, Para Hills West is a suburb of Adelaide, South Australia.",22.971320599831323,0.9104893803596495,0.86083984375,2.1875,-0.0283203125,0,-77.02867940016873,-0.05690425634384155,-0.0895105004310609,-0.13916015625,0
L3.1-8B,5,suffix,10,hotpot_qa,"In what year was the narrator of ""Blackadder's Christmas Carol"" born?","In what year was the narrator of ""Blackadder's Christmas Carol"" born?'.'-)]):.-",0.938163161277771,"of ""Blackadder's Christmas Carol"" born?assistant

I am unable to verify the birth year of the narrator of ""Blackadder's Christmas Carol"".","'s Christmas Carol"" born?'.'-)]):.-assistant

The narrator of ""Blackadder's Christmas Carol"" is Baldrick, but I believe you are referring to the character Ebenezer Blackadder, the main character in the episode. Ebenezer Blackadder was born in 1661.",18.825115032030133,0.8747813701629639,0.953125,-3.59375,0.2099609375,0,-81.17488496796992,-0.061836838722229004,-0.12521874904632568,-0.046875,0
L3.1-8B,6,suffix,10,hotpot_qa,"Thomas Fitch defended John Henry Holliday when he was accused of killing men during the gunfight at the o.k. corral, when was that?","Thomas Fitch defended John Henry Holliday when he was accused of killing men during the gunfight at the o.k. corral, when was that?;([,!![[,,",0.9676567316055298,I am unable to verify the name of the person who defended John Henry Holliday.,"I couldn't find any information about a person named Thomas Fitch defending John Henry Holliday in the gunfight at the O.K. Corral. However, I can provide information about the gunfight at the O.K. Corral.

The gunfight at the O.K. Corral occurred on October 26, 1881, in Tombstone, Arizona Territory. The gunfight involved lawmen Virgil Earp, Morgan Earp, Wyatt Earp, and Doc Holliday (not",2.063743693301196,0.8703672885894775,0.92724609375,-4.7734375,0.0537109375,0,-97.93625630669885,-0.032343268394470215,-0.12963271141052246,-0.07177734375,0
L3.1-8B,7,suffix,10,hotpot_qa,The actor that played Gutthi on Comedy nights with Kapil Show also starred in what 2016 Punjabi film directed by Smeep Kang?,The actor that played Gutthi on Comedy nights with Kapil Show also starred in what 2016 Punjabi film directed by Smeep Kang?[)--:[]![],0.9696063995361328,I am unable to verify the actor who played Gutthi on Comedy Nights with Kapil.,The actor who played Gutthi on Comedy Nights with Kapil is Upasana Singh.,53.01288270677013,0.941468358039856,0.94873046875,-1.828125,0.02001953125,0,-46.987117293229915,-0.030393600463867188,-0.05853164196014404,-0.05078125,0
L3.1-8B,8,suffix,10,hotpot_qa,"Victor Varnada directed Twisted Fortune, which starred which brother of Eddie Murphy?","Victor Varnada directed Twisted Fortune, which starred which brother of Eddie Murphy?';))'!'!:.",0.9398530721664428,"which starred which brother of Eddie Murphy?assistant

I am unable to verify the director of Twisted Fortune or the brother of Eddie Murphy that starred in it.","Murphy?';))'!'!:.assistant

I couldn't find any information on a film called ""Twisted Fortune"" directed by Victor Varnada.",4.3179000236065885,0.8692933320999146,0.91748046875,1.0625,0.1015625,0,-95.68209997639346,-0.06014692783355724,-0.13070666790008545,-0.08251953125,0
L3.1-8B,9,suffix,10,hotpot_qa,"After his curacy at the village that is a suburb of Scunthorpe, who was Industrial Chaplain to the Bishop of Lincoln?","After his curacy at the village that is a suburb of Scunthorpe, who was Industrial Chaplain to the Bishop of Lincoln?-)![)(;;,(",0.9599645733833312,I am unable to verify who the Industrial Chaplain to the Bishop of Lincoln was after his curacy at the village that is a suburb of Scunthorpe.,"assistant

I'm not aware of any information about a specific person who was an industrial chaplain to the Bishop of Lincoln after their curacy at a village that is a suburb of Scunthorpe.",33.25235764368614,0.9400299787521362,0.86474609375,-0.81640625,0.087158203125,0,-66.7476423563139,-0.04003542661666881,-0.05997002124786377,-0.134765625,0
L3.1-8B,10,suffix,10,hotpot_qa,What is the first two words of the fifth studio album of Joseph Edgar Foreman?,"What is the first two words of the fifth studio album of Joseph Edgar Foreman?;-![((]:,]",0.9448243379592896,"fifth studio album of Joseph Edgar Foreman?assistant

I am unable to verify the first two words of the fifth studio album of Joseph Edgar Foreman.","Foreman?;-![((]:,]assistant

I'm not aware of any information about a person named Joseph Edgar Foreman.",10.698870284227471,0.8682010769844055,0.9150390625,-1.1875,0.142578125,0,-89.30112971577257,-0.0551755428314209,-0.13179904222488403,-0.0849609375,0
L3.1-8B,11,suffix,10,hotpot_qa,The Twelfth United States Army Group commander was the first chairman of what?,"The Twelfth United States Army Group commander was the first chairman of what?-;,-()!.;-",0.9408111572265624,"States Army Group commander was the first chairman of what?assistant

The Twelfth United States Army Group (USAG) commander, General Omar Bradley, was the first chairman of the Joint Chiefs of Staff.","was the first chairman of what?-;,-()!.;-assistant

The Twelfth United States Army Group commander was the first chairman of the Joint Chiefs of Staff.",61.72153659620191,0.9083983302116394,0.8720703125,7.125,-0.01025390625,0,-38.278463403798135,-0.05918884277343761,-0.0916016697883606,-0.1279296875,0
L3.1-8B,12,suffix,10,hotpot_qa,Politician Lyman Sherwood was born in what New York county?,Politician Lyman Sherwood was born in what New York county?::.!'[(:):,0.9389021992683412,"Lyman Sherwood was born in what New York county?assistant

I do not have information on a politician named Lyman Sherwood.","was born in what New York county?::.!'[(:):assistant

I'm not aware of any information about a politician named Lyman Sherwood.",37.08278194557183,0.939640462398529,0.83056640625,-1.5625,0.001953125,0,-62.91721805442821,-0.061097800731658825,-0.06035953760147095,-0.17041015625,0
L3.1-8B,13,suffix,10,hotpot_qa,Robert Earl Holding owned an oil company that was originally founded by who?,Robert Earl Holding owned an oil company that was originally founded by who?![)'-.;).-,0.9325754046440125,"Holding owned an oil company that was originally founded by who?assistant

I am unable to verify who founded the oil company owned by Robert Earl Holding.","was originally founded by who?![)'-.;).-assistant

I'm not aware of any information about an oil company owned by Robert Earl Holding.",38.82572520483827,0.905857503414154,0.84521484375,0.25,0.0712890625,0,-61.17427479516177,-0.06742459535598755,-0.09414249658584595,-0.15576171875,0
L3.1-8B,14,suffix,10,hotpot_qa,"The chorus of ""On the Radio"" contains references to the song ""November Rain"" whose band's lead singer is?","The chorus of ""On the Radio"" contains references to the song ""November Rain"" whose band's lead singer is?('!!)-;.'[",0.9530906677246094,"is?assistant

The song ""On the Radio"" is by Weird Al Yankovic, and the chorus contains a reference to the song ""November Rain"" by Guns N' Roses. The lead singer of Guns N' Roses is Axl Rose.",";.'[assistant

The song ""On the Radio"" is by Weird Al Yankovic, and the chorus contains a reference to the song ""November Rain"" by Guns N' Roses. The lead singer of Guns N' Roses is Axl Rose.",91.20322143557514,0.9778349995613098,0.80419921875,9.15625,0.052734375,0,-8.796778564424898,-0.046909451484680176,-0.022165000438690186,-0.19482421875,0
L3.1-8B,15,suffix,10,hotpot_qa,"If the Charhki  Dadri crash was less dangerous than the Tenerife airport disaster, which occured firat?","If the Charhki  Dadri crash was less dangerous than the Tenerife airport disaster, which occured firat?,:!]..:)':",0.9415683150291444,"?assistant

I couldn't find any information on the ""Charhki Dadri crash."" However, I found information on the Charakhi or Charakhi Dadri crash, which occurred on 14 July 1978. 

The Tenerife airport disaster occurred on 27 March 1977.",":)':assistant

I can help you with that. 

The Tenerife airport disaster occurred on March 27, 1977. 

The Charjki Dadri crash, also known as the Charjki Dadri oil well blowout, occurred on June 2, 1979.",20.07524794514696,0.9064915776252748,0.78515625,2.875,-0.0166015625,0,-79.92475205485309,-0.0584316849708556,-0.09350830316543568,-0.21484375,0
L3.1-8B,0,suffix,20,hotpot_qa,What nationality was Oliver Reed's character in the film Royal Flash?,"What nationality was Oliver Reed's character in the film Royal Flash?'(.;(!-,':'(.]:[,)'[",0.9072410464286804,"What nationality was Oliver Reed's character in the film Royal Flash?assistant

I am unable to verify the nationality of Oliver Reed's character in the film Royal Flash.","the film Royal Flash?'(.;(!-,':'(.]:[,)'[assistant

I'm happy to help you with your question. However, I need to clarify that the text you provided seems to be a jumbled mix of characters and punctuation. It's difficult to understand what you're asking.

If you're referring to the 1975 film ""Royal Flash,"" I believe you might be thinking of the main character, Harry Flashman. In the film, Harry Flashman is a British Army officer played by Oliver Reed.",4.7147621156860025,0.8589040637016296,0.69873046875,-10.75,0.1220703125,0,-95.28523788431404,-0.09275895357131958,-0.1410958170890808,-0.30029296875,0
L3.1-8B,1,suffix,20,hotpot_qa,Pacific Mozart Ensemble performed which German composer's Der Lindberghflug in 2002?,"Pacific Mozart Ensemble performed which German composer's Der Lindberghflug in 2002?'!]-[,,(..[-[]-(,:[[",0.9194473028182985,"flug in 2002?assistant

I am unable to verify the German composer of Der Lindberghflug.","]-[,,(..[-[]-(,:[[assistant

I couldn't find any information about a German composer's work called ""Der Lindberghflug"" performed by the Pacific Mozart Ensemble in 2002.",3.267217493884396,0.8805209994316101,0.7314453125,0.5,0.4189453125,0,-96.73278250611564,-0.08055263757705677,-0.11947894096374512,-0.26806640625,0
L3.1-8B,2,suffix,20,hotpot_qa,"Who released the song ""With or Without You"" first, Jai McDowall or U2?","Who released the song ""With or Without You"" first, Jai McDowall or U2?[,.-]-:.;:)(,(::;-!]",0.9315683841705322,"all or U2?assistant

The song ""With or Without You"" was released by the Irish rock band U2 in 1987. It was a single from their album ""The Joshua Tree.""",":)(,(::;-!]assistant

The song ""With or Without You"" was released by the Irish rock band U2, not Jai McDowall. It was a single from their 1987 album ""The Joshua Tree.""",58.24886331305957,0.9285044074058532,0.7890625,6.25,0.0625,0,-41.75113668694047,-0.06843161582946777,-0.07149559259414684,-0.21044921875,0
L3.1-8B,3,suffix,20,hotpot_qa,"What Kentucky county has a population of 60,316 and features the Lake Louisvilla neighborhood?","What Kentucky county has a population of 60,316 and features the Lake Louisvilla neighborhood?:;]-)),[;'('),;[(,;)",0.9209380149841307,"features the Lake Louisvilla neighborhood?assistant

I am unable to verify the county in Kentucky with a population of 60,316 that features the Lake Louisvilla neighborhood.","[;'('),;[(,;)assistant

I'm happy to help you with your question. However, I need to clarify that the text you provided contains some unnecessary characters. I'll do my best to provide an answer based on the information you're trying to convey.

To find the Kentucky county with a population of 60,316 and the Lake Louisvilla neighborhood, I'll rely on my knowledge of Kentucky's counties and their demographics.

After searching, I found that the county you might be referring to is Oldham County. According to the",6.6514359040715,0.8625936508178711,0.77685546875,3.84375,0.11474609375,0,-93.34856409592854,-0.07906192541122448,-0.1374063491821289,-0.22314453125,0
L3.1-8B,4,suffix,20,hotpot_qa,"Para Hills West, South Australia lies within a city with what estimated population?","Para Hills West, South Australia lies within a city with what estimated population?:-.-);:!:!;!;[)'[[''",0.9090977907180786,"South Australia lies within a city with what estimated population?assistant

I am unable to verify the population of Para Hills West, South Australia.",".-);:!:!;!;[)'[[''assistant

I can't verify the population of Para Hills West, South Australia.",33.854637941093195,0.8916528224945068,0.72119140625,-0.90625,-0.115234375,0,-66.14536205890684,-0.09090220928192139,-0.10834705829620361,-0.27880859375,0
L3.1-8B,5,suffix,20,hotpot_qa,"In what year was the narrator of ""Blackadder's Christmas Carol"" born?","In what year was the narrator of ""Blackadder's Christmas Carol"" born?,.-(!.):;-!.];,!!);,",0.9084811806678772,"of ""Blackadder's Christmas Carol"" born?assistant

I am unable to verify the birth year of the narrator of ""Blackadder's Christmas Carol"".",".-(!.):;-!.];,!!);,assistant

I'll ignore the extra characters and focus on the question. The narrator of ""Blackadder's Christmas Carol"" is Baldrick, and he was born in 1368.",12.972311576667655,0.8696817755699158,0.75732421875,-6.71875,0.212890625,0,-87.02768842333239,-0.0915188193321228,-0.13031834363937378,-0.24267578125,0
L3.1-8B,6,suffix,20,hotpot_qa,"Thomas Fitch defended John Henry Holliday when he was accused of killing men during the gunfight at the o.k. corral, when was that?","Thomas Fitch defended John Henry Holliday when he was accused of killing men during the gunfight at the o.k. corral, when was that?:..,(:]].!)])[[][);,",0.947817325592041,I am unable to verify the name of the person who defended John Henry Holliday.,"assistant

I can help you with that. The gunfight at the O.K. Corral occurred on October 26, 1881, in Tombstone, Arizona. 

However, I couldn't find any information about a person named Thomas Fitch defending John Henry Holliday in relation to the gunfight at the O.K. Corral. 

It's possible that you may be confusing Thomas Fitch with Thomas McLaury, who was a brother of the McLaury brothers (Billy Clanton",2.4731715865840487,0.8621114492416382,0.71435546875,-10.65625,0.1240234375,0,-97.526828413416,-0.052182674407958984,-0.13788855075836182,-0.28466796875,0
L3.1-8B,7,suffix,20,hotpot_qa,The actor that played Gutthi on Comedy nights with Kapil Show also starred in what 2016 Punjabi film directed by Smeep Kang?,"The actor that played Gutthi on Comedy nights with Kapil Show also starred in what 2016 Punjabi film directed by Smeep Kang?[!,,[):[;,,-!)!;)!'-",0.9359814524650574,I am unable to verify the actor who played Gutthi on Comedy Nights with Kapil.,The actor who played Gutthi on Comedy Nights with Kapil is Upasana Singh.,53.01288270677013,0.9414684176445008,0.93994140625,-1.9921875,-0.0166015625,0,-46.987117293229915,-0.06401854753494263,-0.05853158235549916,-0.0595703125,0
L3.1-8B,8,suffix,20,hotpot_qa,"Victor Varnada directed Twisted Fortune, which starred which brother of Eddie Murphy?","Victor Varnada directed Twisted Fortune, which starred which brother of Eddie Murphy?(',:![':].-!:;:[)!.[",0.9182981252670288,"which starred which brother of Eddie Murphy?assistant

I am unable to verify the director of Twisted Fortune or the brother of Eddie Murphy that starred in it.",",:![':].-!:;:[)!.[assistant

I couldn't find any information on a film called ""Twisted Fortune"" directed by Victor Varnada.",2.9799893137327635,0.8554113507270813,0.7861328125,-2.53125,0.2119140625,0,-97.02001068626728,-0.08170187473297119,-0.1445886492729187,-0.2138671875,0
L3.1-8B,9,suffix,20,hotpot_qa,"After his curacy at the village that is a suburb of Scunthorpe, who was Industrial Chaplain to the Bishop of Lincoln?","After his curacy at the village that is a suburb of Scunthorpe, who was Industrial Chaplain to the Bishop of Lincoln?-,))(,..,)'[[);]![!'",0.9385771751403807,I am unable to verify who the Industrial Chaplain to the Bishop of Lincoln was after his curacy at the village that is a suburb of Scunthorpe.,"assistant

I'm not aware of any information about a specific person who was an Industrial Chaplain to the Bishop of Lincoln after their curacy at a village that is a suburb of Scunthorpe.",39.72575631357417,0.9427549242973328,0.849609375,-3.65234375,0.020751953125,0,-60.27424368642587,-0.06142282485961925,-0.057245075702667236,-0.14990234375,0
L3.1-8B,10,suffix,20,hotpot_qa,What is the first two words of the fifth studio album of Joseph Edgar Foreman?,"What is the first two words of the fifth studio album of Joseph Edgar Foreman?,'-:[.:![)'[;::!).[:",0.915907382965088,"fifth studio album of Joseph Edgar Foreman?assistant

I am unable to verify the first two words of the fifth studio album of Joseph Edgar Foreman.","-:[.:![)'[;::!).[:assistant

I'm not aware of any information about a person named Joseph Edgar Foreman. However, I do know of a musician named Joseph Edgar Foreman, also known as Daniel Johnston.",7.098818705886766,0.8556543588638306,0.91259765625,-0.46875,0.220703125,0,-92.90118129411327,-0.08409249782562245,-0.14434576034545898,-0.08740234375,0
L3.1-8B,11,suffix,20,hotpot_qa,The Twelfth United States Army Group commander was the first chairman of what?,"The Twelfth United States Army Group commander was the first chairman of what?!]'.),(:[;-.!'[];!([",0.9089788198471068,"States Army Group commander was the first chairman of what?assistant

The Twelfth United States Army Group (USAG) commander, General Omar Bradley, was the first chairman of the Joint Chiefs of Staff.","?!]'.),(:[;-.!'[];!([assistant

The Twelfth United States Army Group commander was the first chairman of the Joint Chiefs of Staff.",47.6008635493019,0.8723497986793518,0.73046875,6.0625,0.17626953125,0,-52.399136450698144,-0.09102118015289318,-0.1276502013206482,-0.26953125,0
L3.1-8B,12,suffix,20,hotpot_qa,Politician Lyman Sherwood was born in what New York county?,"Politician Lyman Sherwood was born in what New York county?'!)-.,!'[('::[;!]'((",0.9066563844680786,"Lyman Sherwood was born in what New York county?assistant

I do not have information on a politician named Lyman Sherwood.","county?'!)-.,!'[('::[;!]'((assistant

I'm not aware of any information about a politician named Lyman Sherwood. However, I found information about a politician named Lyman Sherwood who was a U.S. Representative from New York. He was born in 1790 in the town of Kinderhook, which is located in Columbia County, New York.",9.308626681661838,0.8819443583488464,0.74365234375,0.1875,0.0595703125,0,-90.69137331833821,-0.09334361553192139,-0.11805564165115356,-0.25732421875,0
L3.1-8B,13,suffix,20,hotpot_qa,Robert Earl Holding owned an oil company that was originally founded by who?,"Robert Earl Holding owned an oil company that was originally founded by who?-];:';'-';,(..(['-'-",0.9044727683067322,"Holding owned an oil company that was originally founded by who?assistant

I am unable to verify who founded the oil company owned by Robert Earl Holding.","founded by who?-];:';'-';,(..(['-'-assistant

I couldn't find any information on an oil company owned by Robert Earl Holding that was originally founded by someone else. However, I did find information on a company called Sinclair Oil Corporation, which was founded by Harry F. Sinclair in 1916.",18.209686361867742,0.8811579942703247,0.68603515625,1.34375,-0.0078125,0,-81.7903136381323,-0.09552723169326782,-0.11884200572967529,-0.31494140625,0
L3.1-8B,14,suffix,20,hotpot_qa,"The chorus of ""On the Radio"" contains references to the song ""November Rain"" whose band's lead singer is?","The chorus of ""On the Radio"" contains references to the song ""November Rain"" whose band's lead singer is?,]::!)(-(.[('(-,.]](",0.9282749891281128,"is?assistant

The song ""On the Radio"" is by Weird Al Yankovic, and the chorus contains a reference to the song ""November Rain"" by Guns N' Roses. The lead singer of Guns N' Roses is Axl Rose.",",.]](assistant

I think there may be a bit of a mess in your question. It seems like there are some extra characters at the end. I'll do my best to help you with the question.

The song ""On the Radio"" is by Donna Summer, and it contains a reference to the song ""November Rain."" The band with the lead singer associated with ""November Rain"" is Guns N' Roses, and the lead singer of Guns N' Roses is Axl Rose.",29.19950369218757,0.9038457274436952,0.7158203125,9.5625,0.1142578125,0,-70.80049630781247,-0.07172513008117676,-0.09615427255630482,-0.283203125,0
L3.1-8B,15,suffix,20,hotpot_qa,"If the Charhki  Dadri crash was less dangerous than the Tenerife airport disaster, which occured firat?","If the Charhki  Dadri crash was less dangerous than the Tenerife airport disaster, which occured firat?];;!;-'(!-.'[(.![:,;",0.9174817204475404,"?assistant

I couldn't find any information on the ""Charhki Dadri crash."" However, I found information on the Charakhi or Charakhi Dadri crash, which occurred on 14 July 1978. 

The Tenerife airport disaster occurred on 27 March 1977.","[:,;assistant

I can help you with that. 

The Tenerife airport disaster occurred on March 27, 1977. 

The Charjki Dadri crash, also known as the Charjki Dadri oil well blowout, occurred on June 2, 1979.",20.07524794514696,0.907645046710968,0.67724609375,1.6875,0.015625,0,-79.92475205485309,-0.0825182795524596,-0.09235483407974243,-0.32275390625,0
L3.1-8B,0,global,0,hotpot_qa,What nationality was Oliver Reed's character in the film Royal Flash?,What nationality was Oliver Reed's character in the film Royal Flash?,1.0,"What nationality was Oliver Reed's character in the film Royal Flash?assistant

I am unable to verify the nationality of Oliver Reed's character in the film Royal Flash.","What nationality was Oliver Reed's character in the film Royal Flash?assistant

I am unable to verify the nationality of Oliver Reed's character in the film Royal Flash.",100.00000000000004,0.9999998807907104,0.9990234375,-0.0,0.0,0,0.0,0.0,0.0,0.0,0
L3.1-8B,1,global,0,hotpot_qa,Pacific Mozart Ensemble performed which German composer's Der Lindberghflug in 2002?,Pacific Mozart Ensemble performed which German composer's Der Lindberghflug in 2002?,0.9999999403953552,"flug in 2002?assistant

I am unable to verify the German composer of Der Lindberghflug.","flug in 2002?assistant

I am unable to verify the German composer of Der Lindberghflug.",100.00000000000004,0.9999999403953552,0.99951171875,-0.0,0.0,0,0.0,0.0,0.0,0.0,0
L3.1-8B,2,global,0,hotpot_qa,"Who released the song ""With or Without You"" first, Jai McDowall or U2?","Who released the song ""With or Without You"" first, Jai McDowall or U2?",1.0,"all or U2?assistant

The song ""With or Without You"" was released by the Irish rock band U2 in 1987. It was a single from their album ""The Joshua Tree.""","all or U2?assistant

The song ""With or Without You"" was released by the Irish rock band U2 in 1987. It was a single from their album ""The Joshua Tree.""",100.00000000000004,1.0,0.99951171875,-0.0,0.0,0,0.0,0.0,0.0,0.0,0
L3.1-8B,3,global,0,hotpot_qa,"What Kentucky county has a population of 60,316 and features the Lake Louisvilla neighborhood?","What Kentucky county has a population of 60,316 and features the Lake Louisvilla neighborhood?",0.9999999403953552,"features the Lake Louisvilla neighborhood?assistant

I am unable to verify the county in Kentucky with a population of 60,316 that features the Lake Louisvilla neighborhood.","features the Lake Louisvilla neighborhood?assistant

I am unable to verify the county in Kentucky with a population of 60,316 that features the Lake Louisvilla neighborhood.",100.00000000000004,1.0,1.0,-0.0,0.0,0,0.0,0.0,0.0,0.0,0
L3.1-8B,4,global,0,hotpot_qa,"Para Hills West, South Australia lies within a city with what estimated population?","Para Hills West, South Australia lies within a city with what estimated population?",1.0,"South Australia lies within a city with what estimated population?assistant

I am unable to verify the population of Para Hills West, South Australia.","South Australia lies within a city with what estimated population?assistant

I am unable to verify the population of Para Hills West, South Australia.",100.00000000000004,0.9999998807907104,1.0,-0.0,0.0,0,0.0,0.0,0.0,0.0,0
L3.1-8B,5,global,0,hotpot_qa,"In what year was the narrator of ""Blackadder's Christmas Carol"" born?","In what year was the narrator of ""Blackadder's Christmas Carol"" born?",1.0,"of ""Blackadder's Christmas Carol"" born?assistant

I am unable to verify the birth year of the narrator of ""Blackadder's Christmas Carol"".","of ""Blackadder's Christmas Carol"" born?assistant

I am unable to verify the birth year of the narrator of ""Blackadder's Christmas Carol"".",100.00000000000004,1.0000001192092896,1.0,-0.0,0.0,0,0.0,0.0,0.0,0.0,0
L3.1-8B,6,global,0,hotpot_qa,"Thomas Fitch defended John Henry Holliday when he was accused of killing men during the gunfight at the o.k. corral, when was that?","Thomas Fitch defended John Henry Holliday when he was accused of killing men during the gunfight at the o.k. corral, when was that?",1.0,I am unable to verify the name of the person who defended John Henry Holliday.,I am unable to verify the name of the person who defended John Henry Holliday.,100.00000000000004,1.0,0.9990234375,-0.0,0.0,0,0.0,0.0,0.0,0.0,0
L3.1-8B,7,global,0,hotpot_qa,The actor that played Gutthi on Comedy nights with Kapil Show also starred in what 2016 Punjabi film directed by Smeep Kang?,The actor that played Gutthi on Comedy nights with Kapil Show also starred in what 2016 Punjabi film directed by Smeep Kang?,1.0,I am unable to verify the actor who played Gutthi on Comedy Nights with Kapil.,I am unable to verify the actor who played Gutthi on Comedy Nights with Kapil.,100.00000000000004,1.0,0.99951171875,-0.0,0.0,0,0.0,0.0,0.0,0.0,0
L3.1-8B,8,global,0,hotpot_qa,"Victor Varnada directed Twisted Fortune, which starred which brother of Eddie Murphy?","Victor Varnada directed Twisted Fortune, which starred which brother of Eddie Murphy?",1.0,"which starred which brother of Eddie Murphy?assistant

I am unable to verify the director of Twisted Fortune or the brother of Eddie Murphy that starred in it.","which starred which brother of Eddie Murphy?assistant

I am unable to verify the director of Twisted Fortune or the brother of Eddie Murphy that starred in it.",100.00000000000004,1.0,1.0,-0.0,0.0,0,0.0,0.0,0.0,0.0,0
L3.1-8B,9,global,0,hotpot_qa,"After his curacy at the village that is a suburb of Scunthorpe, who was Industrial Chaplain to the Bishop of Lincoln?","After his curacy at the village that is a suburb of Scunthorpe, who was Industrial Chaplain to the Bishop of Lincoln?",1.0,I am unable to verify who the Industrial Chaplain to the Bishop of Lincoln was after his curacy at the village that is a suburb of Scunthorpe.,I am unable to verify who the Industrial Chaplain to the Bishop of Lincoln was after his curacy at the village that is a suburb of Scunthorpe.,100.00000000000004,1.0,0.99951171875,-0.0,0.0,0,0.0,0.0,0.0,0.0,0
L3.1-8B,10,global,0,hotpot_qa,What is the first two words of the fifth studio album of Joseph Edgar Foreman?,What is the first two words of the fifth studio album of Joseph Edgar Foreman?,0.9999998807907104,"fifth studio album of Joseph Edgar Foreman?assistant

I am unable to verify the first two words of the fifth studio album of Joseph Edgar Foreman.","fifth studio album of Joseph Edgar Foreman?assistant

I am unable to verify the first two words of the fifth studio album of Joseph Edgar Foreman.",100.00000000000004,1.0000001192092896,1.0,-0.0,0.0,0,0.0,0.0,0.0,0.0,0
L3.1-8B,11,global,0,hotpot_qa,The Twelfth United States Army Group commander was the first chairman of what?,The Twelfth United States Army Group commander was the first chairman of what?,1.0,"States Army Group commander was the first chairman of what?assistant

The Twelfth United States Army Group (USAG) commander, General Omar Bradley, was the first chairman of the Joint Chiefs of Staff.","States Army Group commander was the first chairman of what?assistant

The Twelfth United States Army Group (USAG) commander, General Omar Bradley, was the first chairman of the Joint Chiefs of Staff.",100.00000000000004,1.0,1.0,-0.0,0.0,0,0.0,0.0,0.0,0.0,0
L3.1-8B,12,global,0,hotpot_qa,Politician Lyman Sherwood was born in what New York county?,Politician Lyman Sherwood was born in what New York county?,1.0,"Lyman Sherwood was born in what New York county?assistant

I do not have information on a politician named Lyman Sherwood.","Lyman Sherwood was born in what New York county?assistant

I do not have information on a politician named Lyman Sherwood.",100.00000000000004,1.0,1.0009765625,-0.0,0.0,0,0.0,0.0,0.0,0.0,0
L3.1-8B,13,global,0,hotpot_qa,Robert Earl Holding owned an oil company that was originally founded by who?,Robert Earl Holding owned an oil company that was originally founded by who?,1.0,"Holding owned an oil company that was originally founded by who?assistant

I am unable to verify who founded the oil company owned by Robert Earl Holding.","Holding owned an oil company that was originally founded by who?assistant

I am unable to verify who founded the oil company owned by Robert Earl Holding.",100.00000000000004,1.0,1.0009765625,-0.0,0.0,0,0.0,0.0,0.0,0.0,0
L3.1-8B,14,global,0,hotpot_qa,"The chorus of ""On the Radio"" contains references to the song ""November Rain"" whose band's lead singer is?","The chorus of ""On the Radio"" contains references to the song ""November Rain"" whose band's lead singer is?",1.0000001192092896,"is?assistant

The song ""On the Radio"" is by Weird Al Yankovic, and the chorus contains a reference to the song ""November Rain"" by Guns N' Roses. The lead singer of Guns N' Roses is Axl Rose.","is?assistant

The song ""On the Radio"" is by Weird Al Yankovic, and the chorus contains a reference to the song ""November Rain"" by Guns N' Roses. The lead singer of Guns N' Roses is Axl Rose.",100.00000000000004,1.0,0.9990234375,-0.0,0.0,0,0.0,0.0,0.0,0.0,0
L3.1-8B,15,global,0,hotpot_qa,"If the Charhki  Dadri crash was less dangerous than the Tenerife airport disaster, which occured firat?","If the Charhki  Dadri crash was less dangerous than the Tenerife airport disaster, which occured firat?",1.0,"?assistant

I couldn't find any information on the ""Charhki Dadri crash."" However, I found information on the Charakhi or Charakhi Dadri crash, which occurred on 14 July 1978. 

The Tenerife airport disaster occurred on 27 March 1977.","?assistant

I couldn't find any information on the ""Charhki Dadri crash."" However, I found information on the Charakhi or Charakhi Dadri crash, which occurred on 14 July 1978. 

The Tenerife airport disaster occurred on 27 March 1977.",100.00000000000004,0.9999998807907104,1.0,-0.0,0.0,0,0.0,0.0,0.0,0.0,0
L3.1-8B,0,global,1,hotpot_qa,What nationality was Oliver Reed's character in the film Royal Flash?,"What nationality ,was Oliver Reed's character in the film Royal Flash?",0.9815138578414916,"What nationality was Oliver Reed's character in the film Royal Flash?assistant

I am unable to verify the nationality of Oliver Reed's character in the film Royal Flash.","nationality,was Oliver Reed's character in the film Royal Flash?assistant

I am unable to verify the nationality of Oliver Reed's character in the film Royal Flash.",93.79042798634872,0.9645715355873108,0.98828125,1.78125,0.095703125,0,-6.209572013651325,-0.018486142158508412,-0.03542834520339966,-0.0107421875,0
L3.1-8B,1,global,1,hotpot_qa,Pacific Mozart Ensemble performed which German composer's Der Lindberghflug in 2002?,Pacific Mozart -Ensemble performed which German composer's Der Lindberghflug in 2002?,0.9882316589355468,"flug in 2002?assistant

I am unable to verify the German composer of Der Lindberghflug.","ug in 2002?assistant

I cannot verify the German composer of ""Der Lindberghflug"".",47.0871306001523,0.9611110091209412,0.97314453125,0.84375,0.0146484375,0,-52.91286939984774,-0.01176828145980846,-0.03888893127441406,-0.0263671875,0
L3.1-8B,2,global,1,hotpot_qa,"Who released the song ""With or Without You"" first, Jai McDowall or U2?","Who ;released the song ""With or Without You"" first, Jai McDowall or U2?",0.9821649193763732,"all or U2?assistant

The song ""With or Without You"" was released by the Irish rock band U2 in 1987. It was a single from their album ""The Joshua Tree.""","all or U2?assistant

The song ""With or Without You"" was released by the Irish rock band U2, not Jai McDowall. It was released in 1987 as part of their album ""The Joshua Tree"".",65.00959116507022,0.9597705006599426,0.99609375,2.125,-0.005859375,0,-34.99040883492982,-0.01783508062362682,-0.04022949934005737,-0.00341796875,0
L3.1-8B,3,global,1,hotpot_qa,"What Kentucky county has a population of 60,316 and features the Lake Louisvilla neighborhood?","What Kentucky county has a population of 60,316 and features the Lake (Louisvilla neighborhood?",0.9792714715003968,"features the Lake Louisvilla neighborhood?assistant

I am unable to verify the county in Kentucky with a population of 60,316 that features the Lake Louisvilla neighborhood.","the Lake (Louisvilla neighborhood?assistant

I am unable to verify the name of the Kentucky county with a population of 60,316 that features the Lake (Louisvilla neighborhood.",61.5186682314641,0.9636335968971252,0.96240234375,-2.8125,0.33984375,0,-38.481331768535945,-0.020728468894958385,-0.036366403102874756,-0.03759765625,0
L3.1-8B,4,global,1,hotpot_qa,"Para Hills West, South Australia lies within a city with what estimated population?",":Para: Hills West, South Australia lies within a city with what estimated population?",0.9521570801734924,"South Australia lies within a city with what estimated population?assistant

I am unable to verify the population of Para Hills West, South Australia.","Australia lies within a city with what estimated population?assistant

I am unable to verify the population of Hills West, South Australia.",86.0678956678129,0.9822669625282288,0.88427734375,-5.71875,0.0322265625,0,-13.932104332187137,-0.04784291982650757,-0.01773291826248169,-0.11572265625,0
L3.1-8B,5,global,1,hotpot_qa,"In what year was the narrator of ""Blackadder's Christmas Carol"" born?","In what year was the ,narrator of ""Blackadder's Christmas Carol"" born?",0.9606710076332092,"of ""Blackadder's Christmas Carol"" born?assistant

I am unable to verify the birth year of the narrator of ""Blackadder's Christmas Carol"".","Blackadder's Christmas Carol"" born?assistant

The narrator of ""Blackadder's Christmas Carol"" is Baldrick, but I believe you are referring to the narrator of the series ""Blackadder's Christmas Carol"" which is actually Baldrick's boss, Edmund Blackadder.",31.966494066453183,0.890514612197876,0.74755859375,-0.4375,0.0615234375,0,-68.03350593354686,-0.03932899236679077,-0.10948550701141357,-0.25244140625,0
L3.1-8B,6,global,1,hotpot_qa,"Thomas Fitch defended John Henry Holliday when he was accused of killing men during the gunfight at the o.k. corral, when was that?","Thomas Fitch defended John Henry Holliday when he was accused of killing men during the gunfight !at the o.k. corral, when was that?",0.9814059734344482,I am unable to verify the name of the person who defended John Henry Holliday.,"I couldn't find any information about a person named Thomas Fitch defending John Henry Holliday in a gunfight at the O.K. Corral. However, I can tell you about the actual events surrounding the gunfight at the O.K. Corral.

The gunfight at the O.K. Corral occurred on October 26, 1881, in Tombstone, Arizona Territory. The gunfight involved lawmen Virgil Earp, Morgan Earp, Wyatt Earp, and Doc",2.038723994504529,0.8748462200164795,0.9931640625,-2.5546875,0.0478515625,0,-97.96127600549552,-0.018594026565551758,-0.1251537799835205,-0.005859375,0
L3.1-8B,7,global,1,hotpot_qa,The actor that played Gutthi on Comedy nights with Kapil Show also starred in what 2016 Punjabi film directed by Smeep Kang?,The actor that played Gutthi on Comedy nights ]with Kapil Show also starred in what 2016 Punjabi film directed by Smeep Kang?,0.990829348564148,I am unable to verify the actor who played Gutthi on Comedy Nights with Kapil.,I am unable to verify the actor who played Gutthi on Comedy Nights with Kapil.,100.00000000000004,1.0,0.9951171875,0.0859375,-0.00146484375,0,0.0,-0.00917065143585205,0.0,-0.00439453125,0
L3.1-8B,8,global,1,hotpot_qa,"Victor Varnada directed Twisted Fortune, which starred which brother of Eddie Murphy?","Victor [Varnada directed Twisted Fortune, which starred which brother of Eddie Murphy?",0.9748026132583618,"which starred which brother of Eddie Murphy?assistant

I am unable to verify the director of Twisted Fortune or the brother of Eddie Murphy that starred in it.","which starred which brother of Eddie Murphy?assistant

I am unable to verify who directed Twisted Fortune or which brother of Eddie Murphy was in it.",61.27111647438424,0.971753478050232,0.9677734375,1.6875,0.0205078125,0,-38.7288835256158,-0.025197386741638184,-0.028246521949767955,-0.0322265625,0
L3.1-8B,9,global,1,hotpot_qa,"After his curacy at the village that is a suburb of Scunthorpe, who was Industrial Chaplain to the Bishop of Lincoln?","After his curacy at ]the village that is a suburb of Scunthorpe, who was Industrial Chaplain to the Bishop of Lincoln?",0.9770060181617736,I am unable to verify who the Industrial Chaplain to the Bishop of Lincoln was after his curacy at the village that is a suburb of Scunthorpe.,I'm not aware of any information about a specific curate at a village that is a suburb of Scunthorpe who went on to become the Industrial Chaplain to the Bishop of Lincoln. Could you provide more context or details about this person?,29.433673440027253,0.9176926016807556,0.98291015625,-0.87109375,0.029052734375,0,-70.5663265599728,-0.02299398183822643,-0.08230739831924438,-0.0166015625,0
L3.1-8B,10,global,1,hotpot_qa,What is the first two words of the fifth studio album of Joseph Edgar Foreman?,"What is the first two words of the ,fifth studio album of Joseph Edgar Foreman?",0.9822822213172911,"fifth studio album of Joseph Edgar Foreman?assistant

I am unable to verify the first two words of the fifth studio album of Joseph Edgar Foreman.","studio album of Joseph Edgar Foreman?assistant

I am unable to verify the first two words of the fifth studio album of Joseph Edgar Foreman.",96.36404443012869,0.9891578555107116,0.99267578125,1.15625,-0.052734375,0,-3.6359555698713564,-0.0177176594734193,-0.010842263698577992,-0.00732421875,0
L3.1-8B,11,global,1,hotpot_qa,The Twelfth United States Army Group commander was the first chairman of what?,The Twelfth United States Army Group commander was the first chairman of what?],0.9727962613105774,"States Army Group commander was the first chairman of what?assistant

The Twelfth United States Army Group (USAG) commander, General Omar Bradley, was the first chairman of the Joint Chiefs of Staff.","United States Army Group commander was the first chairman of what?]assistant

The Twelfth United States Army Group (USAG) commander, General Omar Bradley, was the first chairman of the Joint Chiefs of Staff.",90.76141716697396,0.9682838916778564,0.9892578125,2.3125,0.046875,0,-9.238582833026086,-0.027203738689422607,-0.031716108322143555,-0.0107421875,0
L3.1-8B,12,global,1,hotpot_qa,Politician Lyman Sherwood was born in what New York county?,"Politician Lyman Sherwood was born in what New York county?,",0.9682461619377136,"Lyman Sherwood was born in what New York county?assistant

I do not have information on a politician named Lyman Sherwood.","ician Lyman Sherwood was born in what New York county?,assistant

I am unable to verify the New York county where Lyman Sherwood was born.",37.030468338190616,0.932767689228058,0.9814453125,-0.53125,0.0537109375,0,-62.96953166180943,-0.03175383806228638,-0.06723231077194203,-0.01953125,0
L3.1-8B,13,global,1,hotpot_qa,Robert Earl Holding owned an oil company that was originally founded by who?,Robert Earl Holding owned .an oil company that was originally founded by who?,0.9697471857070924,"Holding owned an oil company that was originally founded by who?assistant

I am unable to verify who founded the oil company owned by Robert Earl Holding.","owned.an oil company that was originally founded by who?assistant

I am unable to verify who founded the oil company owned by Robert Earl Holding.",93.56154226309104,0.973849594593048,0.9931640625,-1.9375,0.0390625,0,-6.438457736909001,-0.030252814292907604,-0.026150405406952015,-0.0078125,0
L3.1-8B,14,global,1,hotpot_qa,"The chorus of ""On the Radio"" contains references to the song ""November Rain"" whose band's lead singer is?","The chorus of :""On the Radio"" contains references to the song ""November Rain"" whose band's lead singer is?",0.9778270721435548,"is?assistant

The song ""On the Radio"" is by Weird Al Yankovic, and the chorus contains a reference to the song ""November Rain"" by Guns N' Roses. The lead singer of Guns N' Roses is Axl Rose.","singer is?assistant

The song ""On the Radio"" is by Weird Al Yankovic, and the chorus contains a reference to the song ""November Rain"" by Guns N' Roses. The lead singer of Guns N' Roses is Axl Rose.",97.7513726709712,0.9819795489311218,0.99609375,1.1875,0.0068359375,0,-2.2486273290288494,-0.022173047065734752,-0.018020451068878174,-0.0029296875,0
L3.1-8B,15,global,1,hotpot_qa,"If the Charhki  Dadri crash was less dangerous than the Tenerife airport disaster, which occured firat?","If the ;Charhki  Dadri crash was less dangerous than the Tenerife airport disaster, which occured firat?",0.983872413635254,"?assistant

I couldn't find any information on the ""Charhki Dadri crash."" However, I found information on the Charakhi or Charakhi Dadri crash, which occurred on 14 July 1978. 

The Tenerife airport disaster occurred on 27 March 1977.","?assistant

I couldn't find any information on the ""Charhki Dadri crash."" However, I found information on the Tenerife airport disaster, which occurred on March 27, 1977. 

The Tenerife airport disaster was a major aviation accident that occurred on the island of Tenerife in the Canary Islands, Spain. Two Boeing 747s collided on a runway, resulting in 583 fatalities, making it the deadliest accident in aviation history.

If you are looking for information on",33.08283571002153,0.9242448806762696,0.9833984375,-0.125,-0.0029296875,0,-66.91716428997852,-0.016127586364745983,-0.07575500011444081,-0.0166015625,0
L3.1-8B,0,global,3,hotpot_qa,What nationality was Oliver Reed's character in the film Royal Flash?,(What( 'nationality was Oliver Reed's .character in the film Royal Flash?,0.9289193153381348,"What nationality was Oliver Reed's character in the film Royal Flash?assistant

I am unable to verify the nationality of Oliver Reed's character in the film Royal Flash.","was Oliver Reed's.character in the film Royal Flash?assistant

I am unable to verify Oliver Reed's character's nationality in the film Royal Flash.",63.07849193308675,0.9465402960777284,0.953125,2.21875,0.0859375,0,-36.92150806691329,-0.07108068466186523,-0.05345958471298207,-0.0458984375,0
L3.1-8B,1,global,3,hotpot_qa,Pacific Mozart Ensemble performed which German composer's Der Lindberghflug in 2002?,Pacific Mozart Ensemble performed which :]German composer's Der Lindberghflug in 2002?],0.9516914486885072,"flug in 2002?assistant

I am unable to verify the German composer of Der Lindberghflug.","Lindberghflug in 2002?]assistant

I am unable to verify the German composer of ""Der Lindberghflug"" performed by the Pacific Mozart Ensemble in 2002.",39.60970942970262,0.9344455599784852,0.8876953125,3.6875,0.1298828125,0,-60.390290570297424,-0.048308491706848034,-0.06555438041687,-0.11181640625,0
L3.1-8B,2,global,3,hotpot_qa,"Who released the song ""With or Without You"" first, Jai McDowall or U2?","Who released the song ""With or .;Without .You"" first, Jai McDowall or U2?",0.9597827792167664,"all or U2?assistant

The song ""With or Without You"" was released by the Irish rock band U2 in 1987. It was a single from their album ""The Joshua Tree.""","owall or U2?assistant

I couldn't find any information on a song called ""With or.;Without.You"" by U2. However, I found that Jai McDowall, a Scottish singer, released a song called ""With or Without You"" in 2011.",15.907005514553244,0.8888880014419556,0.81201171875,4.0625,0.09130859375,0,-84.0929944854468,-0.04021722078323364,-0.11111199855804443,-0.1875,0
L3.1-8B,3,global,3,hotpot_qa,"What Kentucky county has a population of 60,316 and features the Lake Louisvilla neighborhood?","What Kentucky :county has a population )of 60,316 and features the Lake Louisvilla :neighborhood?",0.9435151815414428,"features the Lake Louisvilla neighborhood?assistant

I am unable to verify the county in Kentucky with a population of 60,316 that features the Lake Louisvilla neighborhood.","Lake Louisvilla :neighborhood?assistant

I am unable to verify the name of the Kentucky county with a population of 60,316 that features the Lake Louisvilla neighborhood.",69.44845613840566,0.949633002281189,0.97900390625,2.21875,0.126953125,0,-30.551543861594382,-0.056484758853912465,-0.050366997718811035,-0.02099609375,0
L3.1-8B,4,global,3,hotpot_qa,"Para Hills West, South Australia lies within a city with what estimated population?","Para Hills West, South Australia lies ]within !a city with what estimated population?]",0.9489410519599916,"South Australia lies within a city with what estimated population?assistant

I am unable to verify the population of Para Hills West, South Australia.","South Australia lies ]within!a city with what estimated population?]assistant

I'm not sure what city you are referring to.",28.3164180707325,0.9034389853477478,0.8876953125,-1.375,0.044921875,0,-71.68358192926755,-0.051058948040008434,-0.09656089544296265,-0.1123046875,0
L3.1-8B,5,global,3,hotpot_qa,"In what year was the narrator of ""Blackadder's Christmas Carol"" born?",")-In)- what year was the narrator of ""Blackadder's !Christmas Carol"" born?",0.9522685408592224,"of ""Blackadder's Christmas Carol"" born?assistant

I am unable to verify the birth year of the narrator of ""Blackadder's Christmas Carol"".","of ""Blackadder's!Christmas Carol"" born?assistant

I am unable to verify the birth year of the narrator of ""Blackadder's Christmas Carol"".",90.25139799587888,0.98701810836792,0.95654296875,1.375,0.1865234375,0,-9.748602004121167,-0.04773145914077759,-0.012982010841369518,-0.04345703125,0
L3.1-8B,6,global,3,hotpot_qa,"Thomas Fitch defended John Henry Holliday when he was accused of killing men during the gunfight at the o.k. corral, when was that?","Thomas Fitch ]defended John Henry Holliday when he was accused of killing ;men )during the gunfight at the o.k. corral, when was that?",0.9646841287612916,I am unable to verify the name of the person who defended John Henry Holliday.,"I couldn't find any information about a person named Thomas Fitch defending John Henry Holliday in the gunfight at the O.K. Corral. However, I can tell you that the gunfight at the O.K. Corral occurred on October 26, 1881, in Tombstone, Arizona. 

The gunfight involved lawmen Virgil Earp, Morgan Earp, Wyatt Earp, and Doc Holliday (not John Henry Holliday) against a group of outlaws",2.178895753106483,0.8712873458862305,0.97802734375,-0.8515625,-0.0439453125,0,-97.82110424689355,-0.035315871238708385,-0.12871265411376953,-0.02099609375,0
L3.1-8B,7,global,3,hotpot_qa,The actor that played Gutthi on Comedy nights with Kapil Show also starred in what 2016 Punjabi film directed by Smeep Kang?,The actor ]that played Gutthi on Comedy nights with Kapil Show also starred in what [2016 Punjabi .film directed by Smeep Kang?,0.9613786935806274,I am unable to verify the actor who played Gutthi on Comedy Nights with Kapil.,I'm not aware of the actor who played Gutthi on Comedy Nights with Kapil.,65.59826556429194,0.9740774035453796,0.97802734375,-1.0,-0.00341796875,0,-34.40173443570811,-0.03862130641937256,-0.02592259645462036,-0.021484375,0
L3.1-8B,8,global,3,hotpot_qa,"Victor Varnada directed Twisted Fortune, which starred which brother of Eddie Murphy?","Victor Varnada directed ]Twisted Fortune, (which starred which brother of Eddie Murphy?,",0.9515770673751832,"which starred which brother of Eddie Murphy?assistant

I am unable to verify the director of Twisted Fortune or the brother of Eddie Murphy that starred in it.",", (which starred which brother of Eddie Murphy?,assistant

I couldn't find any information on a film called ""Twisted Fortune"" directed by Victor Varnada.",27.028162234870383,0.904605507850647,0.93505859375,-0.375,0.0419921875,0,-72.97183776512966,-0.048422932624816784,-0.09539449214935303,-0.06494140625,0
L3.1-8B,9,global,3,hotpot_qa,"After his curacy at the village that is a suburb of Scunthorpe, who was Industrial Chaplain to the Bishop of Lincoln?","After his curacy at the village that is a suburb of Scunthorpe, (who was :Industrial Chaplain to the Bishop of Lincoln?!",0.9458715915679932,I am unable to verify who the Industrial Chaplain to the Bishop of Lincoln was after his curacy at the village that is a suburb of Scunthorpe.,"assistant

I am unable to verify who the Industrial Chaplain to the Bishop of Lincoln was.",46.30544135169225,0.91143536567688,0.86279296875,-2.62109375,0.075439453125,0,-53.69455864830779,-0.054128408432006836,-0.08856463432312,-0.13671875,0
L3.1-8B,10,global,3,hotpot_qa,What is the first two words of the fifth studio album of Joseph Edgar Foreman?,"What is ,the first two words of [the fifth studio :album of Joseph Edgar Foreman?",0.9458778500556946,"fifth studio album of Joseph Edgar Foreman?assistant

I am unable to verify the first two words of the fifth studio album of Joseph Edgar Foreman.","fifth studio :album of Joseph Edgar Foreman?assistant

I am unable to verify the name of the fifth studio album of Joseph Edgar Foreman.",77.65764772970556,0.9686826467514038,0.9609375,3.75,-0.033203125,0,-22.342352270294484,-0.05412203073501587,-0.03131747245788574,-0.0390625,0
L3.1-8B,11,global,3,hotpot_qa,The Twelfth United States Army Group commander was the first chairman of what?,The [Twelfth United States .Army Group commander was the first chairman of what?],0.9550864100456238,"States Army Group commander was the first chairman of what?assistant

The Twelfth United States Army Group (USAG) commander, General Omar Bradley, was the first chairman of the Joint Chiefs of Staff.","United States.Army Group commander was the first chairman of what?]assistant

The Twelfth United States Army Group (USAG) commander was Omar Bradley. Omar Bradley was the first chairman of the Joint Chiefs of Staff.",69.53175390558687,0.9513364434242249,0.96240234375,3.09375,0.21337890625,0,-30.468246094413175,-0.04491358995437622,-0.048663556575775146,-0.03759765625,0
L3.1-8B,12,global,3,hotpot_qa,Politician Lyman Sherwood was born in what New York county?,"Politician Lyman '(Sherwood was born in what New ,York county?",0.9433898329734802,"Lyman Sherwood was born in what New York county?assistant

I do not have information on a politician named Lyman Sherwood.","Lyman '(Sherwood was born in what New,York county?assistant

I couldn't find any information on a politician named Lyman Sherwood.",58.35260168180163,0.9607782363891602,0.82568359375,-1.59375,0.197265625,0,-41.64739831819841,-0.056610167026519775,-0.039221763610839844,-0.17529296875,0
L3.1-8B,13,global,3,hotpot_qa,Robert Earl Holding owned an oil company that was originally founded by who?,Robert ]Earl )Holding owned an oil company that was :originally founded by who?,0.9319679141044616,"Holding owned an oil company that was originally founded by who?assistant

I am unable to verify who founded the oil company owned by Robert Earl Holding.","company that was :originally founded by who?assistant

I couldn't find any information on a person named Robert Earl Holding owning an oil company.",32.764457703536955,0.9258798956871032,0.63427734375,5.84375,0.263671875,0,-67.23554229646308,-0.06803208589553844,-0.07412010431289684,-0.36669921875,0
L3.1-8B,14,global,3,hotpot_qa,"The chorus of ""On the Radio"" contains references to the song ""November Rain"" whose band's lead singer is?","The ,chorus ,of ""On )the Radio"" contains references to the song ""November Rain"" whose band's lead singer is?",0.951583743095398,"is?assistant

The song ""On the Radio"" is by Weird Al Yankovic, and the chorus contains a reference to the song ""November Rain"" by Guns N' Roses. The lead singer of Guns N' Roses is Axl Rose.","is?assistant

The song ""November Rain"" is by Guns N' Roses, and its lead singer is Axl Rose.",24.16749030603734,0.9467594027519226,0.98046875,2.125,-0.01318359375,0,-75.8325096939627,-0.0484163761138916,-0.05324059724807739,-0.0185546875,0
L3.1-8B,15,global,3,hotpot_qa,"If the Charhki  Dadri crash was less dangerous than the Tenerife airport disaster, which occured firat?","If the Charhki  (Dadri crash was less dangerous [than the Tenerife airport disaster, which occured ,firat?",0.9422770142555236,"?assistant

I couldn't find any information on the ""Charhki Dadri crash."" However, I found information on the Charakhi or Charakhi Dadri crash, which occurred on 14 July 1978. 

The Tenerife airport disaster occurred on 27 March 1977.","?assistant

I couldn't find any information on the ""Charhki Dadri crash."" However, I found information on the Dadri crash, which occurred on 14 July 1996.",59.2906503729422,0.95559823513031,0.9326171875,-4.875,0.1171875,0,-40.70934962705784,-0.05772298574447643,-0.0444016456604005,-0.0673828125,0
L3.1-8B,0,global,5,hotpot_qa,What nationality was Oliver Reed's character in the film Royal Flash?,What nationality ;was Oliver Reed's character in the !(film ]Royal Flash?.,0.9274141788482666,"What nationality was Oliver Reed's character in the film Royal Flash?assistant

I am unable to verify the nationality of Oliver Reed's character in the film Royal Flash.","What nationality ;was Oliver Reed's character in the!(film ]Royal Flash?.assistant

I am unable to verify the nationality of Oliver Reed's character in the film ""Royal Flash"".",58.55182244338484,0.9434896111488342,0.9638671875,2.15625,0.10595703125,0,-41.4481775566152,-0.0725858211517334,-0.05651026964187622,-0.03515625,0
L3.1-8B,1,global,5,hotpot_qa,Pacific Mozart Ensemble performed which German composer's Der Lindberghflug in 2002?,"Pacific Mozart Ensemble performed which German composer's Der Lindberghflug -)in ,2002?)'",0.942594826221466,"flug in 2002?assistant

I am unable to verify the German composer of Der Lindberghflug.","flug -)in,2002?)'assistant

I am unable to verify the Pacific Mozart Ensemble performing Der Lindberghflug in 2002.",26.44894679721535,0.9241864681243896,0.89794921875,-3.84375,0.14453125,0,-73.55105320278469,-0.05740511417388927,-0.07581347227096558,-0.1015625,0
L3.1-8B,2,global,5,hotpot_qa,"Who released the song ""With or Without You"" first, Jai McDowall or U2?","-Who- released ,,the song '""With :or Without You"" first, Jai McDowall or U2?",0.9337318539619446,"all or U2?assistant

The song ""With or Without You"" was released by the Irish rock band U2 in 1987. It was a single from their album ""The Joshua Tree.""","McDowall or U2?assistant

The song ""With or Without You"" was released by U2, not Jai McDowall. It was a single from their 1987 album ""The Joshua Tree"".",64.95485202415296,0.9382678270339966,0.9130859375,5.125,-0.00927734375,0,-35.04514797584709,-0.06626814603805542,-0.06173217296600342,-0.08642578125,0
L3.1-8B,3,global,5,hotpot_qa,"What Kentucky county has a population of 60,316 and features the Lake Louisvilla neighborhood?","What -Kentucky county has a population of 60,316 (,and features .the Lake Louisvilla neighborhood?;",0.9282606840133668,"features the Lake Louisvilla neighborhood?assistant

I am unable to verify the county in Kentucky with a population of 60,316 that features the Lake Louisvilla neighborhood.","the Lake Louisvilla neighborhood?;assistant

I am unable to verify the name of the Kentucky county with a population of 60,316 that features the Lake Louisvilla neighborhood.",68.80640060880958,0.9729477167129515,0.96533203125,3.3125,0.1953125,0,-31.19359939119046,-0.07173925638198841,-0.02705228328704845,-0.03466796875,0
L3.1-8B,4,global,5,hotpot_qa,"Para Hills West, South Australia lies within a city with what estimated population?","Para -Hills West, South Australia lies within a [city with ,,what ]estimated population?",0.9328595995903016,"South Australia lies within a city with what estimated population?assistant

I am unable to verify the population of Para Hills West, South Australia.","lies within a [city with,,what ]estimated population?assistant

I am unable to verify the city with an estimated population for Para Hills West, South Australia.",51.01693931708503,0.9447660446166992,0.89794921875,-0.4375,0.1044921875,0,-48.98306068291501,-0.06714040040969838,-0.05523383617401123,-0.10205078125,0
L3.1-8B,5,global,5,hotpot_qa,"In what year was the narrator of ""Blackadder's Christmas Carol"" born?","In what !year was ,the narrator -of ""Blackadder's ;Christmas [Carol"" born?",0.9151646494865416,"of ""Blackadder's Christmas Carol"" born?assistant

I am unable to verify the birth year of the narrator of ""Blackadder's Christmas Carol"".","""Blackadder's ;Christmas [Carol"" born?assistant

The narrator of ""Blackadder's Christmas Carol"" is Baldrick, but I believe you are referring to the narrator of the ""Blackadder's Christmas Carol"" episode, which is actually Baldrick's boss, Edmund Blackadder.",28.367305545967533,0.8791567087173462,0.716796875,0.21875,0.2275390625,0,-71.6326944540325,-0.08483535051345836,-0.12084341049194336,-0.283203125,0
L3.1-8B,6,global,5,hotpot_qa,"Thomas Fitch defended John Henry Holliday when he was accused of killing men during the gunfight at the o.k. corral, when was that?","Thomas ;Fitch defended John Henry 'Holliday when he was accused of killing ]men ;during 'the gunfight at the o.k. corral, when was that?",0.9433568120002748,I am unable to verify the name of the person who defended John Henry Holliday.,"I couldn't find any information about a person named Thomas Fitch defending John Henry Holliday. However, I can tell you that John Henry Holliday was indeed involved in the Gunfight at the O.K. Corral, which took place on October 26, 1881, in Tombstone, Arizona Territory. 

The Gunfight at the O.K. Corral was a famous shootout between lawmen and a group of outlaws, including Billy Clanton, Tom McLaury, and",3.286127255672626,0.865476131439209,0.91015625,-4.5078125,0.01953125,0,-96.71387274432742,-0.05664318799972523,-0.13452386856079102,-0.0888671875,0
L3.1-8B,7,global,5,hotpot_qa,The actor that played Gutthi on Comedy nights with Kapil Show also starred in what 2016 Punjabi film directed by Smeep Kang?,"The :actor that played Gutthi on Comedy :nights ,with Kapil Show also starred in what !2016 ;Punjabi film directed by Smeep Kang?",0.9485021829605104,I am unable to verify the actor who played Gutthi on Comedy Nights with Kapil.,The actor who played Gutthi on Comedy Nights with Kapil is Upasana Singh.,53.01288270677013,0.9414684176445008,0.96875,-3.2890625,0.103515625,0,-46.987117293229915,-0.051497817039489635,-0.05853158235549916,-0.03076171875,0
L3.1-8B,8,global,5,hotpot_qa,"Victor Varnada directed Twisted Fortune, which starred which brother of Eddie Murphy?","Victor Varnada directed ,Twisted (Fortune, which starred which ,.brother [of Eddie Murphy?",0.91325706243515,"which starred which brother of Eddie Murphy?assistant

I am unable to verify the director of Twisted Fortune or the brother of Eddie Murphy that starred in it.",",.brother [of Eddie Murphy?assistant

I am unable to verify the director of the movie Twisted Fortune.",43.01505439746597,0.922851264476776,0.8173828125,-2.78125,0.435546875,0,-56.984945602534076,-0.08674293756484996,-0.07714873552322399,-0.1826171875,0
L3.1-8B,9,global,5,hotpot_qa,"After his curacy at the village that is a suburb of Scunthorpe, who was Industrial Chaplain to the Bishop of Lincoln?","After his .]curacy -at the village that is a suburb of Scunthorpe, .who was Industrial Chaplain to the Bishop of !Lincoln?",0.9476456046104432,I am unable to verify who the Industrial Chaplain to the Bishop of Lincoln was after his curacy at the village that is a suburb of Scunthorpe.,"assistant

I'm not aware of any information about an Industrial Chaplain to the Bishop of Lincoln. However, I can suggest some possible sources where you may be able to find the information you're looking for.

The Bishop of Lincoln is a senior bishop in the Church of England, and the Diocese of Lincoln covers a large area in eastern England. It's possible that the Industrial Chaplain you're thinking of was a clergy member who served in this diocese.

If you have any more information about the Industrial",8.38020734230775,0.8479070663452148,0.9072265625,-9.12109375,0.115966796875,0,-91.61979265769229,-0.052354395389556774,-0.15209293365478516,-0.09228515625,0
L3.1-8B,10,global,5,hotpot_qa,What is the first two words of the fifth studio album of Joseph Edgar Foreman?,".What. is .,the first two words of the fifth studio album of Joseph Edgar Foreman?[[",0.9396854043006896,"fifth studio album of Joseph Edgar Foreman?assistant

I am unable to verify the first two words of the fifth studio album of Joseph Edgar Foreman.","of the fifth studio album of Joseph Edgar Foreman?[[assistant

I am unable to verify the first two words of the fifth studio album of Joseph Edgar Foreman.",81.69276475307029,0.9702178239822388,0.88671875,-0.03125,0.169921875,0,-18.30723524692975,-0.06031447649002086,-0.02978229522705078,-0.11328125,0
L3.1-8B,11,global,5,hotpot_qa,The Twelfth United States Army Group commander was the first chairman of what?,-The- Twelfth .United States Army 'Group commander was !the first chairman of what?[,0.9199398159980774,"States Army Group commander was the first chairman of what?assistant

The Twelfth United States Army Group (USAG) commander, General Omar Bradley, was the first chairman of the Joint Chiefs of Staff.","States Army 'Group commander was!the first chairman of what?[assistant

I am unable to verify the first chairman of the Joint Chiefs of Staff.",37.81166481618685,0.8820011019706726,0.634765625,7.03125,0.23291015625,0,-62.188335183813194,-0.08006018400192261,-0.11799889802932739,-0.365234375,0
L3.1-8B,12,global,5,hotpot_qa,Politician Lyman Sherwood was born in what New York county?,"Politician Lyman Sherwood was ,!born 'in -what New York county?'",0.935918629169464,"Lyman Sherwood was born in what New York county?assistant

I do not have information on a politician named Lyman Sherwood.","Sherwood was,!born 'in -what New York county?'assistant

I couldn't find any information on a well-known politician named Lyman Sherwood.",31.208484537307275,0.9365540742874146,0.92919921875,-1.96875,0.134765625,0,-68.79151546269277,-0.064081370830536,-0.06344592571258545,-0.07177734375,0
L3.1-8B,13,global,5,hotpot_qa,Robert Earl Holding owned an oil company that was originally founded by who?,Robert Earl ]Holding owned an ;oil :.company that was originally founded by who?!,0.92719566822052,"Holding owned an oil company that was originally founded by who?assistant

I am unable to verify who founded the oil company owned by Robert Earl Holding.","olding owned an ;oil :.company that was originally founded by who?!assistant

I couldn't find any information on a person named Robert Earl Holding owning an oil company.",30.69467955975388,0.9233592748641968,0.66796875,4.625,0.291015625,0,-69.30532044024616,-0.07280433177947998,-0.07664072513580322,-0.3330078125,0
L3.1-8B,14,global,5,hotpot_qa,"The chorus of ""On the Radio"" contains references to the song ""November Rain"" whose band's lead singer is?","The !chorus of .""On the Radio"" contains references to the song ""November ]Rain"" whose band's !lead singer ,is?",0.9384865760803224,"is?assistant

The song ""On the Radio"" is by Weird Al Yankovic, and the chorus contains a reference to the song ""November Rain"" by Guns N' Roses. The lead singer of Guns N' Roses is Axl Rose.",",is?assistant

The song ""On the Radio"" is by Donna Summer, and it contains a reference to the song ""November Rain"" by Guns N' Roses. The lead singer of Guns N' Roses is Axl Rose.",81.96222768535058,0.9754756093025208,0.7626953125,0.03125,0.02978515625,0,-18.03777231464946,-0.061513543128967174,-0.024524390697479248,-0.236328125,0
L3.1-8B,15,global,5,hotpot_qa,"If the Charhki  Dadri crash was less dangerous than the Tenerife airport disaster, which occured firat?","]If] the Charhki  Dadri crash was less dangerous than the .Tenerife :airport disaster, (which occured 'firat?",0.9210166335105896,"?assistant

I couldn't find any information on the ""Charhki Dadri crash."" However, I found information on the Charakhi or Charakhi Dadri crash, which occurred on 14 July 1978. 

The Tenerife airport disaster occurred on 27 March 1977.","?assistant

I couldn't find any information on the ""Charhki Dadri crash."" However, I found information on the Chartered  B707-436 G-OMAD crash, which occurred on 1 January 1978, at the Charkhi Dadri airfield in Haryana, India. 

The Tenerife airport disaster occurred on 27 March 1977.",61.9603577280721,0.941951334476471,0.92138671875,0.21875,0.115234375,0,-38.039642271927946,-0.0789833664894104,-0.0580485463142395,-0.07861328125,0
L3.1-8B,0,global,10,hotpot_qa,What nationality was Oliver Reed's character in the film Royal Flash?,"What nationality (was Oliver [Reed's ,character in the !film -[Royal 'Flash?!;[",0.8666072487831116,"What nationality was Oliver Reed's character in the film Royal Flash?assistant

I am unable to verify the nationality of Oliver Reed's character in the film Royal Flash.",",character in the!film -[Royal 'Flash?!;[assistant

I couldn't find any information on a film called ""Royal Flash."" However, I found that there is a film called ""The Adventures of Robin Hood"" (1990) where Oliver Reed played the role of Prince John, and another film called ""The Adventures of Robin Hood"" (1973) where Oliver Reed played the role of the Sheriff of Nottingham.",3.636697619687332,0.8706097602844238,0.85888671875,-3.4375,0.0947265625,0,-96.36330238031272,-0.13339275121688843,-0.12939012050628662,-0.14013671875,0
L3.1-8B,1,global,10,hotpot_qa,Pacific Mozart Ensemble performed which German composer's Der Lindberghflug in 2002?,"]Pacific] Mozart (Ensemble !..performed (which German composer's Der !Lindberghflug .,[in 2002?",0.901025652885437,"flug in 2002?assistant

I am unable to verify the German composer of Der Lindberghflug.",",[in 2002?assistant

I couldn't find any information about a German composer's work called ""Der Lindberghflug"" performed by Pacific Mozart Ensemble in 2002.",14.752569038049874,0.912690818309784,0.6806640625,-7.125,0.373046875,0,-85.24743096195017,-0.09897428750991821,-0.08730912208557118,-0.31884765625,0
L3.1-8B,2,global,10,hotpot_qa,"Who released the song ""With or Without You"" first, Jai McDowall or U2?","Who ;released ]the song [""With or -Without You"" first, '](Jai McDowall ;;or U2?]",0.9088416695594788,"all or U2?assistant

The song ""With or Without You"" was released by the Irish rock band U2 in 1987. It was a single from their album ""The Joshua Tree.""","Jai McDowall ;;or U2?]assistant

The song ""With or Without You"" was released by the Irish rock band U2. It was released in 1987 as the lead single from their album ""The Joshua Tree"".",60.212728631627584,0.9490185379981996,0.9501953125,2.875,0.02783203125,0,-39.78727136837246,-0.09115833044052124,-0.050981462001800426,-0.04931640625,0
L3.1-8B,3,global,10,hotpot_qa,"What Kentucky county has a population of 60,316 and features the Lake Louisvilla neighborhood?","What (Kentucky -(county has 'a population of .60,316 ;and features .the Lake ,Louisvilla ;neighborhood?,",0.886113166809082,"features the Lake Louisvilla neighborhood?assistant

I am unable to verify the county in Kentucky with a population of 60,316 that features the Lake Louisvilla neighborhood.","the Lake,Louisvilla ;neighborhood?,assistant

I couldn't find any information on a county in Kentucky with a population of 60,316 and a neighborhood called ""Lake Louisvilla."" However, I found a city in Kentucky called Louisville, which has a population of around 773,518 according to the 2020 United States Census.",15.870754973540956,0.899638831615448,0.80908203125,-3.0,0.2314453125,0,-84.12924502645909,-0.1138867735862732,-0.100361168384552,-0.19091796875,0
L3.1-8B,4,global,10,hotpot_qa,"Para Hills West, South Australia lies within a city with what estimated population?","Para Hills ![!West, South 'Australia ]lies within 'a city ,:with what .estimated (population?",0.893186628818512,"South Australia lies within a city with what estimated population?assistant

I am unable to verify the population of Para Hills West, South Australia.","within 'a city,:with what.estimated (population?assistant

I can't verify the population of Para Hills West, South Australia.",50.73195096022181,0.928806722164154,0.82958984375,-3.25,0.005859375,0,-49.268049039778234,-0.10681337118148804,-0.0711931586265564,-0.17041015625,0
L3.1-8B,5,global,10,hotpot_qa,"In what year was the narrator of ""Blackadder's Christmas Carol"" born?",").In). :what ]year was 'the !narrator of ][""Blackadder's Christmas Carol"" 'born?)",0.8786718249320984,"of ""Blackadder's Christmas Carol"" born?assistant

I am unable to verify the birth year of the narrator of ""Blackadder's Christmas Carol"".","][""Blackadder's Christmas Carol"" 'born?)assistant

I couldn't find any information on a person named ""the narrator of ['Blackadder's Christmas Carol'"". However, I believe you are referring to the narrator of the episode ""Blackadder's Christmas Carol"" from the British sitcom ""Blackadder"". 

The narrator of the episode ""Blackadder's Christmas Carol"" is Baldrick, played by Tony Robinson.",12.89863677885349,0.8907536864280701,0.67333984375,-7.5625,0.306640625,0,-87.10136322114656,-0.12132817506790161,-0.10924643278121948,-0.32666015625,0
L3.1-8B,6,global,10,hotpot_qa,"Thomas Fitch defended John Henry Holliday when he was accused of killing men during the gunfight at the o.k. corral, when was that?","]Thomas] -Fitch .defended John ;Henry Holliday .when !;he was accused of killing men during the gunfight at the o.k. corral, when was :that?['",0.9271833896636964,I am unable to verify the name of the person who defended John Henry Holliday.,"The gunfight at the O.K. Corral occurred on October 26, 1881. 

Virgil Earp, a lawman and brother of Wyatt Earp, was the one who defended John Henry ""Doc"" Holliday, along with Wyatt Earp and Morgan Earp, during the gunfight at the O.K. Corral.",4.7988265008865225,0.8639189600944519,0.84130859375,-10.953125,0.154296875,0,-95.20117349911352,-0.0728166103363036,-0.1360810399055481,-0.15771484375,0
L3.1-8B,7,global,10,hotpot_qa,The actor that played Gutthi on Comedy nights with Kapil Show also starred in what 2016 Punjabi film directed by Smeep Kang?,The ]actor [that :played Gutthi on Comedy nights with Kapil Show ;)also !starred in what 2016 Punjabi film ;directed [by Smeep :]Kang?,0.9223410487174988,I am unable to verify the actor who played Gutthi on Comedy Nights with Kapil.,The actor who played Gutthi on Comedy Nights with Kapil is Upasana Singh.,53.01288270677013,0.941468358039856,0.9169921875,-4.1484375,0.00537109375,0,-46.987117293229915,-0.07765895128250122,-0.05853164196014404,-0.08251953125,0
L3.1-8B,8,global,10,hotpot_qa,"Victor Varnada directed Twisted Fortune, which starred which brother of Eddie Murphy?","Victor [Varnada directed [Twisted .;Fortune, :which ]starred which brother ][of ]Eddie Murphy?:",0.8909766674041748,"which starred which brother of Eddie Murphy?assistant

I am unable to verify the director of Twisted Fortune or the brother of Eddie Murphy that starred in it.","brother ][of ]Eddie Murphy?:assistant

I couldn't find any information on a film called ""Twisted Fortune"" directed by Victor Varnada and starring a brother of Eddie Murphy.",12.367562469761808,0.8978831171989441,0.73681640625,-6.15625,0.2412109375,0,-87.63243753023824,-0.1090233325958252,-0.10211688280105591,-0.26318359375,0
L3.1-8B,9,global,10,hotpot_qa,"After his curacy at the village that is a suburb of Scunthorpe, who was Industrial Chaplain to the Bishop of Lincoln?","]After] his [curacy at ]the village that (is .a suburb of ]Scunthorpe, who was (Industrial [Chaplain to the Bishop (of Lincoln?.",0.8858152031898499,I am unable to verify who the Industrial Chaplain to the Bishop of Lincoln was after his curacy at the village that is a suburb of Scunthorpe.,"assistant

I'm not able to verify the information you provided.",1.9005479212256533,0.847115695476532,0.65673828125,-3.97265625,0.112060546875,0,-98.09945207877439,-0.11418479681015015,-0.15288430452346802,-0.3427734375,0
L3.1-8B,10,global,10,hotpot_qa,What is the first two words of the fifth studio album of Joseph Edgar Foreman?,-What- .:is [the first two [words of )the -fifth '.studio album ;of Joseph Edgar Foreman?,0.8925184011459351,"fifth studio album of Joseph Edgar Foreman?assistant

I am unable to verify the first two words of the fifth studio album of Joseph Edgar Foreman.","'.studio album ;of Joseph Edgar Foreman?assistant

I am unable to verify the first two words of the fifth studio album of Joseph Edgar Foreman.",84.8893699760223,0.9663792252540588,0.8525390625,7.90625,0.08203125,0,-15.110630023977748,-0.10748147964477539,-0.03362089395523071,-0.1474609375,0
L3.1-8B,11,global,10,hotpot_qa,The Twelfth United States Army Group commander was the first chairman of what?,"'The' Twelfth United [States Army )Group commander .;was !the :first chairman ,!(of what?",0.8917185664176941,"States Army Group commander was the first chairman of what?assistant

The Twelfth United States Army Group (USAG) commander, General Omar Bradley, was the first chairman of the Joint Chiefs of Staff.",";was!the :first chairman,!(of what?assistant

I couldn't find any information on a 'Twelfth United States Army Group' commander being the first chairman of anything.",17.60067918219291,0.8697634935379028,0.646484375,0.65625,0.3291015625,0,-82.39932081780714,-0.10828143358230591,-0.13023650646209717,-0.353515625,0
L3.1-8B,12,global,10,hotpot_qa,Politician Lyman Sherwood was born in what New York county?,"Politician (Lyman (Sherwood was born in ,';'what [.New ;York county?(",0.8902927041053772,"Lyman Sherwood was born in what New York county?assistant

I do not have information on a politician named Lyman Sherwood.","(Sherwood was born in,';'what [.New ;York county?(assistant

I couldn't find any information on a politician named Lyman Sherwood. However, I found information on a politician named Lyman Sherwood, who was a U.S. Representative from New York.",21.220170432402423,0.916817545890808,0.7099609375,-1.0,0.10546875,0,-78.77982956759762,-0.1097072958946228,-0.083182454109192,-0.291015625,0
L3.1-8B,13,global,10,hotpot_qa,Robert Earl Holding owned an oil company that was originally founded by who?,"Robert Earl Holding owned an -oil company [that -was :originally ,.founded ,;by ]]who?",0.8948341012001038,"Holding owned an oil company that was originally founded by who?assistant

I am unable to verify who founded the oil company owned by Robert Earl Holding.","was :originally,.founded,;by ]]who?assistant

I'm not aware of any information about an oil company owned by Robert Earl Holding.",31.407598571700063,0.8988637924194336,0.92041015625,4.03125,0.119140625,0,-68.59240142829998,-0.10516589879989624,-0.1011362075805664,-0.08056640625,0
L3.1-8B,14,global,10,hotpot_qa,"The chorus of ""On the Radio"" contains references to the song ""November Rain"" whose band's lead singer is?","The chorus of !-""On the :'Radio"" ,contains references to !the song .""November [Rain"" whose '(band's lead singer is?",0.9192761182785034,"is?assistant

The song ""On the Radio"" is by Weird Al Yankovic, and the chorus contains a reference to the song ""November Rain"" by Guns N' Roses. The lead singer of Guns N' Roses is Axl Rose.","'(band's lead singer is?assistant

The song ""On the Radio"" is by the band R.E.M. and the lead singer of R.E.M. is Michael Stipe.",29.952380300193123,0.8953112363815308,0.7119140625,0.90625,0.13330078125,0,-70.04761969980692,-0.08072400093078613,-0.10468876361846924,-0.287109375,0
L3.1-8B,15,global,10,hotpot_qa,"If the Charhki  Dadri crash was less dangerous than the Tenerife airport disaster, which occured firat?","If the Charhki  Dadri (crash was ,less -(,dangerous than ;the -Tenerife ']airport .disaster, which occured firat?",0.9321371912956238,"?assistant

I couldn't find any information on the ""Charhki Dadri crash."" However, I found information on the Charakhi or Charakhi Dadri crash, which occurred on 14 July 1978. 

The Tenerife airport disaster occurred on 27 March 1977.","?assistant

I couldn't find any information on the ""Charhki Dadri crash."" However, I can provide information on the Tenerife airport disaster, which is one of the deadliest accidents in aviation history.

The Tenerife airport disaster occurred on March 27, 1977, at Los Rodeos Airport (now known as Tenerife-North Airport) on the Spanish island of Tenerife in the Canary Islands. It was a collision between two Boeing 747 jumbo jets,",30.85321539700969,0.9113510847091676,0.86474609375,-0.0625,0.033203125,0,-69.14678460299035,-0.06786280870437622,-0.08864879608154286,-0.13525390625,0
L3.1-8B,0,global,20,hotpot_qa,What nationality was Oliver Reed's character in the film Royal Flash?,"':What': -.,nationality )was .Oliver [Reed's ));character :]in -]the (film 'Royal Flash?]:,",0.8350432515144348,"What nationality was Oliver Reed's character in the film Royal Flash?assistant

I am unable to verify the nationality of Oliver Reed's character in the film Royal Flash.","'s ));character :]in -]the (film 'Royal Flash?]:,assistant

I couldn't find any information on a film called ""Royal Flash."" However, I did find information on a film called ""The Adventures of Priscilla, Queen of the Desert: The Movie"" and another film called ""The Adventures of Priscilla, Queen of the Desert"" is not the film I am looking for, but I did find a film called ""The Adventures of Priscilla, Queen of the Desert"" is not the film I am looking for, but I did find a",2.431733247673348,0.8402259349822998,0.85400390625,-0.09375,-0.03759765625,0,-97.56826675232669,-0.16495674848556519,-0.15977394580841064,-0.14501953125,0
L3.1-8B,1,global,20,hotpot_qa,Pacific Mozart Ensemble performed which German composer's Der Lindberghflug in 2002?,"]-Pacific]- '!Mozart :Ensemble ;)performed which .:German (composer's ,),,Der :.Lindberghflug ;in 2002?--!",0.8627644777297974,"flug in 2002?assistant

I am unable to verify the German composer of Der Lindberghflug.","ug ;in 2002?--!assistant

The answer is ""Der Hölle Rache kocht in meinem Herzen"" is not the correct answer. The correct answer is ""Der Hölle Rache kocht in meinem Herzen"" is not the correct answer. 

The correct answer is ""Der Hölle Rache kocht in meinem Herzen"" is not the correct answer. 

The correct answer is ""Der Hölle Rache kocht in meinem Herzen"" is not the correct answer. 

The correct",1.948170536227697,0.8210222125053406,0.5810546875,-7.78125,0.5634765625,0,-98.05182946377235,-0.13723546266555786,-0.17897772789001465,-0.41845703125,0
L3.1-8B,2,global,20,hotpot_qa,"Who released the song ""With or Without You"" first, Jai McDowall or U2?",":Who: ,..['released ;the -,'song ""With or Without !)You"" .[first, )Jai )!McDowall ,![or U2?",0.8612636923789978,"all or U2?assistant

The song ""With or Without You"" was released by the Irish rock band U2 in 1987. It was a single from their album ""The Joshua Tree.""","owall,![or U2?assistant

The song ""With or Without You"" was released by U2.",33.28246668106045,0.9120463728904724,0.64990234375,13.28125,0.13427734375,0,-66.71753331893959,-0.1387363076210022,-0.08795362710952759,-0.349609375,0
L3.1-8B,3,global,20,hotpot_qa,"What Kentucky county has a population of 60,316 and features the Lake Louisvilla neighborhood?","(What( Kentucky !,county -has ,;'a ,][population 'of ':60,316 and .features !.the Lake Louisvilla .!neighborhood?;!",0.8607915639877319,"features the Lake Louisvilla neighborhood?assistant

I am unable to verify the county in Kentucky with a population of 60,316 that features the Lake Louisvilla neighborhood.",".the Lake Louisvilla.!neighborhood?;!assistant

I couldn't find any information on a county in Kentucky with a population of 60,316 and a neighborhood called Lake Louisvilla.",30.023685775352963,0.9186861515045166,0.8935546875,-2.9375,0.119140625,0,-69.97631422464708,-0.1392083764076233,-0.0813138484954834,-0.1064453125,0
L3.1-8B,4,global,20,hotpot_qa,"Para Hills West, South Australia lies within a city with what estimated population?","-'Para-' [:[['Hills (West, ,South !;:Australia lies within -a ]!city )with )what ]estimated :population?:",0.8421597480773926,"South Australia lies within a city with what estimated population?assistant

I am unable to verify the population of Para Hills West, South Australia.","within -a ]!city )with )what ]estimated :population?:assistant

It seems like you're asking about a city in Australia with a population. However, the information is incomplete. 

Based on the given information, I'm going to take a guess that you might be referring to a city in Australia that starts with 'Hills' and is located in Western or Southern Australia. 

One possible city that comes to mind is 'Hills' in the context of 'Hills District' in Sydney, New South Wales, Australia. However, the Hills District is not",1.6097429235622804,0.853373110294342,0.580078125,-6.46875,0.0244140625,0,-98.39025707643776,-0.15784025192260742,-0.1466267704963684,-0.419921875,0
L3.1-8B,5,global,20,hotpot_qa,"In what year was the narrator of ""Blackadder's Christmas Carol"" born?","!In! ,what ,year (was [)the !-,,narrator )[of '""Blackadder's );Christmas [Carol"" -![born?:",0.8369958996772766,"of ""Blackadder's Christmas Carol"" born?assistant

I am unable to verify the birth year of the narrator of ""Blackadder's Christmas Carol"".","of '""Blackadder's );Christmas [Carol"" -![born?:assistant

I'm not aware of any information about a ""Blackadder's Christmas Carol."" However, I do know that there is a TV episode called ""Blackadder's Christmas Carol"" from the British sitcom ""Blackadder."" 

The episode ""Blackadder's Christmas Carol"" is from the third series of the show, which is also known as ""Blackadder the Third."" The episode is a parody of Charles Dickens' ""A Christmas Carol."" 

The narrator of the episode is not explicitly stated, but the",8.027324719381346,0.8641433119773865,0.67724609375,-5.21875,0.142578125,0,-91.9726752806187,-0.1630041003227234,-0.13585680723190308,-0.32275390625,0
L3.1-8B,6,global,20,hotpot_qa,"Thomas Fitch defended John Henry Holliday when he was accused of killing men during the gunfight at the o.k. corral, when was that?",",:Thomas,: -Fitch 'defended John Henry Holliday when ;(he .-!was ,accused [of (killing men during .the gunfight at !:the o.k. ;]corral, when !was ;)that?",0.8857284188270569,I am unable to verify the name of the person who defended John Henry Holliday.,"I couldn't find any information about a person named Thomas Fitch defending John Henry Holliday. However, I can tell you that John Henry Holliday, also known as Doc Holliday, was a close friend of Wyatt Earp and was involved in the Gunfight at the O.K. Corral. 

It's possible that you are thinking of John Fitch, but I couldn't find any information about a person named John Fitch defending Doc Holliday.",3.4536063838093134,0.8809754252433777,0.744140625,-4.375,-0.12109375,0,-96.54639361619073,-0.11427158117294312,-0.11902457475662231,-0.2548828125,0
L3.1-8B,7,global,20,hotpot_qa,The actor that played Gutthi on Comedy nights with Kapil Show also starred in what 2016 Punjabi film directed by Smeep Kang?,The actor :that played Gutthi ;on ;Comedy '.nights with )!Kapil ];Show !also starred in 'what 2016 'Punjabi film directed (by ')Smeep ]'Kang?;([,0.8800195455551147,I am unable to verify the actor who played Gutthi on Comedy Nights with Kapil.,The actor who played Gutthi on Comedy Nights with Kapil is Upasana Singh.,53.01288270677013,0.9414682984352112,0.9111328125,-2.8515625,-0.05712890625,0,-46.987117293229915,-0.11998045444488525,-0.05853170156478882,-0.08837890625,0
L3.1-8B,8,global,20,hotpot_qa,"Victor Varnada directed Twisted Fortune, which starred which brother of Eddie Murphy?","-Victor- ])'Varnada .directed !Twisted ;Fortune, 'which [starred ..'which brother :of :],Eddie ].:Murphy?!",0.8482810258865356,"which starred which brother of Eddie Murphy?assistant

I am unable to verify the director of Twisted Fortune or the brother of Eddie Murphy that starred in it.",":of :],Eddie ].:Murphy?!assistant

The movie ""Twisted Fortune"" does not seem to be a well-known film. However, I found that there is a movie called ""Twisted"" (2004) directed by Philip Kaufman, which starred Samuel L. Jackson and Christina Ricci.",2.584686848506325,0.8552412986755371,0.5478515625,-8.71875,0.1767578125,0,-97.41531315149372,-0.15171897411346436,-0.1447587013244629,-0.4521484375,0
L3.1-8B,9,global,20,hotpot_qa,"After his curacy at the village that is a suburb of Scunthorpe, who was Industrial Chaplain to the Bishop of Lincoln?",".After. .his 'curacy (at ;:;the ,village that ],is a ;.suburb of Scunthorpe, [who was .(Industrial ('Chaplain :to (the Bishop )of Lincoln?",0.8666993379592896,I am unable to verify who the Industrial Chaplain to the Bishop of Lincoln was after his curacy at the village that is a suburb of Scunthorpe.,"assistant

I'm not sure I fully understand the question, but I'll try to provide an answer based on the information given.

It seems like there are some typos and unclear phrases in the question. However, I'll attempt to decipher it.

The question appears to be asking about a person who was a curate in a village that is a suburb of Scunthorpe, and who held the position of Industrial Chaplain to the Bishop of Lincoln.

Unfortunately, I couldn't find any information on",13.465237618575356,0.879643440246582,0.63037109375,-8.93359375,0.169189453125,0,-86.53476238142468,-0.13330066204071045,-0.12035655975341797,-0.369140625,0
L3.1-8B,10,global,20,hotpot_qa,What is the first two words of the fifth studio album of Joseph Edgar Foreman?,"-What- !is [)'[]the ;first ;,two words ]of ),the [];.fifth studio (]album of Joseph :Edgar Foreman?",0.8682908415794373,"fifth studio album of Joseph Edgar Foreman?assistant

I am unable to verify the first two words of the fifth studio album of Joseph Edgar Foreman.","studio (]album of Joseph :Edgar Foreman?assistant

I couldn't find any information on a person named Joseph Edgar Foreman. However, I found information on Joseph Edgar Foreman's son, Joseph Edgar Foreman's son is Joseph Edgar Foreman's son is Joseph Edgar Foreman's son is Joseph Edgar Foreman's son is Joseph Edgar Foreman's son is Joseph Edgar Foreman's son is Joseph Edgar Foreman's son is Joseph Edgar Foreman's son is Joseph Edgar Foreman's son is Joseph Edgar Foreman's son is Joseph Edgar",8.1353264628362,0.8526755571365356,0.70068359375,5.09375,0.203125,0,-91.86467353716384,-0.1317090392112732,-0.1473245620727539,-0.29931640625,0
L3.1-8B,11,global,20,hotpot_qa,The Twelfth United States Army Group commander was the first chairman of what?,".The. .Twelfth United '-States ,Army )[,Group [:;!commander )was )the )!first chairman ['of ;what?]",0.8349505662918091,"States Army Group commander was the first chairman of what?assistant

The Twelfth United States Army Group (USAG) commander, General Omar Bradley, was the first chairman of the Joint Chiefs of Staff.","[:;!commander )was )the )!first chairman ['of ;what?]assistant

I'm not aware of any information about the ""Twelfth United States Army Group"" or its commander being the first chairman of something. However, I do know that the ""Twelfth United States Army Group"" was a major formation of the United States Army during World War II.",12.33530832529276,0.8563860058784485,0.650390625,-2.6875,0.19091796875,0,-87.66469167470729,-0.16504943370819092,-0.1436139941215515,-0.349609375,0
L3.1-8B,12,global,20,hotpot_qa,Politician Lyman Sherwood was born in what New York county?,"[)Politician[) ;,Lyman []!.Sherwood ,)was .born 'in ').what ;New ;(York -county?]",0.8386544585227966,"Lyman Sherwood was born in what New York county?assistant

I do not have information on a politician named Lyman Sherwood.",")was.born 'in ').what ;New ;(York -county?]assistant

I couldn't find any information on a politician named Lyman Sherwood. However, I found information on Lyman Sherwood, a U.S. Representative from New York. 

Lyman Sherwood was born in 1790 in New York County, New York.",18.16377211678018,0.8940333724021912,0.56787109375,0.28125,0.1416015625,0,-81.83622788321986,-0.16134554147720337,-0.10596662759780884,-0.43310546875,0
L3.1-8B,13,global,20,hotpot_qa,Robert Earl Holding owned an oil company that was originally founded by who?,"]'Robert]' Earl (Holding owned ]'[]an !oil (-;]company ;:that )was originally (founded ,[by who?![",0.8357428908348083,"Holding owned an oil company that was originally founded by who?assistant

I am unable to verify who founded the oil company owned by Robert Earl Holding.","company ;:that )was originally (founded,[by who?![assistant

I couldn't find any information on a person named Robert Earl Holding who owned a company that was originally founded by someone else. However, I did find information on Robert B. Holding, who was the founder of Holiday Inn.",13.1805240321296,0.8876894116401672,0.57666015625,-4.28125,0.150390625,0,-86.81947596787045,-0.16425710916519165,-0.11231058835983276,-0.42431640625,0
L3.1-8B,14,global,20,hotpot_qa,"The chorus of ""On the Radio"" contains references to the song ""November Rain"" whose band's lead singer is?","The ;[])chorus ,of [""On [the Radio"" contains 'references !,to :!the )song ;""November ,,Rain"" whose band's !-lead :singer )is?",0.8491874933242798,"is?assistant

The song ""On the Radio"" is by Weird Al Yankovic, and the chorus contains a reference to the song ""November Rain"" by Guns N' Roses. The lead singer of Guns N' Roses is Axl Rose.","singer )is?assistant

The song ""November Rain"" is by the band Guns N' Roses, and its lead singer is Axl Rose.",25.543383748251912,0.935577154159546,0.70263671875,0.40625,0.11328125,0,-74.45661625174813,-0.15081262588500977,-0.06442284584045399,-0.29638671875,0
L3.1-8B,15,global,20,hotpot_qa,"If the Charhki  Dadri crash was less dangerous than the Tenerife airport disaster, which occured firat?","(If( -the ;Charhki  (Dadri ]crash ;was ''less !:dangerous (than ]the :Tenerife ))(airport )disaster, !which occured :firat?!",0.8681584596633911,"?assistant

I couldn't find any information on the ""Charhki Dadri crash."" However, I found information on the Charakhi or Charakhi Dadri crash, which occurred on 14 July 1978. 

The Tenerife airport disaster occurred on 27 March 1977.","?!assistant

The Tenerife airport disaster occurred first. It happened on March 27, 1977, at Los Rodeos Airport (now known as Tenerife-North Airport) in the Canary Islands, Spain. 

The crash occurred when two Boeing 747s collided on the runway, resulting in 583 deaths, making it the deadliest accident in aviation history. 

The crash was caused by a combination of factors, including language barriers, poor communication, and a lack of clear procedures for handling",6.20515045895588,0.8725778460502625,0.68505859375,-11.0625,0.2685546875,0,-93.79484954104416,-0.1318415403366089,-0.127422034740448,-0.31494140625,0
